2026.03.09 20:43:33 INFO  Started: Metals version 1.6.6 in folders 'C:\Users\neoat\repos\movie-service-bugfix' for client Visual Studio Code 1.110.1.[0m
2026.03.09 20:43:33 INFO  Memory monitor started[0m
2026.03.09 20:43:35 WARN  Using H2 2.4.240 which is newer than the version Flyway has been verified with. The latest verified version of H2 is 2.3.232.[0m
2026.03.09 20:43:43 INFO  running 'C:\Program Files\Eclipse Adoptium\jdk-21.0.3.9-hotspot\bin\java.exe -Dfile.encoding=UTF-8 -Dmaven.multiModuleProjectDirectory=C:\Users\neoat\repos\movie-service-bugfix -Dmaven.home=C:\Users\neoat\AppData\Local\Temp\metals14832318926246137207 -cp C:\Users\neoat\AppData\Local\Temp\metals14832318926246137207\maven-wrapper.jar org.apache.maven.wrapper.MavenWrapperMain generate-sources ch.epfl.scala:bloop-maven-plugin:2.0.3:bloopInstall -DdownloadSources=true'[0m
2026.03.09 20:43:55 INFO  [INFO] Scanning for projects...[0m
2026.03.09 20:43:55 INFO  Downloading from central: https://repo.maven.apache.org/maven2/ch/epfl/scala/bloop-maven-plugin/2.0.3/bloop-maven-plugin-2.0.3.pom[0m
2026.03.09 20:43:55 INFO  Progress (1): 1.1 kB[0m
2026.03.09 20:43:55 INFO  Progress (1): 2.5 kB[0m
2026.03.09 20:43:55 INFO  Progress (1): 5.6 kB[0m
2026.03.09 20:43:55 INFO  Progress (1): 8.0 kB[0m
2026.03.09 20:43:55 INFO                      [0m
2026.03.09 20:43:55 INFO  Downloaded from central: https://repo.maven.apache.org/maven2/ch/epfl/scala/bloop-maven-plugin/2.0.3/bloop-maven-plugin-2.0.3.pom (8.0 kB at 39 kB/s)[0m
2026.03.09 20:43:55 INFO  Downloading from central: https://repo.maven.apache.org/maven2/ch/epfl/scala/bloop-maven-plugin/2.0.3/bloop-maven-plugin-2.0.3.jar[0m
2026.03.09 20:43:55 INFO  Progress (1): 0.9/44 kB[0m
2026.03.09 20:43:55 INFO  Progress (1): 2.3/44 kB[0m
2026.03.09 20:43:55 INFO  Progress (1): 3.6/44 kB[0m
2026.03.09 20:43:55 INFO  Progress (1): 5.0/44 kB[0m
2026.03.09 20:43:55 INFO  Progress (1): 6.4/44 kB[0m
2026.03.09 20:43:55 INFO  Progress (1): 7.7/44 kB[0m
2026.03.09 20:43:55 INFO  Progress (1): 9.1/44 kB[0m
2026.03.09 20:43:55 INFO  Progress (1): 10/44 kB [0m
2026.03.09 20:43:55 INFO  Progress (1): 12/44 kB[0m
2026.03.09 20:43:55 INFO  Progress (1): 13/44 kB[0m
2026.03.09 20:43:55 INFO  Progress (1): 15/44 kB[0m
2026.03.09 20:43:55 INFO  Progress (1): 16/44 kB[0m
2026.03.09 20:43:55 INFO  Progress (1): 17/44 kB[0m
2026.03.09 20:43:55 INFO  Progress (1): 19/44 kB[0m
2026.03.09 20:43:55 INFO  Progress (1): 20/44 kB[0m
2026.03.09 20:43:55 INFO  Progress (1): 21/44 kB[0m
2026.03.09 20:43:55 INFO  Progress (1): 23/44 kB[0m
2026.03.09 20:43:55 INFO  Progress (1): 24/44 kB[0m
2026.03.09 20:43:55 INFO  Progress (1): 25/44 kB[0m
2026.03.09 20:43:55 INFO  Progress (1): 27/44 kB[0m
2026.03.09 20:43:55 INFO  Progress (1): 28/44 kB[0m
2026.03.09 20:43:55 INFO  Progress (1): 30/44 kB[0m
2026.03.09 20:43:55 INFO  Progress (1): 31/44 kB[0m
2026.03.09 20:43:55 INFO  Progress (1): 32/44 kB[0m
2026.03.09 20:43:55 INFO  Progress (1): 34/44 kB[0m
2026.03.09 20:43:55 INFO  Progress (1): 35/44 kB[0m
2026.03.09 20:43:55 INFO  Progress (1): 36/44 kB[0m
2026.03.09 20:43:55 INFO  Progress (1): 38/44 kB[0m
2026.03.09 20:43:55 INFO  Progress (1): 39/44 kB[0m
2026.03.09 20:43:55 INFO  Progress (1): 41/44 kB[0m
2026.03.09 20:43:55 INFO  Progress (1): 42/44 kB[0m
2026.03.09 20:43:55 INFO  Progress (1): 43/44 kB[0m
2026.03.09 20:43:55 INFO  Progress (1): 44 kB   [0m
2026.03.09 20:43:55 INFO                     [0m
2026.03.09 20:43:55 INFO  Downloaded from central: https://repo.maven.apache.org/maven2/ch/epfl/scala/bloop-maven-plugin/2.0.3/bloop-maven-plugin-2.0.3.jar (44 kB at 484 kB/s)[0m
2026.03.09 20:43:55 INFO  [INFO] [0m
2026.03.09 20:43:55 INFO  [INFO] ---------------------< com.example:movie-service >----------------------[0m
2026.03.09 20:43:55 INFO  [INFO] Building movie-service 0.0.1-SNAPSHOT[0m
2026.03.09 20:43:55 INFO  [INFO]   from pom.xml[0m
2026.03.09 20:43:55 INFO  [INFO] --------------------------------[ jar ]---------------------------------[0m
2026.03.09 20:43:57 INFO  no build target found for C:\Users\neoat\repos\movie-service-bugfix\src\main\java\com\example\movieservice\entities\Director.java. Using fallback presentation compiler.[0m
2026.03.09 20:43:58 INFO  [WARNING] 1 problem was encountered while building the effective model for org.javassist:javassist:jar:3.21.0-GA during dependency collection step for project (use -X to see details)[0m
2026.03.09 20:43:58 INFO  [INFO] [0m
2026.03.09 20:43:58 INFO  [INFO] --- bloop:2.0.3:bloopInstall (default-cli) @ movie-service ---[0m
2026.03.09 20:43:58 INFO  Downloading from central: https://repo.maven.apache.org/maven2/org/scala-lang/scala-library/2.13.8/scala-library-2.13.8.pom[0m
2026.03.09 20:43:58 INFO  Progress (1): 1.2 kB[0m
2026.03.09 20:43:58 INFO  Progress (1): 1.6 kB[0m
2026.03.09 20:43:58 INFO                      [0m
2026.03.09 20:43:58 INFO  Downloaded from central: https://repo.maven.apache.org/maven2/org/scala-lang/scala-library/2.13.8/scala-library-2.13.8.pom (1.6 kB at 20 kB/s)[0m
2026.03.09 20:43:58 INFO  Downloading from central: https://repo.maven.apache.org/maven2/ch/epfl/scala/bloop-config_2.13/2.3.3/bloop-config_2.13-2.3.3.pom[0m
2026.03.09 20:43:58 INFO  Progress (1): 1.4 kB[0m
2026.03.09 20:43:58 INFO  Progress (1): 2.3 kB[0m
2026.03.09 20:43:58 INFO                      [0m
2026.03.09 20:43:58 INFO  Downloaded from central: https://repo.maven.apache.org/maven2/ch/epfl/scala/bloop-config_2.13/2.3.3/bloop-config_2.13-2.3.3.pom (2.3 kB at 22 kB/s)[0m
2026.03.09 20:43:58 INFO  Downloading from central: https://repo.maven.apache.org/maven2/com/github/plokhotnyuk/jsoniter-scala/jsoniter-scala-core_2.13/2.13.5.2/jsoniter-scala-core_2.13-2.13.5.2.pom[0m
2026.03.09 20:43:58 INFO  Progress (1): 1.4 kB[0m
2026.03.09 20:43:58 INFO  Progress (1): 2.4 kB[0m
2026.03.09 20:43:58 INFO                      [0m
2026.03.09 20:43:58 INFO  Downloaded from central: https://repo.maven.apache.org/maven2/com/github/plokhotnyuk/jsoniter-scala/jsoniter-scala-core_2.13/2.13.5.2/jsoniter-scala-core_2.13-2.13.5.2.pom (2.4 kB at 29 kB/s)[0m
2026.03.09 20:43:58 INFO  Downloading from central: https://repo.maven.apache.org/maven2/com/lihaoyi/unroll-annotation_2.13/0.1.12/unroll-annotation_2.13-0.1.12.pom[0m
2026.03.09 20:43:58 INFO  Progress (1): 1.3 kB[0m
2026.03.09 20:43:58 INFO  Progress (1): 1.5 kB[0m
2026.03.09 20:43:58 INFO                      [0m
2026.03.09 20:43:58 INFO  Downloaded from central: https://repo.maven.apache.org/maven2/com/lihaoyi/unroll-annotation_2.13/0.1.12/unroll-annotation_2.13-0.1.12.pom (1.5 kB at 26 kB/s)[0m
2026.03.09 20:43:58 INFO  Downloading from central: https://repo.maven.apache.org/maven2/org/scala-lang/scala-library/2.13.12/scala-library-2.13.12.pom[0m
mars 09, 2026 8:43:59 PM org.eclipse.lsp4j.jsonrpc.RemoteEndpoint handleCancellation
AVERTISSEMENT: Unmatched cancel notification for request id 1
2026.03.09 20:43:59 INFO  no build target found for C:\Users\neoat\repos\movie-service-bugfix\src\main\java\com\example\movieservice\entities\Director.java. Using fallback presentation compiler.[0m
2026.03.09 20:43:58 INFO  Progress (1): 1.2 kB[0m
2026.03.09 20:43:58 INFO  Progress (1): 1.6 kB[0m
2026.03.09 20:43:58 INFO                      [0m
2026.03.09 20:43:58 INFO  Downloaded from central: https://repo.maven.apache.org/maven2/org/scala-lang/scala-library/2.13.12/scala-library-2.13.12.pom (1.6 kB at 9.9 kB/s)[0m
2026.03.09 20:43:58 INFO  Downloading from central: https://repo.maven.apache.org/maven2/org/scala-lang/scala-library/2.13.16/scala-library-2.13.16.pom[0m
2026.03.09 20:43:58 INFO  Progress (1): 1.1 kB[0m
2026.03.09 20:43:58 INFO  Progress (1): 1.6 kB[0m
2026.03.09 20:43:58 INFO                      [0m
2026.03.09 20:43:58 INFO  Downloaded from central: https://repo.maven.apache.org/maven2/org/scala-lang/scala-library/2.13.16/scala-library-2.13.16.pom (1.6 kB at 30 kB/s)[0m
2026.03.09 20:43:58 INFO  Downloading from central: https://repo.maven.apache.org/maven2/net/alchim31/maven/scala-maven-plugin/4.8.0/scala-maven-plugin-4.8.0.pom[0m
2026.03.09 20:43:58 INFO  Progress (1): 995 B[0m
2026.03.09 20:43:58 INFO  Progress (1): 3.5 kB[0m
2026.03.09 20:43:58 INFO  Progress (1): 5.9 kB[0m
2026.03.09 20:43:58 INFO  Progress (1): 11 kB [0m
2026.03.09 20:43:58 INFO  Progress (1): 14 kB[0m
2026.03.09 20:43:58 INFO  Progress (1): 17 kB[0m
2026.03.09 20:43:58 INFO  Progress (1): 21 kB[0m
2026.03.09 20:43:58 INFO  Progress (1): 24 kB[0m
2026.03.09 20:43:58 INFO  Progress (1): 26 kB[0m
2026.03.09 20:43:58 INFO                     [0m
2026.03.09 20:43:58 INFO  Downloaded from central: https://repo.maven.apache.org/maven2/net/alchim31/maven/scala-maven-plugin/4.8.0/scala-maven-plugin-4.8.0.pom (26 kB at 367 kB/s)[0m
2026.03.09 20:43:58 INFO  Downloading from central: https://repo.maven.apache.org/maven2/org/apache/maven/shared/maven-dependency-tree/3.2.1/maven-dependency-tree-3.2.1.pom[0m
2026.03.09 20:43:58 INFO  Progress (1): 786 B[0m
2026.03.09 20:43:58 INFO  Progress (1): 2.2 kB[0m
2026.03.09 20:43:58 INFO  Progress (1): 4.4 kB[0m
2026.03.09 20:43:58 INFO  Progress (1): 6.2 kB[0m
2026.03.09 20:43:58 INFO                      [0m
2026.03.09 20:43:58 INFO  Downloaded from central: https://repo.maven.apache.org/maven2/org/apache/maven/shared/maven-dependency-tree/3.2.1/maven-dependency-tree-3.2.1.pom (6.2 kB at 115 kB/s)[0m
2026.03.09 20:43:58 INFO  Downloading from central: https://repo.maven.apache.org/maven2/org/apache/maven/shared/maven-shared-components/37/maven-shared-components-37.pom[0m
2026.03.09 20:43:59 INFO  Progress (1): 781 B[0m
2026.03.09 20:43:59 INFO  Progress (1): 2.3 kB[0m
2026.03.09 20:43:59 INFO  Progress (1): 4.5 kB[0m
2026.03.09 20:43:59 INFO  Progress (1): 4.9 kB[0m
2026.03.09 20:43:59 INFO                      [0m
2026.03.09 20:43:59 INFO  Downloaded from central: https://repo.maven.apache.org/maven2/org/apache/maven/shared/maven-shared-components/37/maven-shared-components-37.pom (4.9 kB at 100 kB/s)[0m
2026.03.09 20:43:59 INFO  Downloading from central: https://repo.maven.apache.org/maven2/org/apache/maven/maven-parent/37/maven-parent-37.pom[0m
2026.03.09 20:43:59 INFO  Progress (1): 721 B[0m
2026.03.09 20:43:59 INFO  Progress (1): 1.9 kB[0m
2026.03.09 20:43:59 INFO  Progress (1): 5.4 kB[0m
2026.03.09 20:43:59 INFO  Progress (1): 9.5 kB[0m
2026.03.09 20:43:59 INFO  Progress (1): 14 kB [0m
2026.03.09 20:43:59 INFO  Progress (1): 19 kB[0m
2026.03.09 20:43:59 INFO  Progress (1): 23 kB[0m
2026.03.09 20:43:59 INFO  Progress (1): 25 kB[0m
2026.03.09 20:43:59 INFO  Progress (1): 27 kB[0m
2026.03.09 20:43:59 INFO  Progress (1): 28 kB[0m
2026.03.09 20:43:59 INFO  Progress (1): 31 kB[0m
2026.03.09 20:43:59 INFO  Progress (1): 35 kB[0m
2026.03.09 20:43:59 INFO  Progress (1): 38 kB[0m
2026.03.09 20:43:59 INFO  Progress (1): 41 kB[0m
2026.03.09 20:43:59 INFO  Progress (1): 46 kB[0m
2026.03.09 20:43:59 INFO                     [0m
2026.03.09 20:43:59 INFO  Downloaded from central: https://repo.maven.apache.org/maven2/org/apache/maven/maven-parent/37/maven-parent-37.pom (46 kB at 713 kB/s)[0m
2026.03.09 20:43:59 INFO  Downloading from central: https://repo.maven.apache.org/maven2/org/apache/apache/27/apache-27.pom[0m
2026.03.09 20:43:59 INFO  Progress (1): 745 B[0m
2026.03.09 20:43:59 INFO  Progress (1): 2.1 kB[0m
2026.03.09 20:43:59 INFO  Progress (1): 3.9 kB[0m
2026.03.09 20:43:59 INFO  Progress (1): 7.3 kB[0m
2026.03.09 20:43:59 INFO  Progress (1): 12 kB [0m
2026.03.09 20:43:59 INFO  Progress (1): 16 kB[0m
2026.03.09 20:43:59 INFO  Progress (1): 19 kB[0m
2026.03.09 20:43:59 INFO  Progress (1): 19 kB[0m
2026.03.09 20:43:59 INFO  Progress (1): 20 kB[0m
2026.03.09 20:43:59 INFO                     [0m
2026.03.09 20:43:59 INFO  Downloaded from central: https://repo.maven.apache.org/maven2/org/apache/apache/27/apache-27.pom (20 kB at 392 kB/s)[0m
2026.03.09 20:43:59 INFO  Downloading from central: https://repo.maven.apache.org/maven2/org/eclipse/aether/aether-util/1.0.0.v20140518/aether-util-1.0.0.v20140518.pom[0m
2026.03.09 20:43:59 INFO  Progress (1): 937 B[0m
2026.03.09 20:43:59 INFO  Progress (1): 2.2 kB[0m
2026.03.09 20:43:59 INFO                      [0m
2026.03.09 20:43:59 INFO  Downloaded from central: https://repo.maven.apache.org/maven2/org/eclipse/aether/aether-util/1.0.0.v20140518/aether-util-1.0.0.v20140518.pom (2.2 kB at 39 kB/s)[0m
2026.03.09 20:43:59 INFO  Downloading from central: https://repo.maven.apache.org/maven2/org/eclipse/aether/aether/1.0.0.v20140518/aether-1.0.0.v20140518.pom[0m
2026.03.09 20:43:59 INFO  Progress (1): 798 B[0m
2026.03.09 20:43:59 INFO  Progress (1): 3.2 kB[0m
2026.03.09 20:43:59 INFO  Progress (1): 5.1 kB[0m
2026.03.09 20:43:59 INFO  Progress (1): 9.1 kB[0m
2026.03.09 20:43:59 INFO  Progress (1): 12 kB [0m
2026.03.09 20:43:59 INFO  Progress (1): 17 kB[0m
2026.03.09 20:43:59 INFO  Progress (1): 20 kB[0m
2026.03.09 20:43:59 INFO  Progress (1): 21 kB[0m
2026.03.09 20:43:59 INFO  Progress (1): 24 kB[0m
2026.03.09 20:43:59 INFO  Progress (1): 29 kB[0m
2026.03.09 20:43:59 INFO  Progress (1): 30 kB[0m
2026.03.09 20:43:59 INFO                     [0m
2026.03.09 20:43:59 INFO  Downloaded from central: https://repo.maven.apache.org/maven2/org/eclipse/aether/aether/1.0.0.v20140518/aether-1.0.0.v20140518.pom (30 kB at 580 kB/s)[0m
2026.03.09 20:43:59 INFO  Downloading from central: https://repo.maven.apache.org/maven2/org/eclipse/aether/aether-api/1.0.0.v20140518/aether-api-1.0.0.v20140518.pom[0m
2026.03.09 20:43:59 INFO  Progress (1): 938 B[0m
2026.03.09 20:43:59 INFO  Progress (1): 1.9 kB[0m
2026.03.09 20:43:59 INFO                      [0m
2026.03.09 20:43:59 INFO  Downloaded from central: https://repo.maven.apache.org/maven2/org/eclipse/aether/aether-api/1.0.0.v20140518/aether-api-1.0.0.v20140518.pom (1.9 kB at 37 kB/s)[0m
2026.03.09 20:43:59 INFO  Downloading from central: https://repo.maven.apache.org/maven2/org/apache/maven/reporting/maven-reporting-api/3.1.1/maven-reporting-api-3.1.1.pom[0m
2026.03.09 20:43:59 INFO  Progress (1): 778 B[0m
2026.03.09 20:43:59 INFO  Progress (1): 2.2 kB[0m
2026.03.09 20:43:59 INFO  Progress (1): 3.8 kB[0m
2026.03.09 20:43:59 INFO                      [0m
2026.03.09 20:43:59 INFO  Downloaded from central: https://repo.maven.apache.org/maven2/org/apache/maven/reporting/maven-reporting-api/3.1.1/maven-reporting-api-3.1.1.pom (3.8 kB at 70 kB/s)[0m
2026.03.09 20:43:59 INFO  Downloading from central: https://repo.maven.apache.org/maven2/org/apache/maven/doxia/doxia-sink-api/1.11.1/doxia-sink-api-1.11.1.pom[0m
2026.03.09 20:43:59 INFO  Progress (1): 835 B[0m
2026.03.09 20:43:59 INFO  Progress (1): 1.6 kB[0m
2026.03.09 20:43:59 INFO                      [0m
2026.03.09 20:43:59 INFO  Downloaded from central: https://repo.maven.apache.org/maven2/org/apache/maven/doxia/doxia-sink-api/1.11.1/doxia-sink-api-1.11.1.pom (1.6 kB at 28 kB/s)[0m
2026.03.09 20:43:59 INFO  Downloading from central: https://repo.maven.apache.org/maven2/org/apache/maven/doxia/doxia/1.11.1/doxia-1.11.1.pom[0m
2026.03.09 20:43:59 INFO  Progress (1): 776 B[0m
2026.03.09 20:43:59 INFO  Progress (1): 2.3 kB[0m
2026.03.09 20:43:59 INFO  Progress (1): 4.2 kB[0m
2026.03.09 20:43:59 INFO  Progress (1): 8.6 kB[0m
2026.03.09 20:43:59 INFO  Progress (1): 12 kB [0m
2026.03.09 20:43:59 INFO  Progress (1): 16 kB[0m
2026.03.09 20:43:59 INFO  Progress (1): 18 kB[0m
2026.03.09 20:43:59 INFO                     [0m
2026.03.09 20:43:59 INFO  Downloaded from central: https://repo.maven.apache.org/maven2/org/apache/maven/doxia/doxia/1.11.1/doxia-1.11.1.pom (18 kB at 306 kB/s)[0m
2026.03.09 20:43:59 INFO  Downloading from central: https://repo.maven.apache.org/maven2/org/apache/maven/doxia/doxia-logging-api/1.11.1/doxia-logging-api-1.11.1.pom[0m
2026.03.09 20:43:59 INFO  Progress (1): 832 B[0m
2026.03.09 20:43:59 INFO  Progress (1): 1.6 kB[0m
2026.03.09 20:43:59 INFO                      [0m
2026.03.09 20:43:59 INFO  Downloaded from central: https://repo.maven.apache.org/maven2/org/apache/maven/doxia/doxia-logging-api/1.11.1/doxia-logging-api-1.11.1.pom (1.6 kB at 30 kB/s)[0m
2026.03.09 20:43:59 INFO  Downloading from central: https://repo.maven.apache.org/maven2/org/apache/maven/maven-archiver/3.6.0/maven-archiver-3.6.0.pom[0m
2026.03.09 20:43:59 INFO  Progress (1): 796 B[0m
2026.03.09 20:43:59 INFO  Progress (1): 2.2 kB[0m
2026.03.09 20:43:59 INFO  Progress (1): 3.9 kB[0m
2026.03.09 20:43:59 INFO                      [0m
2026.03.09 20:43:59 INFO  Downloaded from central: https://repo.maven.apache.org/maven2/org/apache/maven/maven-archiver/3.6.0/maven-archiver-3.6.0.pom (3.9 kB at 78 kB/s)[0m
2026.03.09 20:43:59 INFO  Downloading from central: https://repo.maven.apache.org/maven2/org/apache/maven/shared/maven-shared-components/36/maven-shared-components-36.pom[0m
2026.03.09 20:43:59 INFO  Progress (1): 781 B[0m
2026.03.09 20:43:59 INFO  Progress (1): 2.3 kB[0m
2026.03.09 20:43:59 INFO  Progress (1): 4.5 kB[0m
2026.03.09 20:43:59 INFO  Progress (1): 4.9 kB[0m
2026.03.09 20:43:59 INFO                      [0m
2026.03.09 20:43:59 INFO  Downloaded from central: https://repo.maven.apache.org/maven2/org/apache/maven/shared/maven-shared-components/36/maven-shared-components-36.pom (4.9 kB at 87 kB/s)[0m
2026.03.09 20:43:59 INFO  Downloading from central: https://repo.maven.apache.org/maven2/org/apache/maven/maven-parent/36/maven-parent-36.pom[0m
2026.03.09 20:43:59 INFO  Progress (1): 725 B[0m
2026.03.09 20:43:59 INFO  Progress (1): 1.9 kB[0m
2026.03.09 20:43:59 INFO  Progress (1): 5.4 kB[0m
2026.03.09 20:43:59 INFO  Progress (1): 9.7 kB[0m
2026.03.09 20:43:59 INFO  Progress (1): 14 kB [0m
2026.03.09 20:43:59 INFO  Progress (1): 19 kB[0m
2026.03.09 20:43:59 INFO  Progress (1): 23 kB[0m
2026.03.09 20:43:59 INFO  Progress (1): 25 kB[0m
2026.03.09 20:43:59 INFO  Progress (1): 27 kB[0m
2026.03.09 20:43:59 INFO  Progress (1): 28 kB[0m
2026.03.09 20:43:59 INFO  Progress (1): 31 kB[0m
2026.03.09 20:43:59 INFO  Progress (1): 35 kB[0m
2026.03.09 20:43:59 INFO  Progress (1): 38 kB[0m
2026.03.09 20:43:59 INFO  Progress (1): 41 kB[0m
2026.03.09 20:43:59 INFO  Progress (1): 45 kB[0m
2026.03.09 20:43:59 INFO                     [0m
2026.03.09 20:43:59 INFO  Downloaded from central: https://repo.maven.apache.org/maven2/org/apache/maven/maven-parent/36/maven-parent-36.pom (45 kB at 771 kB/s)[0m
2026.03.09 20:43:59 INFO  Downloading from central: https://repo.maven.apache.org/maven2/org/apache/apache/26/apache-26.pom[0m
2026.03.09 20:43:59 INFO  Progress (1): 744 B[0m
2026.03.09 20:43:59 INFO  Progress (1): 2.1 kB[0m
2026.03.09 20:43:59 INFO  Progress (1): 3.9 kB[0m
2026.03.09 20:43:59 INFO  Progress (1): 7.3 kB[0m
2026.03.09 20:43:59 INFO  Progress (1): 12 kB [0m
2026.03.09 20:43:59 INFO  Progress (1): 16 kB[0m
2026.03.09 20:43:59 INFO  Progress (1): 19 kB[0m
2026.03.09 20:43:59 INFO  Progress (1): 21 kB[0m
2026.03.09 20:43:59 INFO                     [0m
2026.03.09 20:43:59 INFO  Downloaded from central: https://repo.maven.apache.org/maven2/org/apache/apache/26/apache-26.pom (21 kB at 326 kB/s)[0m
2026.03.09 20:43:59 INFO  Downloading from central: https://repo.maven.apache.org/maven2/org/codehaus/plexus/plexus-io/3.4.0/plexus-io-3.4.0.pom[0m
2026.03.09 20:43:59 INFO  Progress (1): 1.2 kB[0m
2026.03.09 20:43:59 INFO  Progress (1): 3.8 kB[0m
2026.03.09 20:43:59 INFO  Progress (1): 6.0 kB[0m
2026.03.09 20:43:59 INFO                      [0m
2026.03.09 20:43:59 INFO  Downloaded from central: https://repo.maven.apache.org/maven2/org/codehaus/plexus/plexus-io/3.4.0/plexus-io-3.4.0.pom (6.0 kB at 86 kB/s)[0m
2026.03.09 20:44:00 INFO  Downloading from central: https://repo.maven.apache.org/maven2/org/codehaus/plexus/plexus-utils/3.4.2/plexus-utils-3.4.2.pom[0m
2026.03.09 20:44:00 INFO  Progress (1): 729 B[0m
2026.03.09 20:44:00 INFO  Progress (1): 2.3 kB[0m
2026.03.09 20:44:00 INFO  Progress (1): 4.7 kB[0m
2026.03.09 20:44:00 INFO  Progress (1): 8.2 kB[0m
2026.03.09 20:44:00 INFO                      [0m
2026.03.09 20:44:00 INFO  Downloaded from central: https://repo.maven.apache.org/maven2/org/codehaus/plexus/plexus-utils/3.4.2/plexus-utils-3.4.2.pom (8.2 kB at 121 kB/s)[0m
2026.03.09 20:44:00 INFO  Downloading from central: https://repo.maven.apache.org/maven2/org/codehaus/plexus/plexus/8/plexus-8.pom[0m
2026.03.09 20:44:00 INFO  Progress (1): 696 B[0m
2026.03.09 20:44:00 INFO  Progress (1): 2.7 kB[0m
2026.03.09 20:44:00 INFO  Progress (1): 6.4 kB[0m
2026.03.09 20:44:00 INFO  Progress (1): 9.2 kB[0m
2026.03.09 20:44:00 INFO  Progress (1): 11 kB [0m
2026.03.09 20:44:00 INFO  Progress (1): 15 kB[0m
2026.03.09 20:44:00 INFO  Progress (1): 20 kB[0m
2026.03.09 20:44:00 INFO  Progress (1): 24 kB[0m
2026.03.09 20:44:00 INFO  Progress (1): 25 kB[0m
2026.03.09 20:44:00 INFO                     [0m
2026.03.09 20:44:00 INFO  Downloaded from central: https://repo.maven.apache.org/maven2/org/codehaus/plexus/plexus/8/plexus-8.pom (25 kB at 240 kB/s)[0m
2026.03.09 20:44:00 INFO  Downloading from central: https://repo.maven.apache.org/maven2/org/codehaus/plexus/plexus-archiver/4.4.0/plexus-archiver-4.4.0.pom[0m
2026.03.09 20:44:00 INFO  Progress (1): 1.2 kB[0m
2026.03.09 20:44:00 INFO  Progress (1): 4.0 kB[0m
2026.03.09 20:44:00 INFO  Progress (1): 6.2 kB[0m
2026.03.09 20:44:00 INFO  Progress (1): 6.3 kB[0m
2026.03.09 20:44:00 INFO                      [0m
2026.03.09 20:44:00 INFO  Downloaded from central: https://repo.maven.apache.org/maven2/org/codehaus/plexus/plexus-archiver/4.4.0/plexus-archiver-4.4.0.pom (6.3 kB at 99 kB/s)[0m
2026.03.09 20:44:00 INFO  Downloading from central: https://repo.maven.apache.org/maven2/org/apache/commons/commons-compress/1.21/commons-compress-1.21.pom[0m
2026.03.09 20:44:00 INFO  Progress (1): 753 B[0m
2026.03.09 20:44:00 INFO  Progress (1): 1.9 kB[0m
2026.03.09 20:44:00 INFO  Progress (1): 3.5 kB[0m
2026.03.09 20:44:00 INFO  Progress (1): 6.8 kB[0m
2026.03.09 20:44:00 INFO  Progress (1): 9.1 kB[0m
2026.03.09 20:44:00 INFO  Progress (1): 11 kB [0m
2026.03.09 20:44:00 INFO  Progress (1): 14 kB[0m
2026.03.09 20:44:00 INFO  Progress (1): 18 kB[0m
2026.03.09 20:44:00 INFO  Progress (1): 20 kB[0m
2026.03.09 20:44:00 INFO                     [0m
2026.03.09 20:44:00 INFO  Downloaded from central: https://repo.maven.apache.org/maven2/org/apache/commons/commons-compress/1.21/commons-compress-1.21.pom (20 kB at 281 kB/s)[0m
2026.03.09 20:44:00 INFO  Downloading from central: https://repo.maven.apache.org/maven2/org/tukaani/xz/1.9/xz-1.9.pom[0m
2026.03.09 20:44:00 INFO  Progress (1): 1.1 kB[0m
2026.03.09 20:44:00 INFO  Progress (1): 2.0 kB[0m
2026.03.09 20:44:00 INFO                      [0m
2026.03.09 20:44:00 INFO  Downloaded from central: https://repo.maven.apache.org/maven2/org/tukaani/xz/1.9/xz-1.9.pom (2.0 kB at 40 kB/s)[0m
2026.03.09 20:44:00 INFO  Downloading from central: https://repo.maven.apache.org/maven2/org/apache/commons/commons-exec/1.3/commons-exec-1.3.pom[0m
2026.03.09 20:44:00 INFO  Progress (1): 788 B[0m
2026.03.09 20:44:00 INFO  Progress (1): 2.3 kB[0m
2026.03.09 20:44:00 INFO  Progress (1): 5.3 kB[0m
2026.03.09 20:44:00 INFO  Progress (1): 7.8 kB[0m
2026.03.09 20:44:00 INFO  Progress (1): 10 kB [0m
2026.03.09 20:44:00 INFO  Progress (1): 11 kB[0m
2026.03.09 20:44:00 INFO                     [0m
2026.03.09 20:44:00 INFO  Downloaded from central: https://repo.maven.apache.org/maven2/org/apache/commons/commons-exec/1.3/commons-exec-1.3.pom (11 kB at 167 kB/s)[0m
2026.03.09 20:44:00 INFO  Downloading from central: https://repo.maven.apache.org/maven2/org/apache/commons/commons-parent/35/commons-parent-35.pom[0m
2026.03.09 20:44:00 INFO  Progress (1): 714 B[0m
2026.03.09 20:44:00 INFO  Progress (1): 2.0 kB[0m
2026.03.09 20:44:00 INFO  Progress (1): 3.3 kB[0m
2026.03.09 20:44:00 INFO  Progress (1): 4.8 kB[0m
2026.03.09 20:44:00 INFO  Progress (1): 8.2 kB[0m
2026.03.09 20:44:00 INFO  Progress (1): 11 kB [0m
2026.03.09 20:44:00 INFO  Progress (1): 15 kB[0m
2026.03.09 20:44:00 INFO  Progress (1): 18 kB[0m
2026.03.09 20:44:00 INFO  Progress (1): 21 kB[0m
2026.03.09 20:44:00 INFO  Progress (1): 24 kB[0m
2026.03.09 20:44:00 INFO  Progress (1): 26 kB[0m
2026.03.09 20:44:00 INFO  Progress (1): 30 kB[0m
2026.03.09 20:44:00 INFO  Progress (1): 32 kB[0m
2026.03.09 20:44:00 INFO  Progress (1): 36 kB[0m
2026.03.09 20:44:00 INFO  Progress (1): 41 kB[0m
2026.03.09 20:44:00 INFO  Progress (1): 42 kB[0m
2026.03.09 20:44:00 INFO  Progress (1): 46 kB[0m
2026.03.09 20:44:00 INFO  Progress (1): 48 kB[0m
2026.03.09 20:44:00 INFO  Progress (1): 51 kB[0m
2026.03.09 20:44:00 INFO  Progress (1): 53 kB[0m
2026.03.09 20:44:00 INFO  Progress (1): 56 kB[0m
2026.03.09 20:44:00 INFO  Progress (1): 57 kB[0m
2026.03.09 20:44:00 INFO  Progress (1): 58 kB[0m
2026.03.09 20:44:00 INFO                     [0m
2026.03.09 20:44:00 INFO  Downloaded from central: https://repo.maven.apache.org/maven2/org/apache/commons/commons-parent/35/commons-parent-35.pom (58 kB at 903 kB/s)[0m
2026.03.09 20:44:00 INFO  Downloading from central: https://repo.maven.apache.org/maven2/org/codehaus/plexus/plexus-archiver/4.6.0/plexus-archiver-4.6.0.pom[0m
2026.03.09 20:44:00 INFO  Progress (1): 1.2 kB[0m
2026.03.09 20:44:00 INFO  Progress (1): 4.1 kB[0m
2026.03.09 20:44:00 INFO  Progress (1): 6.3 kB[0m
2026.03.09 20:44:00 INFO  Progress (1): 6.5 kB[0m
2026.03.09 20:44:00 INFO                      [0m
2026.03.09 20:44:00 INFO  Downloaded from central: https://repo.maven.apache.org/maven2/org/codehaus/plexus/plexus-archiver/4.6.0/plexus-archiver-4.6.0.pom (6.5 kB at 128 kB/s)[0m
2026.03.09 20:44:00 INFO  Downloading from central: https://repo.maven.apache.org/maven2/com/github/luben/zstd-jni/1.5.2-5/zstd-jni-1.5.2-5.pom[0m
2026.03.09 20:44:00 INFO  Progress (1): 1.1 kB[0m
2026.03.09 20:44:00 INFO  Progress (1): 1.9 kB[0m
2026.03.09 20:44:00 INFO                      [0m
2026.03.09 20:44:00 INFO  Downloaded from central: https://repo.maven.apache.org/maven2/com/github/luben/zstd-jni/1.5.2-5/zstd-jni-1.5.2-5.pom (1.9 kB at 38 kB/s)[0m
2026.03.09 20:44:00 INFO  Downloading from central: https://repo.maven.apache.org/maven2/org/codehaus/plexus/plexus-classworlds/2.7.0/plexus-classworlds-2.7.0.pom[0m
2026.03.09 20:44:00 INFO  Progress (1): 915 B[0m
2026.03.09 20:44:00 INFO  Progress (1): 2.5 kB[0m
2026.03.09 20:44:00 INFO  Progress (1): 5.7 kB[0m
2026.03.09 20:44:00 INFO  Progress (1): 7.6 kB[0m
2026.03.09 20:44:00 INFO                      [0m
2026.03.09 20:44:00 INFO  Downloaded from central: https://repo.maven.apache.org/maven2/org/codehaus/plexus/plexus-classworlds/2.7.0/plexus-classworlds-2.7.0.pom (7.6 kB at 144 kB/s)[0m
2026.03.09 20:44:00 INFO  Downloading from central: https://repo.maven.apache.org/maven2/org/scala-sbt/zinc_2.13/1.8.0/zinc_2.13-1.8.0.pom[0m
2026.03.09 20:44:00 INFO  Progress (1): 1.3 kB[0m
2026.03.09 20:44:00 INFO  Progress (1): 4.1 kB[0m
2026.03.09 20:44:00 INFO                      [0m
2026.03.09 20:44:00 INFO  Downloaded from central: https://repo.maven.apache.org/maven2/org/scala-sbt/zinc_2.13/1.8.0/zinc_2.13-1.8.0.pom (4.1 kB at 79 kB/s)[0m
2026.03.09 20:44:00 INFO  Downloading from central: https://repo.maven.apache.org/maven2/org/scala-sbt/zinc-core_2.13/1.8.0/zinc-core_2.13-1.8.0.pom[0m
2026.03.09 20:44:00 INFO  Progress (1): 1.3 kB[0m
2026.03.09 20:44:00 INFO  Progress (1): 5.3 kB[0m
2026.03.09 20:44:00 INFO                      [0m
2026.03.09 20:44:00 INFO  Downloaded from central: https://repo.maven.apache.org/maven2/org/scala-sbt/zinc-core_2.13/1.8.0/zinc-core_2.13-1.8.0.pom (5.3 kB at 108 kB/s)[0m
2026.03.09 20:44:00 INFO  Downloading from central: https://repo.maven.apache.org/maven2/org/scala-sbt/zinc-compile-core_2.13/1.8.0/zinc-compile-core_2.13-1.8.0.pom[0m
2026.03.09 20:44:00 INFO  Progress (1): 1.2 kB[0m
2026.03.09 20:44:00 INFO  Progress (1): 5.5 kB[0m
2026.03.09 20:44:00 INFO                      [0m
2026.03.09 20:44:00 INFO  Downloaded from central: https://repo.maven.apache.org/maven2/org/scala-sbt/zinc-compile-core_2.13/1.8.0/zinc-compile-core_2.13-1.8.0.pom (5.5 kB at 105 kB/s)[0m
2026.03.09 20:44:00 INFO  Downloading from central: https://repo.maven.apache.org/maven2/org/scala-sbt/compiler-interface/1.8.0/compiler-interface-1.8.0.pom[0m
2026.03.09 20:44:01 INFO  Progress (1): 1.3 kB[0m
2026.03.09 20:44:01 INFO  Progress (1): 3.0 kB[0m
2026.03.09 20:44:01 INFO                      [0m
2026.03.09 20:44:01 INFO  Downloaded from central: https://repo.maven.apache.org/maven2/org/scala-sbt/compiler-interface/1.8.0/compiler-interface-1.8.0.pom (3.0 kB at 57 kB/s)[0m
2026.03.09 20:44:01 INFO  Downloading from central: https://repo.maven.apache.org/maven2/org/scala-sbt/util-interface/1.8.0/util-interface-1.8.0.pom[0m
2026.03.09 20:44:01 INFO  Progress (1): 1.3 kB[0m
2026.03.09 20:44:01 INFO  Progress (1): 2.6 kB[0m
2026.03.09 20:44:01 INFO                      [0m
2026.03.09 20:44:01 INFO  Downloaded from central: https://repo.maven.apache.org/maven2/org/scala-sbt/util-interface/1.8.0/util-interface-1.8.0.pom (2.6 kB at 47 kB/s)[0m
2026.03.09 20:44:01 INFO  Downloading from central: https://repo.maven.apache.org/maven2/org/scala-sbt/zinc-classpath_2.13/1.8.0/zinc-classpath_2.13-1.8.0.pom[0m
2026.03.09 20:44:01 INFO  Progress (1): 1.3 kB[0m
2026.03.09 20:44:01 INFO  Progress (1): 3.9 kB[0m
2026.03.09 20:44:01 INFO                      [0m
2026.03.09 20:44:01 INFO  Downloaded from central: https://repo.maven.apache.org/maven2/org/scala-sbt/zinc-classpath_2.13/1.8.0/zinc-classpath_2.13-1.8.0.pom (3.9 kB at 80 kB/s)[0m
2026.03.09 20:44:01 INFO  Downloading from central: https://repo.maven.apache.org/maven2/org/scala-lang/scala-compiler/2.13.8/scala-compiler-2.13.8.pom[0m
2026.03.09 20:44:01 INFO  Progress (1): 1.2 kB[0m
2026.03.09 20:44:01 INFO  Progress (1): 2.3 kB[0m
2026.03.09 20:44:01 INFO                      [0m
2026.03.09 20:44:01 INFO  Downloaded from central: https://repo.maven.apache.org/maven2/org/scala-lang/scala-compiler/2.13.8/scala-compiler-2.13.8.pom (2.3 kB at 43 kB/s)[0m
2026.03.09 20:44:01 INFO  Downloading from central: https://repo.maven.apache.org/maven2/org/scala-lang/scala-reflect/2.13.8/scala-reflect-2.13.8.pom[0m
2026.03.09 20:44:01 INFO  Progress (1): 1.2 kB[0m
2026.03.09 20:44:01 INFO  Progress (1): 1.8 kB[0m
2026.03.09 20:44:01 INFO                      [0m
2026.03.09 20:44:01 INFO  Downloaded from central: https://repo.maven.apache.org/maven2/org/scala-lang/scala-reflect/2.13.8/scala-reflect-2.13.8.pom (1.8 kB at 36 kB/s)[0m
2026.03.09 20:44:01 INFO  Downloading from central: https://repo.maven.apache.org/maven2/net/java/dev/jna/jna/5.9.0/jna-5.9.0.pom[0m
2026.03.09 20:44:01 INFO  Progress (1): 1.4 kB[0m
2026.03.09 20:44:01 INFO  Progress (1): 2.0 kB[0m
2026.03.09 20:44:01 INFO                      [0m
2026.03.09 20:44:01 INFO  Downloaded from central: https://repo.maven.apache.org/maven2/net/java/dev/jna/jna/5.9.0/jna-5.9.0.pom (2.0 kB at 42 kB/s)[0m
2026.03.09 20:44:01 INFO  Downloading from central: https://repo.maven.apache.org/maven2/org/scala-sbt/io_2.13/1.8.0/io_2.13-1.8.0.pom[0m
2026.03.09 20:44:01 INFO  Progress (1): 1.4 kB[0m
2026.03.09 20:44:01 INFO  Progress (1): 3.3 kB[0m
2026.03.09 20:44:01 INFO                      [0m
2026.03.09 20:44:01 INFO  Downloaded from central: https://repo.maven.apache.org/maven2/org/scala-sbt/io_2.13/1.8.0/io_2.13-1.8.0.pom (3.3 kB at 60 kB/s)[0m
2026.03.09 20:44:01 INFO  Downloading from central: https://repo.maven.apache.org/maven2/com/swoval/file-tree-views/2.1.9/file-tree-views-2.1.9.pom[0m
2026.03.09 20:44:01 INFO  Progress (1): 1.4 kB[0m
2026.03.09 20:44:01 INFO  Progress (1): 1.7 kB[0m
2026.03.09 20:44:01 INFO                      [0m
2026.03.09 20:44:01 INFO  Downloaded from central: https://repo.maven.apache.org/maven2/com/swoval/file-tree-views/2.1.9/file-tree-views-2.1.9.pom (1.7 kB at 37 kB/s)[0m
2026.03.09 20:44:01 INFO  Downloading from central: https://repo.maven.apache.org/maven2/net/java/dev/jna/jna/5.12.0/jna-5.12.0.pom[0m
2026.03.09 20:44:01 INFO  Progress (1): 1.4 kB[0m
2026.03.09 20:44:01 INFO  Progress (1): 2.0 kB[0m
2026.03.09 20:44:01 INFO                      [0m
2026.03.09 20:44:01 INFO  Downloaded from central: https://repo.maven.apache.org/maven2/net/java/dev/jna/jna/5.12.0/jna-5.12.0.pom (2.0 kB at 46 kB/s)[0m
2026.03.09 20:44:01 INFO  Downloading from central: https://repo.maven.apache.org/maven2/net/java/dev/jna/jna-platform/5.12.0/jna-platform-5.12.0.pom[0m
2026.03.09 20:44:01 INFO  Progress (1): 1.3 kB[0m
2026.03.09 20:44:01 INFO  Progress (1): 2.3 kB[0m
2026.03.09 20:44:01 INFO                      [0m
2026.03.09 20:44:01 INFO  Downloaded from central: https://repo.maven.apache.org/maven2/net/java/dev/jna/jna-platform/5.12.0/jna-platform-5.12.0.pom (2.3 kB at 49 kB/s)[0m
2026.03.09 20:44:01 INFO  Downloading from central: https://repo.maven.apache.org/maven2/org/scala-sbt/zinc-apiinfo_2.13/1.8.0/zinc-apiinfo_2.13-1.8.0.pom[0m
2026.03.09 20:44:01 INFO  Progress (1): 1.3 kB[0m
2026.03.09 20:44:01 INFO  Progress (1): 3.8 kB[0m
2026.03.09 20:44:01 INFO                      [0m
2026.03.09 20:44:01 INFO  Downloaded from central: https://repo.maven.apache.org/maven2/org/scala-sbt/zinc-apiinfo_2.13/1.8.0/zinc-apiinfo_2.13-1.8.0.pom (3.8 kB at 66 kB/s)[0m
2026.03.09 20:44:01 INFO  Downloading from central: https://repo.maven.apache.org/maven2/org/scala-sbt/compiler-bridge_2.13/1.8.0/compiler-bridge_2.13-1.8.0.pom[0m
2026.03.09 20:44:01 INFO  Progress (1): 1.3 kB[0m
2026.03.09 20:44:01 INFO  Progress (1): 2.8 kB[0m
2026.03.09 20:44:01 INFO                      [0m
2026.03.09 20:44:01 INFO  Downloaded from central: https://repo.maven.apache.org/maven2/org/scala-sbt/compiler-bridge_2.13/1.8.0/compiler-bridge_2.13-1.8.0.pom (2.8 kB at 62 kB/s)[0m
2026.03.09 20:44:01 INFO  Downloading from central: https://repo.maven.apache.org/maven2/org/scala-sbt/zinc-classfile_2.13/1.8.0/zinc-classfile_2.13-1.8.0.pom[0m
2026.03.09 20:44:01 INFO  Progress (1): 1.3 kB[0m
2026.03.09 20:44:01 INFO  Progress (1): 4.0 kB[0m
2026.03.09 20:44:01 INFO                      [0m
2026.03.09 20:44:01 INFO  Downloaded from central: https://repo.maven.apache.org/maven2/org/scala-sbt/zinc-classfile_2.13/1.8.0/zinc-classfile_2.13-1.8.0.pom (4.0 kB at 76 kB/s)[0m
2026.03.09 20:44:01 INFO  Downloading from central: https://repo.maven.apache.org/maven2/org/scala-sbt/util-logging_2.13/1.8.0/util-logging_2.13-1.8.0.pom[0m
2026.03.09 20:44:01 INFO  Progress (1): 1.2 kB[0m
2026.03.09 20:44:01 INFO  Progress (1): 5.6 kB[0m
2026.03.09 20:44:01 INFO  Progress (1): 5.7 kB[0m
2026.03.09 20:44:01 INFO                      [0m
2026.03.09 20:44:01 INFO  Downloaded from central: https://repo.maven.apache.org/maven2/org/scala-sbt/util-logging_2.13/1.8.0/util-logging_2.13-1.8.0.pom (5.7 kB at 112 kB/s)[0m
2026.03.09 20:44:01 INFO  Downloading from central: https://repo.maven.apache.org/maven2/org/scala-sbt/collections_2.13/1.8.0/collections_2.13-1.8.0.pom[0m
2026.03.09 20:44:01 INFO  Progress (1): 1.3 kB[0m
2026.03.09 20:44:01 INFO  Progress (1): 4.4 kB[0m
2026.03.09 20:44:01 INFO                      [0m
2026.03.09 20:44:01 INFO  Downloaded from central: https://repo.maven.apache.org/maven2/org/scala-sbt/collections_2.13/1.8.0/collections_2.13-1.8.0.pom (4.4 kB at 81 kB/s)[0m
2026.03.09 20:44:01 INFO  Downloading from central: https://repo.maven.apache.org/maven2/org/scala-sbt/util-position_2.13/1.8.0/util-position_2.13-1.8.0.pom[0m
2026.03.09 20:44:01 INFO  Progress (1): 1.3 kB[0m
2026.03.09 20:44:01 INFO  Progress (1): 3.2 kB[0m
2026.03.09 20:44:01 INFO                      [0m
2026.03.09 20:44:01 INFO  Downloaded from central: https://repo.maven.apache.org/maven2/org/scala-sbt/util-position_2.13/1.8.0/util-position_2.13-1.8.0.pom (3.2 kB at 45 kB/s)[0m
2026.03.09 20:44:01 INFO  Downloading from central: https://repo.maven.apache.org/maven2/org/scala-lang/modules/scala-parallel-collections_2.13/0.2.0/scala-parallel-collections_2.13-0.2.0.pom[0m
2026.03.09 20:44:01 INFO  Progress (1): 1.4 kB[0m
2026.03.09 20:44:01 INFO  Progress (1): 1.8 kB[0m
2026.03.09 20:44:01 INFO                      [0m
2026.03.09 20:44:01 INFO  Downloaded from central: https://repo.maven.apache.org/maven2/org/scala-lang/modules/scala-parallel-collections_2.13/0.2.0/scala-parallel-collections_2.13-0.2.0.pom (1.8 kB at 24 kB/s)[0m
2026.03.09 20:44:01 INFO  Downloading from central: https://repo.maven.apache.org/maven2/org/scala-lang/scala-library/2.13.0/scala-library-2.13.0.pom[0m
2026.03.09 20:44:02 INFO  Progress (1): 1.2 kB[0m
2026.03.09 20:44:02 INFO  Progress (1): 1.6 kB[0m
2026.03.09 20:44:02 INFO                      [0m
2026.03.09 20:44:02 INFO  Downloaded from central: https://repo.maven.apache.org/maven2/org/scala-lang/scala-library/2.13.0/scala-library-2.13.0.pom (1.6 kB at 26 kB/s)[0m
2026.03.09 20:44:02 INFO  Downloading from central: https://repo.maven.apache.org/maven2/org/scala-sbt/core-macros_2.13/1.8.0/core-macros_2.13-1.8.0.pom[0m
2026.03.09 20:44:02 INFO  Progress (1): 1.3 kB[0m
2026.03.09 20:44:02 INFO  Progress (1): 3.1 kB[0m
2026.03.09 20:44:02 INFO                      [0m
2026.03.09 20:44:02 INFO  Downloaded from central: https://repo.maven.apache.org/maven2/org/scala-sbt/core-macros_2.13/1.8.0/core-macros_2.13-1.8.0.pom (3.1 kB at 61 kB/s)[0m
2026.03.09 20:44:02 INFO  Downloading from central: https://repo.maven.apache.org/maven2/org/jline/jline-terminal/3.19.0/jline-terminal-3.19.0.pom[0m
2026.03.09 20:44:02 INFO  Progress (1): 1.2 kB[0m
2026.03.09 20:44:02 INFO  Progress (1): 1.3 kB[0m
2026.03.09 20:44:02 INFO                      [0m
2026.03.09 20:44:02 INFO  Downloaded from central: https://repo.maven.apache.org/maven2/org/jline/jline-terminal/3.19.0/jline-terminal-3.19.0.pom (1.3 kB at 26 kB/s)[0m
2026.03.09 20:44:02 INFO  Downloading from central: https://repo.maven.apache.org/maven2/org/jline/jline-parent/3.19.0/jline-parent-3.19.0.pom[0m
2026.03.09 20:44:02 INFO  Progress (1): 930 B[0m
2026.03.09 20:44:02 INFO  Progress (1): 2.9 kB[0m
2026.03.09 20:44:02 INFO  Progress (1): 8.3 kB[0m
2026.03.09 20:44:02 INFO  Progress (1): 13 kB [0m
2026.03.09 20:44:02 INFO  Progress (1): 16 kB[0m
2026.03.09 20:44:02 INFO  Progress (1): 20 kB[0m
2026.03.09 20:44:02 INFO  Progress (1): 24 kB[0m
2026.03.09 20:44:02 INFO                     [0m
2026.03.09 20:44:02 INFO  Downloaded from central: https://repo.maven.apache.org/maven2/org/jline/jline-parent/3.19.0/jline-parent-3.19.0.pom (24 kB at 462 kB/s)[0m
2026.03.09 20:44:02 INFO  Downloading from central: https://repo.maven.apache.org/maven2/org/scala-lang/modules/scala-parser-combinators_2.13/1.1.2/scala-parser-combinators_2.13-1.1.2.pom[0m
2026.03.09 20:44:02 INFO  Progress (1): 1.4 kB[0m
2026.03.09 20:44:02 INFO  Progress (1): 2.2 kB[0m
2026.03.09 20:44:02 INFO                      [0m
2026.03.09 20:44:02 INFO  Downloaded from central: https://repo.maven.apache.org/maven2/org/scala-lang/modules/scala-parser-combinators_2.13/1.1.2/scala-parser-combinators_2.13-1.1.2.pom (2.2 kB at 45 kB/s)[0m
2026.03.09 20:44:02 INFO  Downloading from central: https://repo.maven.apache.org/maven2/net/openhft/zero-allocation-hashing/0.10.1/zero-allocation-hashing-0.10.1.pom[0m
2026.03.09 20:44:02 INFO  Progress (1): 786 B[0m
2026.03.09 20:44:02 INFO  Progress (1): 2.5 kB[0m
2026.03.09 20:44:02 INFO  Progress (1): 6.3 kB[0m
2026.03.09 20:44:02 INFO  Progress (1): 8.1 kB[0m
2026.03.09 20:44:02 INFO                      [0m
2026.03.09 20:44:02 INFO  Downloaded from central: https://repo.maven.apache.org/maven2/net/openhft/zero-allocation-hashing/0.10.1/zero-allocation-hashing-0.10.1.pom (8.1 kB at 165 kB/s)[0m
2026.03.09 20:44:02 INFO  Downloading from central: https://repo.maven.apache.org/maven2/net/openhft/root-parent-pom/1.1.13/root-parent-pom-1.1.13.pom[0m
2026.03.09 20:44:02 INFO  Progress (1): 788 B[0m
2026.03.09 20:44:02 INFO  Progress (1): 3.4 kB[0m
2026.03.09 20:44:02 INFO  Progress (1): 7.4 kB[0m
2026.03.09 20:44:02 INFO  Progress (1): 9.8 kB[0m
2026.03.09 20:44:02 INFO                      [0m
2026.03.09 20:44:02 INFO  Downloaded from central: https://repo.maven.apache.org/maven2/net/openhft/root-parent-pom/1.1.13/root-parent-pom-1.1.13.pom (9.8 kB at 208 kB/s)[0m
2026.03.09 20:44:02 INFO  Downloading from central: https://repo.maven.apache.org/maven2/org/scala-sbt/util-control_2.13/1.8.0/util-control_2.13-1.8.0.pom[0m
2026.03.09 20:44:02 INFO  Progress (1): 1.3 kB[0m
2026.03.09 20:44:02 INFO  Progress (1): 2.8 kB[0m
2026.03.09 20:44:02 INFO                      [0m
2026.03.09 20:44:02 INFO  Downloaded from central: https://repo.maven.apache.org/maven2/org/scala-sbt/util-control_2.13/1.8.0/util-control_2.13-1.8.0.pom (2.8 kB at 57 kB/s)[0m
2026.03.09 20:44:02 INFO  Downloading from central: https://repo.maven.apache.org/maven2/org/scala-sbt/zinc-persist-core-assembly/1.8.0/zinc-persist-core-assembly-1.8.0.pom[0m
2026.03.09 20:44:02 INFO  Progress (1): 1.3 kB[0m
2026.03.09 20:44:02 INFO  Progress (1): 2.4 kB[0m
2026.03.09 20:44:02 INFO                      [0m
2026.03.09 20:44:02 INFO  Downloaded from central: https://repo.maven.apache.org/maven2/org/scala-sbt/zinc-persist-core-assembly/1.8.0/zinc-persist-core-assembly-1.8.0.pom (2.4 kB at 40 kB/s)[0m
2026.03.09 20:44:02 INFO  Downloading from central: https://repo.maven.apache.org/maven2/org/scala-sbt/util-relation_2.13/1.8.0/util-relation_2.13-1.8.0.pom[0m
2026.03.09 20:44:02 INFO  Progress (1): 1.3 kB[0m
2026.03.09 20:44:02 INFO  Progress (1): 3.0 kB[0m
2026.03.09 20:44:02 INFO                      [0m
2026.03.09 20:44:02 INFO  Downloaded from central: https://repo.maven.apache.org/maven2/org/scala-sbt/util-relation_2.13/1.8.0/util-relation_2.13-1.8.0.pom (3.0 kB at 47 kB/s)[0m
2026.03.09 20:44:02 INFO  Downloading from central: https://repo.maven.apache.org/maven2/org/scala-sbt/zinc-persist_2.13/1.8.0/zinc-persist_2.13-1.8.0.pom[0m
2026.03.09 20:44:02 INFO  Progress (1): 1.3 kB[0m
2026.03.09 20:44:02 INFO  Progress (1): 4.3 kB[0m
2026.03.09 20:44:02 INFO                      [0m
2026.03.09 20:44:02 INFO  Downloaded from central: https://repo.maven.apache.org/maven2/org/scala-sbt/zinc-persist_2.13/1.8.0/zinc-persist_2.13-1.8.0.pom (4.3 kB at 49 kB/s)[0m
2026.03.09 20:44:02 INFO  Downloading from central: https://repo.maven.apache.org/maven2/org/scala-lang/scala-library/2.13.8/scala-library-2.13.8.jar[0m
2026.03.09 20:44:02 INFO  Progress (1): 0/6.0 MB[0m
2026.03.09 20:44:02 INFO  Progress (1): 0/6.0 MB[0m
2026.03.09 20:44:02 INFO  Progress (1): 0/6.0 MB[0m
2026.03.09 20:44:02 INFO  Progress (1): 0/6.0 MB[0m
2026.03.09 20:44:02 INFO  Progress (1): 0.1/6.0 MB[0m
2026.03.09 20:44:02 INFO  Progress (1): 0.1/6.0 MB[0m
2026.03.09 20:44:02 INFO  Progress (1): 0.1/6.0 MB[0m
2026.03.09 20:44:02 INFO  Progress (1): 0.1/6.0 MB[0m
2026.03.09 20:44:02 INFO  Progress (1): 0.1/6.0 MB[0m
2026.03.09 20:44:02 INFO  Progress (1): 0.1/6.0 MB[0m
2026.03.09 20:44:02 INFO  Progress (1): 0.1/6.0 MB[0m
2026.03.09 20:44:02 INFO  Progress (1): 0.2/6.0 MB[0m
2026.03.09 20:44:02 INFO  Progress (1): 0.2/6.0 MB[0m
2026.03.09 20:44:02 INFO  Progress (1): 0.2/6.0 MB[0m
2026.03.09 20:44:02 INFO  Progress (1): 0.2/6.0 MB[0m
2026.03.09 20:44:02 INFO  Progress (1): 0.2/6.0 MB[0m
2026.03.09 20:44:02 INFO  Progress (1): 0.2/6.0 MB[0m
2026.03.09 20:44:02 INFO  Progress (1): 0.3/6.0 MB[0m
2026.03.09 20:44:02 INFO  Progress (1): 0.3/6.0 MB[0m
2026.03.09 20:44:02 INFO  Progress (1): 0.3/6.0 MB[0m
2026.03.09 20:44:03 INFO  Progress (1): 0.3/6.0 MB[0m
2026.03.09 20:44:03 INFO  Progress (1): 0.3/6.0 MB[0m
2026.03.09 20:44:03 INFO  Progress (1): 0.3/6.0 MB[0m
2026.03.09 20:44:03 INFO  Progress (1): 0.4/6.0 MB[0m
2026.03.09 20:44:03 INFO  Progress (1): 0.4/6.0 MB[0m
2026.03.09 20:44:03 INFO  Progress (1): 0.4/6.0 MB[0m
2026.03.09 20:44:03 INFO  Progress (1): 0.4/6.0 MB[0m
2026.03.09 20:44:03 INFO  Progress (1): 0.4/6.0 MB[0m
2026.03.09 20:44:03 INFO  Progress (1): 0.4/6.0 MB[0m
2026.03.09 20:44:03 INFO  Progress (1): 0.5/6.0 MB[0m
2026.03.09 20:44:03 INFO  Progress (1): 0.5/6.0 MB[0m
2026.03.09 20:44:03 INFO  Progress (1): 0.5/6.0 MB[0m
2026.03.09 20:44:03 INFO  Progress (1): 0.5/6.0 MB[0m
2026.03.09 20:44:03 INFO  Progress (1): 0.5/6.0 MB[0m
2026.03.09 20:44:03 INFO  Progress (1): 0.5/6.0 MB[0m
2026.03.09 20:44:03 INFO  Progress (1): 0.5/6.0 MB[0m
2026.03.09 20:44:03 INFO  Progress (1): 0.6/6.0 MB[0m
2026.03.09 20:44:03 INFO  Progress (1): 0.6/6.0 MB[0m
2026.03.09 20:44:03 INFO  Progress (1): 0.6/6.0 MB[0m
2026.03.09 20:44:03 INFO  Progress (1): 0.6/6.0 MB[0m
2026.03.09 20:44:03 INFO  Progress (1): 0.6/6.0 MB[0m
2026.03.09 20:44:03 INFO  Progress (1): 0.6/6.0 MB[0m
2026.03.09 20:44:03 INFO  Progress (1): 0.7/6.0 MB[0m
2026.03.09 20:44:03 INFO  Progress (1): 0.7/6.0 MB[0m
2026.03.09 20:44:03 INFO  Progress (1): 0.7/6.0 MB[0m
2026.03.09 20:44:03 INFO  Progress (1): 0.7/6.0 MB[0m
2026.03.09 20:44:03 INFO  Progress (1): 0.7/6.0 MB[0m
2026.03.09 20:44:03 INFO  Progress (1): 0.7/6.0 MB[0m
2026.03.09 20:44:03 INFO  Progress (1): 0.8/6.0 MB[0m
2026.03.09 20:44:03 INFO  Progress (1): 0.8/6.0 MB[0m
2026.03.09 20:44:03 INFO  Progress (1): 0.8/6.0 MB[0m
2026.03.09 20:44:03 INFO  Progress (1): 0.8/6.0 MB[0m
2026.03.09 20:44:03 INFO  Progress (1): 0.8/6.0 MB[0m
2026.03.09 20:44:03 INFO  Progress (1): 0.8/6.0 MB[0m
2026.03.09 20:44:03 INFO  Progress (1): 0.9/6.0 MB[0m
2026.03.09 20:44:03 INFO  Progress (1): 0.9/6.0 MB[0m
2026.03.09 20:44:03 INFO  Progress (1): 0.9/6.0 MB[0m
2026.03.09 20:44:03 INFO  Progress (1): 0.9/6.0 MB[0m
2026.03.09 20:44:03 INFO  Progress (1): 0.9/6.0 MB[0m
2026.03.09 20:44:03 INFO  Progress (1): 0.9/6.0 MB[0m
2026.03.09 20:44:03 INFO  Progress (1): 1.0/6.0 MB[0m
2026.03.09 20:44:03 INFO  Progress (1): 1.0/6.0 MB[0m
2026.03.09 20:44:03 INFO  Progress (1): 1.0/6.0 MB[0m
2026.03.09 20:44:03 INFO  Progress (1): 1.0/6.0 MB[0m
2026.03.09 20:44:03 INFO  Progress (1): 1.0/6.0 MB[0m
2026.03.09 20:44:03 INFO  Progress (1): 1.0/6.0 MB[0m
2026.03.09 20:44:03 INFO  Progress (1): 1.1/6.0 MB[0m
2026.03.09 20:44:03 INFO  Progress (1): 1.1/6.0 MB[0m
2026.03.09 20:44:03 INFO  Progress (1): 1.1/6.0 MB[0m
2026.03.09 20:44:03 INFO  Progress (1): 1.1/6.0 MB[0m
2026.03.09 20:44:03 INFO  Progress (1): 1.1/6.0 MB[0m
2026.03.09 20:44:03 INFO  Progress (1): 1.1/6.0 MB[0m
2026.03.09 20:44:03 INFO  Progress (1): 1.2/6.0 MB[0m
2026.03.09 20:44:03 INFO  Progress (1): 1.2/6.0 MB[0m
2026.03.09 20:44:03 INFO  Progress (1): 1.2/6.0 MB[0m
2026.03.09 20:44:03 INFO  Progress (1): 1.2/6.0 MB[0m
2026.03.09 20:44:03 INFO  Progress (1): 1.2/6.0 MB[0m
2026.03.09 20:44:03 INFO  Progress (1): 1.2/6.0 MB[0m
2026.03.09 20:44:03 INFO  Progress (1): 1.3/6.0 MB[0m
2026.03.09 20:44:03 INFO  Progress (1): 1.3/6.0 MB[0m
2026.03.09 20:44:03 INFO  Progress (1): 1.3/6.0 MB[0m
2026.03.09 20:44:03 INFO  Progress (1): 1.3/6.0 MB[0m
2026.03.09 20:44:03 INFO  Progress (1): 1.3/6.0 MB[0m
2026.03.09 20:44:03 INFO  Progress (1): 1.3/6.0 MB[0m
2026.03.09 20:44:03 INFO  Progress (1): 1.4/6.0 MB[0m
2026.03.09 20:44:03 INFO  Progress (1): 1.4/6.0 MB[0m
2026.03.09 20:44:03 INFO  Progress (1): 1.4/6.0 MB[0m
2026.03.09 20:44:03 INFO  Progress (1): 1.4/6.0 MB[0m
2026.03.09 20:44:03 INFO  Progress (1): 1.4/6.0 MB[0m
2026.03.09 20:44:03 INFO  Progress (1): 1.4/6.0 MB[0m
2026.03.09 20:44:03 INFO  Progress (1): 1.4/6.0 MB[0m
2026.03.09 20:44:03 INFO  Progress (1): 1.5/6.0 MB[0m
2026.03.09 20:44:03 INFO  Progress (1): 1.5/6.0 MB[0m
2026.03.09 20:44:03 INFO  Progress (1): 1.5/6.0 MB[0m
2026.03.09 20:44:03 INFO  Progress (1): 1.5/6.0 MB[0m
2026.03.09 20:44:03 INFO  Progress (1): 1.5/6.0 MB[0m
2026.03.09 20:44:03 INFO  Progress (1): 1.5/6.0 MB[0m
2026.03.09 20:44:03 INFO  Progress (1): 1.6/6.0 MB[0m
2026.03.09 20:44:03 INFO  Progress (1): 1.6/6.0 MB[0m
2026.03.09 20:44:03 INFO  Progress (1): 1.6/6.0 MB[0m
2026.03.09 20:44:03 INFO  Progress (1): 1.6/6.0 MB[0m
2026.03.09 20:44:03 INFO  Progress (1): 1.6/6.0 MB[0m
2026.03.09 20:44:03 INFO  Progress (1): 1.6/6.0 MB[0m
2026.03.09 20:44:03 INFO  Progress (1): 1.7/6.0 MB[0m
2026.03.09 20:44:03 INFO  Progress (1): 1.7/6.0 MB[0m
2026.03.09 20:44:03 INFO  Progress (1): 1.7/6.0 MB[0m
2026.03.09 20:44:03 INFO  Progress (1): 1.7/6.0 MB[0m
2026.03.09 20:44:03 INFO  Progress (1): 1.7/6.0 MB[0m
2026.03.09 20:44:03 INFO  Progress (1): 1.7/6.0 MB[0m
2026.03.09 20:44:04 INFO  Progress (1): 1.8/6.0 MB[0m
2026.03.09 20:44:04 INFO  Progress (1): 1.8/6.0 MB[0m
2026.03.09 20:44:04 INFO  Progress (1): 1.8/6.0 MB[0m
2026.03.09 20:44:04 INFO  Progress (1): 1.8/6.0 MB[0m
2026.03.09 20:44:04 INFO  Progress (1): 1.8/6.0 MB[0m
2026.03.09 20:44:04 INFO  Progress (1): 1.8/6.0 MB[0m
2026.03.09 20:44:04 INFO  Progress (1): 1.9/6.0 MB[0m
2026.03.09 20:44:04 INFO  Progress (1): 1.9/6.0 MB[0m
2026.03.09 20:44:04 INFO  Progress (1): 1.9/6.0 MB[0m
2026.03.09 20:44:04 INFO  Progress (1): 1.9/6.0 MB[0m
2026.03.09 20:44:04 INFO  Progress (1): 1.9/6.0 MB[0m
2026.03.09 20:44:04 INFO  Progress (1): 1.9/6.0 MB[0m
2026.03.09 20:44:04 INFO  Progress (1): 2.0/6.0 MB[0m
2026.03.09 20:44:04 INFO  Progress (1): 2.0/6.0 MB[0m
2026.03.09 20:44:04 INFO  Progress (1): 2.0/6.0 MB[0m
2026.03.09 20:44:04 INFO  Progress (1): 2.0/6.0 MB[0m
2026.03.09 20:44:04 INFO  Progress (1): 2.0/6.0 MB[0m
2026.03.09 20:44:04 INFO  Progress (1): 2.0/6.0 MB[0m
2026.03.09 20:44:04 INFO  Progress (1): 2.1/6.0 MB[0m
2026.03.09 20:44:04 INFO  Progress (1): 2.1/6.0 MB[0m
2026.03.09 20:44:04 INFO  Progress (1): 2.1/6.0 MB[0m
2026.03.09 20:44:04 INFO  Progress (1): 2.1/6.0 MB[0m
2026.03.09 20:44:04 INFO  Progress (1): 2.1/6.0 MB[0m
2026.03.09 20:44:04 INFO  Progress (1): 2.1/6.0 MB[0m
2026.03.09 20:44:04 INFO  Progress (1): 2.2/6.0 MB[0m
2026.03.09 20:44:04 INFO  Progress (1): 2.2/6.0 MB[0m
2026.03.09 20:44:04 INFO  Progress (1): 2.2/6.0 MB[0m
2026.03.09 20:44:04 INFO  Progress (1): 2.2/6.0 MB[0m
2026.03.09 20:44:04 INFO  Progress (1): 2.2/6.0 MB[0m
2026.03.09 20:44:04 INFO  Progress (1): 2.2/6.0 MB[0m
2026.03.09 20:44:04 INFO  Progress (1): 2.3/6.0 MB[0m
2026.03.09 20:44:04 INFO  Progress (1): 2.3/6.0 MB[0m
2026.03.09 20:44:04 INFO  Progress (1): 2.3/6.0 MB[0m
2026.03.09 20:44:04 INFO  Progress (1): 2.3/6.0 MB[0m
2026.03.09 20:44:04 INFO  Progress (1): 2.3/6.0 MB[0m
2026.03.09 20:44:04 INFO  Progress (1): 2.3/6.0 MB[0m
2026.03.09 20:44:04 INFO  Progress (1): 2.4/6.0 MB[0m
2026.03.09 20:44:04 INFO  Progress (1): 2.4/6.0 MB[0m
2026.03.09 20:44:04 INFO  Progress (1): 2.4/6.0 MB[0m
2026.03.09 20:44:04 INFO  Progress (1): 2.4/6.0 MB[0m
2026.03.09 20:44:04 INFO  Progress (1): 2.4/6.0 MB[0m
2026.03.09 20:44:04 INFO  Progress (1): 2.4/6.0 MB[0m
2026.03.09 20:44:04 INFO  Progress (1): 2.4/6.0 MB[0m
2026.03.09 20:44:04 INFO  Progress (1): 2.5/6.0 MB[0m
2026.03.09 20:44:04 INFO  Progress (1): 2.5/6.0 MB[0m
2026.03.09 20:44:04 INFO  Progress (1): 2.5/6.0 MB[0m
2026.03.09 20:44:04 INFO  Progress (1): 2.5/6.0 MB[0m
2026.03.09 20:44:04 INFO  Progress (1): 2.5/6.0 MB[0m
2026.03.09 20:44:04 INFO  Progress (1): 2.5/6.0 MB[0m
2026.03.09 20:44:04 INFO  Progress (1): 2.6/6.0 MB[0m
2026.03.09 20:44:04 INFO  Progress (1): 2.6/6.0 MB[0m
2026.03.09 20:44:04 INFO  Progress (1): 2.6/6.0 MB[0m
2026.03.09 20:44:04 INFO  Progress (1): 2.6/6.0 MB[0m
2026.03.09 20:44:04 INFO  Progress (1): 2.6/6.0 MB[0m
2026.03.09 20:44:04 INFO  Progress (1): 2.6/6.0 MB[0m
2026.03.09 20:44:04 INFO  Progress (1): 2.7/6.0 MB[0m
2026.03.09 20:44:04 INFO  Progress (1): 2.7/6.0 MB[0m
2026.03.09 20:44:04 INFO  Progress (1): 2.7/6.0 MB[0m
2026.03.09 20:44:04 INFO  Progress (1): 2.7/6.0 MB[0m
2026.03.09 20:44:04 INFO  Progress (1): 2.7/6.0 MB[0m
2026.03.09 20:44:04 INFO  Progress (1): 2.7/6.0 MB[0m
2026.03.09 20:44:04 INFO  Progress (1): 2.8/6.0 MB[0m
2026.03.09 20:44:04 INFO  Progress (1): 2.8/6.0 MB[0m
2026.03.09 20:44:04 INFO  Progress (1): 2.8/6.0 MB[0m
2026.03.09 20:44:04 INFO  Progress (1): 2.8/6.0 MB[0m
2026.03.09 20:44:04 INFO  Progress (1): 2.8/6.0 MB[0m
2026.03.09 20:44:04 INFO  Progress (1): 2.8/6.0 MB[0m
2026.03.09 20:44:04 INFO  Progress (1): 2.9/6.0 MB[0m
2026.03.09 20:44:04 INFO  Progress (1): 2.9/6.0 MB[0m
2026.03.09 20:44:04 INFO  Progress (1): 2.9/6.0 MB[0m
2026.03.09 20:44:04 INFO  Progress (1): 2.9/6.0 MB[0m
2026.03.09 20:44:04 INFO  Progress (1): 2.9/6.0 MB[0m
2026.03.09 20:44:04 INFO  Progress (1): 2.9/6.0 MB[0m
2026.03.09 20:44:04 INFO  Progress (1): 3.0/6.0 MB[0m
2026.03.09 20:44:04 INFO  Progress (1): 3.0/6.0 MB[0m
2026.03.09 20:44:04 INFO  Progress (1): 3.0/6.0 MB[0m
2026.03.09 20:44:04 INFO  Progress (1): 3.0/6.0 MB[0m
2026.03.09 20:44:04 INFO  Progress (1): 3.0/6.0 MB[0m
2026.03.09 20:44:04 INFO  Progress (1): 3.0/6.0 MB[0m
2026.03.09 20:44:04 INFO  Progress (1): 3.1/6.0 MB[0m
2026.03.09 20:44:04 INFO  Progress (1): 3.1/6.0 MB[0m
2026.03.09 20:44:04 INFO  Progress (1): 3.1/6.0 MB[0m
2026.03.09 20:44:04 INFO  Progress (1): 3.1/6.0 MB[0m
2026.03.09 20:44:04 INFO  Progress (1): 3.1/6.0 MB[0m
2026.03.09 20:44:04 INFO  Progress (1): 3.1/6.0 MB[0m
2026.03.09 20:44:04 INFO  Progress (1): 3.2/6.0 MB[0m
2026.03.09 20:44:04 INFO  Progress (1): 3.2/6.0 MB[0m
2026.03.09 20:44:04 INFO  Progress (1): 3.2/6.0 MB[0m
2026.03.09 20:44:04 INFO  Progress (1): 3.2/6.0 MB[0m
2026.03.09 20:44:04 INFO  Progress (1): 3.2/6.0 MB[0m
2026.03.09 20:44:04 INFO  Progress (1): 3.2/6.0 MB[0m
2026.03.09 20:44:04 INFO  Progress (1): 3.3/6.0 MB[0m
2026.03.09 20:44:04 INFO  Progress (1): 3.3/6.0 MB[0m
2026.03.09 20:44:04 INFO  Progress (1): 3.3/6.0 MB[0m
2026.03.09 20:44:04 INFO  Progress (1): 3.3/6.0 MB[0m
2026.03.09 20:44:04 INFO  Progress (1): 3.3/6.0 MB[0m
2026.03.09 20:44:04 INFO  Progress (1): 3.3/6.0 MB[0m
2026.03.09 20:44:04 INFO  Progress (1): 3.4/6.0 MB[0m
2026.03.09 20:44:04 INFO  Progress (1): 3.4/6.0 MB[0m
2026.03.09 20:44:04 INFO  Progress (1): 3.4/6.0 MB[0m
2026.03.09 20:44:04 INFO  Progress (1): 3.4/6.0 MB[0m
2026.03.09 20:44:04 INFO  Progress (1): 3.4/6.0 MB[0m
2026.03.09 20:44:04 INFO  Progress (1): 3.4/6.0 MB[0m
2026.03.09 20:44:04 INFO  Progress (1): 3.4/6.0 MB[0m
2026.03.09 20:44:04 INFO  Progress (1): 3.5/6.0 MB[0m
2026.03.09 20:44:04 INFO  Progress (1): 3.5/6.0 MB[0m
2026.03.09 20:44:04 INFO  Progress (1): 3.5/6.0 MB[0m
2026.03.09 20:44:04 INFO  Progress (1): 3.5/6.0 MB[0m
2026.03.09 20:44:04 INFO  Progress (1): 3.5/6.0 MB[0m
2026.03.09 20:44:04 INFO  Progress (1): 3.5/6.0 MB[0m
2026.03.09 20:44:04 INFO  Progress (1): 3.6/6.0 MB[0m
2026.03.09 20:44:04 INFO  Progress (1): 3.6/6.0 MB[0m
2026.03.09 20:44:04 INFO  Progress (1): 3.6/6.0 MB[0m
2026.03.09 20:44:04 INFO  Progress (1): 3.6/6.0 MB[0m
2026.03.09 20:44:04 INFO  Progress (1): 3.6/6.0 MB[0m
2026.03.09 20:44:04 INFO  Progress (1): 3.6/6.0 MB[0m
2026.03.09 20:44:04 INFO  Progress (1): 3.7/6.0 MB[0m
2026.03.09 20:44:04 INFO  Progress (1): 3.7/6.0 MB[0m
2026.03.09 20:44:04 INFO  Progress (1): 3.7/6.0 MB[0m
2026.03.09 20:44:04 INFO  Progress (1): 3.7/6.0 MB[0m
2026.03.09 20:44:04 INFO  Progress (1): 3.7/6.0 MB[0m
2026.03.09 20:44:04 INFO  Progress (1): 3.7/6.0 MB[0m
2026.03.09 20:44:04 INFO  Progress (1): 3.8/6.0 MB[0m
2026.03.09 20:44:04 INFO  Progress (1): 3.8/6.0 MB[0m
2026.03.09 20:44:04 INFO  Progress (1): 3.8/6.0 MB[0m
2026.03.09 20:44:04 INFO  Progress (1): 3.8/6.0 MB[0m
2026.03.09 20:44:04 INFO  Progress (1): 3.8/6.0 MB[0m
2026.03.09 20:44:04 INFO  Progress (1): 3.8/6.0 MB[0m
2026.03.09 20:44:04 INFO  Progress (1): 3.8/6.0 MB[0m
2026.03.09 20:44:04 INFO  Progress (1): 3.9/6.0 MB[0m
2026.03.09 20:44:04 INFO  Progress (1): 3.9/6.0 MB[0m
2026.03.09 20:44:04 INFO  Progress (1): 3.9/6.0 MB[0m
2026.03.09 20:44:04 INFO  Progress (1): 3.9/6.0 MB[0m
2026.03.09 20:44:04 INFO  Progress (1): 3.9/6.0 MB[0m
2026.03.09 20:44:04 INFO  Progress (1): 3.9/6.0 MB[0m
2026.03.09 20:44:04 INFO  Progress (1): 4.0/6.0 MB[0m
2026.03.09 20:44:04 INFO  Progress (1): 4.0/6.0 MB[0m
2026.03.09 20:44:04 INFO  Progress (1): 4.0/6.0 MB[0m
2026.03.09 20:44:04 INFO  Progress (1): 4.0/6.0 MB[0m
2026.03.09 20:44:04 INFO  Progress (1): 4.0/6.0 MB[0m
2026.03.09 20:44:04 INFO  Progress (1): 4.0/6.0 MB[0m
2026.03.09 20:44:04 INFO  Progress (1): 4.1/6.0 MB[0m
2026.03.09 20:44:04 INFO  Progress (1): 4.1/6.0 MB[0m
2026.03.09 20:44:04 INFO  Progress (1): 4.1/6.0 MB[0m
2026.03.09 20:44:04 INFO  Progress (1): 4.1/6.0 MB[0m
2026.03.09 20:44:04 INFO  Progress (1): 4.1/6.0 MB[0m
2026.03.09 20:44:04 INFO  Progress (1): 4.1/6.0 MB[0m
2026.03.09 20:44:04 INFO  Progress (1): 4.2/6.0 MB[0m
2026.03.09 20:44:04 INFO  Progress (1): 4.2/6.0 MB[0m
2026.03.09 20:44:04 INFO  Progress (1): 4.2/6.0 MB[0m
2026.03.09 20:44:04 INFO  Progress (1): 4.2/6.0 MB[0m
2026.03.09 20:44:04 INFO  Progress (1): 4.2/6.0 MB[0m
2026.03.09 20:44:04 INFO  Progress (1): 4.2/6.0 MB[0m
2026.03.09 20:44:04 INFO  Progress (1): 4.3/6.0 MB[0m
2026.03.09 20:44:04 INFO  Progress (1): 4.3/6.0 MB[0m
2026.03.09 20:44:04 INFO  Progress (1): 4.3/6.0 MB[0m
2026.03.09 20:44:05 INFO  Progress (1): 4.3/6.0 MB[0m
2026.03.09 20:44:05 INFO  Progress (1): 4.3/6.0 MB[0m
2026.03.09 20:44:05 INFO  Progress (1): 4.3/6.0 MB[0m
2026.03.09 20:44:05 INFO  Progress (1): 4.4/6.0 MB[0m
2026.03.09 20:44:05 INFO  Progress (1): 4.4/6.0 MB[0m
2026.03.09 20:44:05 INFO  Progress (1): 4.4/6.0 MB[0m
2026.03.09 20:44:05 INFO  Progress (1): 4.4/6.0 MB[0m
2026.03.09 20:44:05 INFO  Progress (1): 4.4/6.0 MB[0m
2026.03.09 20:44:05 INFO  Progress (1): 4.4/6.0 MB[0m
2026.03.09 20:44:05 INFO  Progress (1): 4.5/6.0 MB[0m
2026.03.09 20:44:05 INFO  Progress (1): 4.5/6.0 MB[0m
2026.03.09 20:44:05 INFO  Progress (1): 4.5/6.0 MB[0m
2026.03.09 20:44:05 INFO  Progress (1): 4.5/6.0 MB[0m
2026.03.09 20:44:05 INFO  Progress (1): 4.5/6.0 MB[0m
2026.03.09 20:44:05 INFO  Progress (1): 4.5/6.0 MB[0m
2026.03.09 20:44:05 INFO  Progress (1): 4.6/6.0 MB[0m
2026.03.09 20:44:05 INFO  Progress (1): 4.6/6.0 MB[0m
2026.03.09 20:44:05 INFO  Progress (1): 4.6/6.0 MB[0m
2026.03.09 20:44:05 INFO  Progress (1): 4.6/6.0 MB[0m
2026.03.09 20:44:05 INFO  Progress (1): 4.6/6.0 MB[0m
2026.03.09 20:44:05 INFO  Progress (1): 4.6/6.0 MB[0m
2026.03.09 20:44:05 INFO  Progress (1): 4.6/6.0 MB[0m
2026.03.09 20:44:05 INFO  Progress (1): 4.7/6.0 MB[0m
2026.03.09 20:44:05 INFO  Progress (1): 4.7/6.0 MB[0m
2026.03.09 20:44:05 INFO  Progress (1): 4.7/6.0 MB[0m
2026.03.09 20:44:05 INFO  Progress (1): 4.7/6.0 MB[0m
2026.03.09 20:44:05 INFO  Progress (1): 4.7/6.0 MB[0m
2026.03.09 20:44:05 INFO  Progress (1): 4.7/6.0 MB[0m
2026.03.09 20:44:05 INFO  Progress (1): 4.8/6.0 MB[0m
2026.03.09 20:44:05 INFO  Progress (1): 4.8/6.0 MB[0m
2026.03.09 20:44:05 INFO  Progress (1): 4.8/6.0 MB[0m
2026.03.09 20:44:05 INFO  Progress (1): 4.8/6.0 MB[0m
2026.03.09 20:44:05 INFO  Progress (1): 4.8/6.0 MB[0m
2026.03.09 20:44:05 INFO  Progress (1): 4.8/6.0 MB[0m
2026.03.09 20:44:05 INFO  Progress (1): 4.9/6.0 MB[0m
2026.03.09 20:44:05 INFO  Progress (1): 4.9/6.0 MB[0m
2026.03.09 20:44:05 INFO  Progress (1): 4.9/6.0 MB[0m
2026.03.09 20:44:05 INFO  Progress (1): 4.9/6.0 MB[0m
2026.03.09 20:44:05 INFO  Progress (1): 4.9/6.0 MB[0m
2026.03.09 20:44:05 INFO  Progress (1): 4.9/6.0 MB[0m
2026.03.09 20:44:05 INFO  Progress (1): 5.0/6.0 MB[0m
2026.03.09 20:44:05 INFO  Progress (1): 5.0/6.0 MB[0m
2026.03.09 20:44:05 INFO  Progress (1): 5.0/6.0 MB[0m
2026.03.09 20:44:05 INFO  Progress (1): 5.0/6.0 MB[0m
2026.03.09 20:44:05 INFO  Progress (1): 5.0/6.0 MB[0m
2026.03.09 20:44:05 INFO  Progress (1): 5.0/6.0 MB[0m
2026.03.09 20:44:05 INFO  Progress (1): 5.1/6.0 MB[0m
2026.03.09 20:44:05 INFO  Progress (1): 5.1/6.0 MB[0m
2026.03.09 20:44:05 INFO  Progress (1): 5.1/6.0 MB[0m
2026.03.09 20:44:05 INFO  Progress (1): 5.1/6.0 MB[0m
2026.03.09 20:44:05 INFO  Progress (1): 5.1/6.0 MB[0m
2026.03.09 20:44:05 INFO  Progress (1): 5.1/6.0 MB[0m
2026.03.09 20:44:05 INFO  Progress (1): 5.2/6.0 MB[0m
2026.03.09 20:44:05 INFO  Progress (1): 5.2/6.0 MB[0m
2026.03.09 20:44:05 INFO  Progress (1): 5.2/6.0 MB[0m
2026.03.09 20:44:05 INFO  Progress (1): 5.2/6.0 MB[0m
2026.03.09 20:44:05 INFO  Progress (1): 5.2/6.0 MB[0m
2026.03.09 20:44:05 INFO  Progress (1): 5.2/6.0 MB[0m
2026.03.09 20:44:05 INFO  Progress (1): 5.3/6.0 MB[0m
2026.03.09 20:44:05 INFO  Progress (1): 5.3/6.0 MB[0m
2026.03.09 20:44:05 INFO  Progress (1): 5.3/6.0 MB[0m
2026.03.09 20:44:05 INFO  Progress (1): 5.3/6.0 MB[0m
2026.03.09 20:44:05 INFO  Progress (1): 5.3/6.0 MB[0m
2026.03.09 20:44:06 INFO  Progress (1): 5.3/6.0 MB[0m
2026.03.09 20:44:06 INFO  Progress (1): 5.4/6.0 MB[0m
2026.03.09 20:44:06 INFO  Progress (1): 5.4/6.0 MB[0m
2026.03.09 20:44:06 INFO  Progress (1): 5.4/6.0 MB[0m
2026.03.09 20:44:06 INFO  Progress (1): 5.4/6.0 MB[0m
2026.03.09 20:44:06 INFO  Progress (1): 5.4/6.0 MB[0m
2026.03.09 20:44:06 INFO  Progress (1): 5.4/6.0 MB[0m
2026.03.09 20:44:06 INFO  Progress (1): 5.5/6.0 MB[0m
2026.03.09 20:44:06 INFO  Progress (1): 5.5/6.0 MB[0m
2026.03.09 20:44:06 INFO  Progress (1): 5.5/6.0 MB[0m
2026.03.09 20:44:06 INFO  Progress (1): 5.5/6.0 MB[0m
2026.03.09 20:44:06 INFO  Progress (1): 5.5/6.0 MB[0m
2026.03.09 20:44:06 INFO  Progress (1): 5.5/6.0 MB[0m
2026.03.09 20:44:06 INFO  Progress (1): 5.5/6.0 MB[0m
2026.03.09 20:44:06 INFO  Progress (1): 5.6/6.0 MB[0m
2026.03.09 20:44:06 INFO  Progress (1): 5.6/6.0 MB[0m
2026.03.09 20:44:06 INFO  Progress (1): 5.6/6.0 MB[0m
2026.03.09 20:44:06 INFO  Progress (1): 5.6/6.0 MB[0m
2026.03.09 20:44:06 INFO  Progress (1): 5.6/6.0 MB[0m
2026.03.09 20:44:06 INFO  Progress (1): 5.6/6.0 MB[0m
2026.03.09 20:44:06 INFO  Progress (1): 5.7/6.0 MB[0m
2026.03.09 20:44:06 INFO  Progress (1): 5.7/6.0 MB[0m
2026.03.09 20:44:06 INFO  Progress (1): 5.7/6.0 MB[0m
2026.03.09 20:44:06 INFO  Progress (1): 5.7/6.0 MB[0m
2026.03.09 20:44:06 INFO  Progress (1): 5.7/6.0 MB[0m
2026.03.09 20:44:06 INFO  Progress (1): 5.7/6.0 MB[0m
2026.03.09 20:44:06 INFO  Progress (1): 5.8/6.0 MB[0m
2026.03.09 20:44:06 INFO  Progress (1): 5.8/6.0 MB[0m
2026.03.09 20:44:06 INFO  Progress (1): 5.8/6.0 MB[0m
2026.03.09 20:44:06 INFO  Progress (1): 5.8/6.0 MB[0m
2026.03.09 20:44:06 INFO  Progress (1): 5.8/6.0 MB[0m
2026.03.09 20:44:06 INFO  Progress (1): 5.8/6.0 MB[0m
2026.03.09 20:44:06 INFO  Progress (1): 5.9/6.0 MB[0m
2026.03.09 20:44:06 INFO  Progress (1): 5.9/6.0 MB[0m
2026.03.09 20:44:06 INFO  Progress (1): 5.9/6.0 MB[0m
2026.03.09 20:44:06 INFO  Progress (1): 5.9/6.0 MB[0m
2026.03.09 20:44:06 INFO  Progress (1): 5.9/6.0 MB[0m
2026.03.09 20:44:06 INFO  Progress (1): 5.9/6.0 MB[0m
2026.03.09 20:44:06 INFO  Progress (1): 6.0/6.0 MB[0m
2026.03.09 20:44:06 INFO  Progress (1): 6.0/6.0 MB[0m
2026.03.09 20:44:06 INFO  Progress (1): 6.0/6.0 MB[0m
2026.03.09 20:44:06 INFO  Progress (1): 6.0 MB    [0m
2026.03.09 20:44:06 INFO                      [0m
2026.03.09 20:44:06 INFO  Downloaded from central: https://repo.maven.apache.org/maven2/org/scala-lang/scala-library/2.13.8/scala-library-2.13.8.jar (6.0 MB at 1.6 MB/s)[0m
2026.03.09 20:44:06 INFO  Downloading from central: https://repo.maven.apache.org/maven2/ch/epfl/scala/bloop-config_2.13/2.3.3/bloop-config_2.13-2.3.3.jar[0m
2026.03.09 20:44:06 INFO  Downloading from central: https://repo.maven.apache.org/maven2/com/github/plokhotnyuk/jsoniter-scala/jsoniter-scala-core_2.13/2.13.5.2/jsoniter-scala-core_2.13-2.13.5.2.jar[0m
2026.03.09 20:44:06 INFO  Downloading from central: https://repo.maven.apache.org/maven2/com/lihaoyi/unroll-annotation_2.13/0.1.12/unroll-annotation_2.13-0.1.12.jar[0m
2026.03.09 20:44:06 INFO  Downloading from central: https://repo.maven.apache.org/maven2/net/alchim31/maven/scala-maven-plugin/4.8.0/scala-maven-plugin-4.8.0.jar[0m
2026.03.09 20:44:06 INFO  Downloading from central: https://repo.maven.apache.org/maven2/org/apache/maven/shared/maven-dependency-tree/3.2.1/maven-dependency-tree-3.2.1.jar[0m
2026.03.09 20:44:06 INFO  Progress (1): 1.3 kB[0m
2026.03.09 20:44:06 INFO                      [0m
2026.03.09 20:44:06 INFO  Downloaded from central: https://repo.maven.apache.org/maven2/com/lihaoyi/unroll-annotation_2.13/0.1.12/unroll-annotation_2.13-0.1.12.jar (1.3 kB at 23 kB/s)[0m
2026.03.09 20:44:06 INFO  Downloading from central: https://repo.maven.apache.org/maven2/org/eclipse/aether/aether-util/1.0.0.v20140518/aether-util-1.0.0.v20140518.jar[0m
2026.03.09 20:44:06 INFO  Progress (1): 7.7/146 kB[0m
2026.03.09 20:44:06 INFO  Progress (1): 8.2/146 kB[0m
2026.03.09 20:44:06 INFO  Progress (2): 8.2/146 kB | 0.9/288 kB[0m
2026.03.09 20:44:06 INFO  Progress (2): 8.2/146 kB | 2.3/288 kB[0m
2026.03.09 20:44:06 INFO  Progress (2): 8.2/146 kB | 3.6/288 kB[0m
2026.03.09 20:44:06 INFO  Progress (2): 8.2/146 kB | 5.0/288 kB[0m
2026.03.09 20:44:06 INFO  Progress (2): 8.2/146 kB | 6.4/288 kB[0m
2026.03.09 20:44:06 INFO  Progress (2): 8.2/146 kB | 7.7/288 kB[0m
2026.03.09 20:44:06 INFO  Progress (2): 8.2/146 kB | 9.1/288 kB[0m
2026.03.09 20:44:06 INFO  Progress (2): 8.2/146 kB | 10/288 kB [0m
2026.03.09 20:44:06 INFO  Progress (2): 8.2/146 kB | 12/288 kB[0m
2026.03.09 20:44:06 INFO  Progress (2): 8.2/146 kB | 12/288 kB[0m
2026.03.09 20:44:06 INFO  Progress (2): 8.2/146 kB | 14/288 kB[0m
2026.03.09 20:44:06 INFO  Progress (2): 8.2/146 kB | 15/288 kB[0m
2026.03.09 20:44:06 INFO  Progress (2): 8.2/146 kB | 16/288 kB[0m
2026.03.09 20:44:06 INFO  Progress (2): 8.2/146 kB | 18/288 kB[0m
2026.03.09 20:44:06 INFO  Progress (2): 8.2/146 kB | 19/288 kB[0m
2026.03.09 20:44:06 INFO  Progress (2): 8.2/146 kB | 21/288 kB[0m
2026.03.09 20:44:06 INFO  Progress (2): 8.2/146 kB | 22/288 kB[0m
2026.03.09 20:44:06 INFO  Progress (2): 8.2/146 kB | 23/288 kB[0m
2026.03.09 20:44:06 INFO  Progress (2): 25/146 kB | 23/288 kB [0m
2026.03.09 20:44:06 INFO  Progress (2): 25/146 kB | 25/288 kB[0m
2026.03.09 20:44:06 INFO  Progress (2): 25/146 kB | 26/288 kB[0m
2026.03.09 20:44:06 INFO  Progress (2): 25/146 kB | 27/288 kB[0m
2026.03.09 20:44:06 INFO  Progress (2): 25/146 kB | 29/288 kB[0m
2026.03.09 20:44:06 INFO  Progress (2): 25/146 kB | 30/288 kB[0m
2026.03.09 20:44:06 INFO  Progress (3): 25/146 kB | 30/288 kB | 0.9/159 kB[0m
2026.03.09 20:44:06 INFO  Progress (3): 25/146 kB | 30/288 kB | 2.3/159 kB[0m
2026.03.09 20:44:06 INFO  Progress (3): 25/146 kB | 30/288 kB | 3.6/159 kB[0m
2026.03.09 20:44:06 INFO  Progress (3): 25/146 kB | 30/288 kB | 5.0/159 kB[0m
2026.03.09 20:44:06 INFO  Progress (3): 25/146 kB | 30/288 kB | 6.4/159 kB[0m
2026.03.09 20:44:06 INFO  Progress (3): 25/146 kB | 30/288 kB | 7.7/159 kB[0m
2026.03.09 20:44:06 INFO  Progress (3): 25/146 kB | 30/288 kB | 8.2/159 kB[0m
2026.03.09 20:44:06 INFO  Progress (3): 25/146 kB | 30/288 kB | 9.6/159 kB[0m
2026.03.09 20:44:06 INFO  Progress (3): 25/146 kB | 30/288 kB | 11/159 kB [0m
2026.03.09 20:44:06 INFO  Progress (3): 25/146 kB | 31/288 kB | 11/159 kB[0m
2026.03.09 20:44:06 INFO  Progress (3): 25/146 kB | 31/288 kB | 12/159 kB[0m
2026.03.09 20:44:06 INFO  Progress (3): 25/146 kB | 33/288 kB | 12/159 kB[0m
2026.03.09 20:44:06 INFO  Progress (3): 25/146 kB | 33/288 kB | 14/159 kB[0m
2026.03.09 20:44:06 INFO  Progress (3): 25/146 kB | 33/288 kB | 15/159 kB[0m
2026.03.09 20:44:06 INFO  Progress (3): 25/146 kB | 34/288 kB | 15/159 kB[0m
2026.03.09 20:44:06 INFO  Progress (3): 25/146 kB | 36/288 kB | 15/159 kB[0m
2026.03.09 20:44:06 INFO  Progress (3): 25/146 kB | 36/288 kB | 16/159 kB[0m
2026.03.09 20:44:06 INFO  Progress (3): 25/146 kB | 37/288 kB | 16/159 kB[0m
2026.03.09 20:44:06 INFO  Progress (3): 25/146 kB | 37/288 kB | 18/159 kB[0m
2026.03.09 20:44:06 INFO  Progress (3): 25/146 kB | 38/288 kB | 18/159 kB[0m
2026.03.09 20:44:06 INFO  Progress (3): 25/146 kB | 38/288 kB | 19/159 kB[0m
2026.03.09 20:44:06 INFO  Progress (3): 25/146 kB | 40/288 kB | 19/159 kB[0m
2026.03.09 20:44:06 INFO  Progress (3): 25/146 kB | 40/288 kB | 21/159 kB[0m
2026.03.09 20:44:06 INFO  Progress (3): 25/146 kB | 41/288 kB | 21/159 kB[0m
2026.03.09 20:44:06 INFO  Progress (3): 25/146 kB | 41/288 kB | 22/159 kB[0m
2026.03.09 20:44:06 INFO  Progress (3): 25/146 kB | 42/288 kB | 22/159 kB[0m
2026.03.09 20:44:06 INFO  Progress (3): 25/146 kB | 42/288 kB | 23/159 kB[0m
2026.03.09 20:44:06 INFO  Progress (3): 25/146 kB | 42/288 kB | 25/159 kB[0m
2026.03.09 20:44:06 INFO  Progress (3): 25/146 kB | 44/288 kB | 25/159 kB[0m
2026.03.09 20:44:06 INFO  Progress (3): 25/146 kB | 44/288 kB | 26/159 kB[0m
2026.03.09 20:44:06 INFO  Progress (3): 25/146 kB | 45/288 kB | 26/159 kB[0m
2026.03.09 20:44:06 INFO  Progress (3): 41/146 kB | 45/288 kB | 26/159 kB[0m
2026.03.09 20:44:06 INFO  Progress (3): 41/146 kB | 45/288 kB | 27/159 kB[0m
2026.03.09 20:44:06 INFO  Progress (3): 41/146 kB | 47/288 kB | 27/159 kB[0m
2026.03.09 20:44:06 INFO  Progress (3): 41/146 kB | 47/288 kB | 29/159 kB[0m
2026.03.09 20:44:06 INFO  Progress (3): 41/146 kB | 48/288 kB | 29/159 kB[0m
2026.03.09 20:44:06 INFO  Progress (3): 41/146 kB | 48/288 kB | 30/159 kB[0m
2026.03.09 20:44:06 INFO  Progress (3): 41/146 kB | 49/288 kB | 30/159 kB[0m
2026.03.09 20:44:06 INFO  Progress (3): 41/146 kB | 51/288 kB | 30/159 kB[0m
2026.03.09 20:44:06 INFO  Progress (4): 41/146 kB | 51/288 kB | 30/159 kB | 0.9/176 kB[0m
2026.03.09 20:44:06 INFO  Progress (4): 41/146 kB | 51/288 kB | 30/159 kB | 2.3/176 kB[0m
2026.03.09 20:44:06 INFO  Progress (4): 41/146 kB | 51/288 kB | 30/159 kB | 3.6/176 kB[0m
2026.03.09 20:44:06 INFO  Progress (4): 41/146 kB | 51/288 kB | 30/159 kB | 5.0/176 kB[0m
2026.03.09 20:44:06 INFO  Progress (4): 41/146 kB | 51/288 kB | 31/159 kB | 5.0/176 kB[0m
2026.03.09 20:44:06 INFO  Progress (4): 41/146 kB | 51/288 kB | 31/159 kB | 6.4/176 kB[0m
2026.03.09 20:44:06 INFO  Progress (4): 41/146 kB | 52/288 kB | 31/159 kB | 6.4/176 kB[0m
2026.03.09 20:44:06 INFO  Progress (4): 41/146 kB | 52/288 kB | 31/159 kB | 7.7/176 kB[0m
2026.03.09 20:44:06 INFO  Progress (4): 41/146 kB | 53/288 kB | 31/159 kB | 7.7/176 kB[0m
2026.03.09 20:44:06 INFO  Progress (4): 41/146 kB | 53/288 kB | 31/159 kB | 8.2/176 kB[0m
2026.03.09 20:44:06 INFO  Progress (4): 41/146 kB | 55/288 kB | 31/159 kB | 8.2/176 kB[0m
2026.03.09 20:44:06 INFO  Progress (4): 41/146 kB | 55/288 kB | 31/159 kB | 9.6/176 kB[0m
2026.03.09 20:44:06 INFO  Progress (4): 41/146 kB | 55/288 kB | 31/159 kB | 11/176 kB [0m
2026.03.09 20:44:06 INFO  Progress (4): 41/146 kB | 55/288 kB | 31/159 kB | 12/176 kB[0m
2026.03.09 20:44:06 INFO  Progress (4): 41/146 kB | 55/288 kB | 33/159 kB | 12/176 kB[0m
2026.03.09 20:44:06 INFO  Progress (4): 41/146 kB | 55/288 kB | 34/159 kB | 12/176 kB[0m
2026.03.09 20:44:06 INFO  Progress (4): 41/146 kB | 59/288 kB | 34/159 kB | 12/176 kB[0m
2026.03.09 20:44:06 INFO  Progress (4): 41/146 kB | 59/288 kB | 36/159 kB | 12/176 kB[0m
2026.03.09 20:44:06 INFO  Progress (4): 41/146 kB | 59/288 kB | 36/159 kB | 14/176 kB[0m
2026.03.09 20:44:06 INFO  Progress (4): 41/146 kB | 63/288 kB | 36/159 kB | 14/176 kB[0m
2026.03.09 20:44:06 INFO  Progress (4): 41/146 kB | 63/288 kB | 36/159 kB | 15/176 kB[0m
2026.03.09 20:44:06 INFO  Progress (4): 41/146 kB | 63/288 kB | 37/159 kB | 15/176 kB[0m
2026.03.09 20:44:06 INFO  Progress (4): 41/146 kB | 63/288 kB | 38/159 kB | 15/176 kB[0m
2026.03.09 20:44:06 INFO  Progress (4): 41/146 kB | 63/288 kB | 38/159 kB | 16/176 kB[0m
2026.03.09 20:44:06 INFO  Progress (4): 57/146 kB | 63/288 kB | 38/159 kB | 16/176 kB[0m
2026.03.09 20:44:06 INFO  Progress (4): 57/146 kB | 63/288 kB | 38/159 kB | 18/176 kB[0m
2026.03.09 20:44:06 INFO  Progress (4): 57/146 kB | 63/288 kB | 40/159 kB | 18/176 kB[0m
2026.03.09 20:44:06 INFO  Progress (4): 57/146 kB | 63/288 kB | 40/159 kB | 19/176 kB[0m
2026.03.09 20:44:06 INFO  Progress (4): 57/146 kB | 63/288 kB | 41/159 kB | 19/176 kB[0m
2026.03.09 20:44:06 INFO  Progress (4): 57/146 kB | 63/288 kB | 41/159 kB | 21/176 kB[0m
2026.03.09 20:44:06 INFO  Progress (4): 57/146 kB | 63/288 kB | 41/159 kB | 22/176 kB[0m
2026.03.09 20:44:06 INFO  Progress (4): 57/146 kB | 63/288 kB | 42/159 kB | 22/176 kB[0m
2026.03.09 20:44:06 INFO  Progress (4): 57/146 kB | 63/288 kB | 42/159 kB | 23/176 kB[0m
2026.03.09 20:44:06 INFO  Progress (4): 57/146 kB | 63/288 kB | 44/159 kB | 23/176 kB[0m
2026.03.09 20:44:06 INFO  Progress (4): 57/146 kB | 63/288 kB | 44/159 kB | 25/176 kB[0m
2026.03.09 20:44:06 INFO  Progress (4): 57/146 kB | 63/288 kB | 44/159 kB | 26/176 kB[0m
2026.03.09 20:44:06 INFO  Progress (4): 57/146 kB | 63/288 kB | 45/159 kB | 26/176 kB[0m
2026.03.09 20:44:06 INFO  Progress (4): 57/146 kB | 63/288 kB | 45/159 kB | 27/176 kB[0m
2026.03.09 20:44:06 INFO  Progress (4): 57/146 kB | 63/288 kB | 47/159 kB | 27/176 kB[0m
2026.03.09 20:44:06 INFO  Progress (4): 57/146 kB | 63/288 kB | 47/159 kB | 29/176 kB[0m
2026.03.09 20:44:06 INFO  Progress (4): 57/146 kB | 63/288 kB | 47/159 kB | 30/176 kB[0m
2026.03.09 20:44:06 INFO  Progress (4): 57/146 kB | 63/288 kB | 48/159 kB | 30/176 kB[0m
2026.03.09 20:44:06 INFO  Progress (4): 57/146 kB | 63/288 kB | 49/159 kB | 30/176 kB[0m
2026.03.09 20:44:06 INFO  Progress (4): 57/146 kB | 63/288 kB | 51/159 kB | 30/176 kB[0m
2026.03.09 20:44:06 INFO  Progress (4): 57/146 kB | 63/288 kB | 52/159 kB | 30/176 kB[0m
2026.03.09 20:44:06 INFO  Progress (4): 57/146 kB | 63/288 kB | 53/159 kB | 30/176 kB[0m
2026.03.09 20:44:06 INFO  Progress (4): 57/146 kB | 63/288 kB | 53/159 kB | 31/176 kB[0m
2026.03.09 20:44:06 INFO  Progress (4): 57/146 kB | 63/288 kB | 55/159 kB | 31/176 kB[0m
2026.03.09 20:44:06 INFO  Progress (4): 57/146 kB | 63/288 kB | 59/159 kB | 31/176 kB[0m
2026.03.09 20:44:06 INFO  Progress (4): 57/146 kB | 63/288 kB | 59/159 kB | 33/176 kB[0m
2026.03.09 20:44:06 INFO  Progress (4): 57/146 kB | 63/288 kB | 59/159 kB | 34/176 kB[0m
2026.03.09 20:44:06 INFO  Progress (4): 57/146 kB | 63/288 kB | 63/159 kB | 34/176 kB[0m
2026.03.09 20:44:06 INFO  Progress (4): 57/146 kB | 63/288 kB | 63/159 kB | 36/176 kB[0m
2026.03.09 20:44:06 INFO  Progress (4): 57/146 kB | 63/288 kB | 63/159 kB | 37/176 kB[0m
2026.03.09 20:44:06 INFO  Progress (4): 57/146 kB | 63/288 kB | 63/159 kB | 38/176 kB[0m
2026.03.09 20:44:06 INFO  Progress (4): 57/146 kB | 63/288 kB | 63/159 kB | 40/176 kB[0m
2026.03.09 20:44:06 INFO  Progress (4): 57/146 kB | 63/288 kB | 63/159 kB | 41/176 kB[0m
2026.03.09 20:44:06 INFO  Progress (4): 57/146 kB | 63/288 kB | 63/159 kB | 42/176 kB[0m
2026.03.09 20:44:06 INFO  Progress (4): 57/146 kB | 63/288 kB | 63/159 kB | 44/176 kB[0m
2026.03.09 20:44:06 INFO  Progress (4): 57/146 kB | 63/288 kB | 63/159 kB | 45/176 kB[0m
2026.03.09 20:44:06 INFO  Progress (4): 74/146 kB | 63/288 kB | 63/159 kB | 45/176 kB[0m
2026.03.09 20:44:06 INFO  Progress (4): 74/146 kB | 63/288 kB | 63/159 kB | 47/176 kB[0m
2026.03.09 20:44:06 INFO  Progress (4): 74/146 kB | 63/288 kB | 63/159 kB | 48/176 kB[0m
2026.03.09 20:44:06 INFO  Progress (4): 74/146 kB | 63/288 kB | 63/159 kB | 49/176 kB[0m
2026.03.09 20:44:06 INFO  Progress (4): 74/146 kB | 63/288 kB | 63/159 kB | 51/176 kB[0m
2026.03.09 20:44:06 INFO  Progress (4): 74/146 kB | 63/288 kB | 63/159 kB | 52/176 kB[0m
2026.03.09 20:44:06 INFO  Progress (4): 74/146 kB | 63/288 kB | 63/159 kB | 53/176 kB[0m
2026.03.09 20:44:06 INFO  Progress (4): 74/146 kB | 63/288 kB | 63/159 kB | 55/176 kB[0m
2026.03.09 20:44:06 INFO  Progress (4): 74/146 kB | 63/288 kB | 63/159 kB | 59/176 kB[0m
2026.03.09 20:44:06 INFO  Progress (5): 74/146 kB | 63/288 kB | 63/159 kB | 59/176 kB | 0.9/43 kB[0m
2026.03.09 20:44:06 INFO  Progress (5): 74/146 kB | 63/288 kB | 63/159 kB | 59/176 kB | 2.3/43 kB[0m
2026.03.09 20:44:06 INFO  Progress (5): 74/146 kB | 63/288 kB | 63/159 kB | 59/176 kB | 3.6/43 kB[0m
2026.03.09 20:44:06 INFO  Progress (5): 74/146 kB | 63/288 kB | 63/159 kB | 59/176 kB | 5.0/43 kB[0m
2026.03.09 20:44:06 INFO  Progress (5): 74/146 kB | 63/288 kB | 63/159 kB | 59/176 kB | 6.4/43 kB[0m
2026.03.09 20:44:06 INFO  Progress (5): 74/146 kB | 63/288 kB | 63/159 kB | 59/176 kB | 7.7/43 kB[0m
2026.03.09 20:44:06 INFO  Progress (5): 74/146 kB | 63/288 kB | 63/159 kB | 59/176 kB | 9.1/43 kB[0m
2026.03.09 20:44:06 INFO  Progress (5): 74/146 kB | 63/288 kB | 63/159 kB | 59/176 kB | 10/43 kB [0m
2026.03.09 20:44:06 INFO  Progress (5): 74/146 kB | 63/288 kB | 63/159 kB | 59/176 kB | 12/43 kB[0m
2026.03.09 20:44:06 INFO  Progress (5): 74/146 kB | 63/288 kB | 63/159 kB | 59/176 kB | 13/43 kB[0m
2026.03.09 20:44:06 INFO  Progress (5): 74/146 kB | 63/288 kB | 63/159 kB | 63/176 kB | 13/43 kB[0m
2026.03.09 20:44:06 INFO  Progress (5): 74/146 kB | 63/288 kB | 63/159 kB | 63/176 kB | 14/43 kB[0m
2026.03.09 20:44:06 INFO  Progress (5): 74/146 kB | 63/288 kB | 63/159 kB | 63/176 kB | 16/43 kB[0m
2026.03.09 20:44:06 INFO  Progress (5): 74/146 kB | 63/288 kB | 63/159 kB | 63/176 kB | 17/43 kB[0m
2026.03.09 20:44:06 INFO  Progress (5): 74/146 kB | 63/288 kB | 63/159 kB | 63/176 kB | 18/43 kB[0m
2026.03.09 20:44:06 INFO  Progress (5): 74/146 kB | 63/288 kB | 63/159 kB | 63/176 kB | 20/43 kB[0m
2026.03.09 20:44:06 INFO  Progress (5): 74/146 kB | 63/288 kB | 63/159 kB | 63/176 kB | 21/43 kB[0m
2026.03.09 20:44:06 INFO  Progress (5): 74/146 kB | 63/288 kB | 63/159 kB | 63/176 kB | 23/43 kB[0m
2026.03.09 20:44:06 INFO  Progress (5): 74/146 kB | 63/288 kB | 63/159 kB | 63/176 kB | 24/43 kB[0m
2026.03.09 20:44:06 INFO  Progress (5): 74/146 kB | 63/288 kB | 63/159 kB | 63/176 kB | 25/43 kB[0m
2026.03.09 20:44:06 INFO  Progress (5): 74/146 kB | 63/288 kB | 63/159 kB | 63/176 kB | 27/43 kB[0m
2026.03.09 20:44:06 INFO  Progress (5): 74/146 kB | 63/288 kB | 63/159 kB | 63/176 kB | 28/43 kB[0m
2026.03.09 20:44:06 INFO  Progress (5): 74/146 kB | 63/288 kB | 63/159 kB | 63/176 kB | 29/43 kB[0m
2026.03.09 20:44:06 INFO  Progress (5): 90/146 kB | 63/288 kB | 63/159 kB | 63/176 kB | 29/43 kB[0m
2026.03.09 20:44:06 INFO  Progress (5): 90/146 kB | 63/288 kB | 63/159 kB | 63/176 kB | 31/43 kB[0m
2026.03.09 20:44:06 INFO  Progress (5): 90/146 kB | 63/288 kB | 63/159 kB | 63/176 kB | 32/43 kB[0m
2026.03.09 20:44:06 INFO  Progress (5): 98/146 kB | 63/288 kB | 63/159 kB | 63/176 kB | 32/43 kB[0m
2026.03.09 20:44:06 INFO  Progress (5): 98/146 kB | 63/288 kB | 63/159 kB | 63/176 kB | 33/43 kB[0m
2026.03.09 20:44:06 INFO  Progress (5): 98/146 kB | 63/288 kB | 63/159 kB | 63/176 kB | 35/43 kB[0m
2026.03.09 20:44:06 INFO  Progress (5): 106/146 kB | 63/288 kB | 63/159 kB | 63/176 kB | 35/43 kB[0m
2026.03.09 20:44:06 INFO  Progress (5): 106/146 kB | 63/288 kB | 63/159 kB | 63/176 kB | 36/43 kB[0m
2026.03.09 20:44:06 INFO  Progress (5): 106/146 kB | 63/288 kB | 63/159 kB | 63/176 kB | 38/43 kB[0m
2026.03.09 20:44:06 INFO  Progress (5): 106/146 kB | 63/288 kB | 63/159 kB | 63/176 kB | 39/43 kB[0m
2026.03.09 20:44:06 INFO  Progress (5): 106/146 kB | 63/288 kB | 63/159 kB | 63/176 kB | 40/43 kB[0m
2026.03.09 20:44:06 INFO  Progress (5): 106/146 kB | 63/288 kB | 63/159 kB | 63/176 kB | 42/43 kB[0m
2026.03.09 20:44:06 INFO  Progress (5): 106/146 kB | 63/288 kB | 63/159 kB | 63/176 kB | 43 kB   [0m
2026.03.09 20:44:06 INFO                                                                      [0m
2026.03.09 20:44:06 INFO  Downloaded from central: https://repo.maven.apache.org/maven2/org/apache/maven/shared/maven-dependency-tree/3.2.1/maven-dependency-tree-3.2.1.jar (43 kB at 185 kB/s)[0m
2026.03.09 20:44:06 INFO  Downloading from central: https://repo.maven.apache.org/maven2/org/eclipse/aether/aether-api/1.0.0.v20140518/aether-api-1.0.0.v20140518.jar[0m
2026.03.09 20:44:06 INFO  Progress (4): 123/146 kB | 63/288 kB | 63/159 kB | 63/176 kB[0m
2026.03.09 20:44:06 INFO  Progress (4): 131/146 kB | 63/288 kB | 63/159 kB | 63/176 kB[0m
2026.03.09 20:44:06 INFO  Progress (4): 139/146 kB | 63/288 kB | 63/159 kB | 63/176 kB[0m
2026.03.09 20:44:06 INFO  Progress (4): 146 kB | 63/288 kB | 63/159 kB | 63/176 kB    [0m
2026.03.09 20:44:06 INFO                                                          [0m
2026.03.09 20:44:06 INFO  Downloaded from central: https://repo.maven.apache.org/maven2/org/eclipse/aether/aether-util/1.0.0.v20140518/aether-util-1.0.0.v20140518.jar (146 kB at 600 kB/s)[0m
2026.03.09 20:44:06 INFO  Downloading from central: https://repo.maven.apache.org/maven2/org/apache/maven/reporting/maven-reporting-api/3.1.1/maven-reporting-api-3.1.1.jar[0m
2026.03.09 20:44:06 INFO  Progress (3): 67/288 kB | 63/159 kB | 63/176 kB[0m
2026.03.09 20:44:06 INFO  Progress (3): 72/288 kB | 63/159 kB | 63/176 kB[0m
2026.03.09 20:44:06 INFO  Progress (3): 72/288 kB | 63/159 kB | 67/176 kB[0m
2026.03.09 20:44:06 INFO  Progress (3): 76/288 kB | 63/159 kB | 67/176 kB[0m
2026.03.09 20:44:06 INFO  Progress (3): 76/288 kB | 67/159 kB | 67/176 kB[0m
2026.03.09 20:44:06 INFO  Progress (3): 80/288 kB | 67/159 kB | 67/176 kB[0m
2026.03.09 20:44:06 INFO  Progress (3): 80/288 kB | 67/159 kB | 72/176 kB[0m
2026.03.09 20:44:06 INFO  Progress (3): 80/288 kB | 72/159 kB | 72/176 kB[0m
2026.03.09 20:44:06 INFO  Progress (3): 80/288 kB | 72/159 kB | 76/176 kB[0m
2026.03.09 20:44:06 INFO  Progress (3): 80/288 kB | 72/159 kB | 80/176 kB[0m
2026.03.09 20:44:06 INFO  Progress (3): 82/288 kB | 72/159 kB | 80/176 kB[0m
2026.03.09 20:44:06 INFO  Progress (3): 82/288 kB | 72/159 kB | 84/176 kB[0m
2026.03.09 20:44:06 INFO  Progress (3): 82/288 kB | 76/159 kB | 84/176 kB[0m
2026.03.09 20:44:06 INFO  Progress (3): 82/288 kB | 76/159 kB | 89/176 kB[0m
2026.03.09 20:44:06 INFO  Progress (3): 86/288 kB | 76/159 kB | 89/176 kB[0m
2026.03.09 20:44:06 INFO  Progress (3): 86/288 kB | 80/159 kB | 89/176 kB[0m
2026.03.09 20:44:06 INFO  Progress (3): 86/288 kB | 84/159 kB | 89/176 kB[0m
2026.03.09 20:44:06 INFO  Progress (3): 90/288 kB | 84/159 kB | 89/176 kB[0m
2026.03.09 20:44:06 INFO  Progress (3): 90/288 kB | 89/159 kB | 89/176 kB[0m
2026.03.09 20:44:06 INFO  Progress (3): 90/288 kB | 89/159 kB | 93/176 kB[0m
2026.03.09 20:44:06 INFO  Progress (3): 90/288 kB | 93/159 kB | 93/176 kB[0m
2026.03.09 20:44:06 INFO  Progress (3): 90/288 kB | 93/159 kB | 97/176 kB[0m
2026.03.09 20:44:06 INFO  Progress (3): 95/288 kB | 93/159 kB | 97/176 kB[0m
2026.03.09 20:44:06 INFO  Progress (3): 99/288 kB | 93/159 kB | 97/176 kB[0m
2026.03.09 20:44:06 INFO  Progress (3): 103/288 kB | 93/159 kB | 97/176 kB[0m
2026.03.09 20:44:06 INFO  Progress (3): 103/288 kB | 93/159 kB | 101/176 kB[0m
2026.03.09 20:44:06 INFO  Progress (3): 103/288 kB | 97/159 kB | 101/176 kB[0m
2026.03.09 20:44:06 INFO  Progress (3): 103/288 kB | 97/159 kB | 105/176 kB[0m
2026.03.09 20:44:06 INFO  Progress (3): 107/288 kB | 97/159 kB | 105/176 kB[0m
2026.03.09 20:44:06 INFO  Progress (3): 107/288 kB | 101/159 kB | 105/176 kB[0m
2026.03.09 20:44:06 INFO  Progress (3): 112/288 kB | 101/159 kB | 105/176 kB[0m
2026.03.09 20:44:06 INFO  Progress (3): 112/288 kB | 101/159 kB | 110/176 kB[0m
2026.03.09 20:44:06 INFO  Progress (3): 115/288 kB | 101/159 kB | 110/176 kB[0m
2026.03.09 20:44:06 INFO  Progress (3): 115/288 kB | 101/159 kB | 114/176 kB[0m
2026.03.09 20:44:06 INFO  Progress (3): 115/288 kB | 105/159 kB | 114/176 kB[0m
2026.03.09 20:44:06 INFO  Progress (3): 119/288 kB | 105/159 kB | 114/176 kB[0m
2026.03.09 20:44:06 INFO  Progress (3): 119/288 kB | 110/159 kB | 114/176 kB[0m
2026.03.09 20:44:06 INFO  Progress (3): 119/288 kB | 110/159 kB | 118/176 kB[0m
2026.03.09 20:44:06 INFO  Progress (3): 123/288 kB | 110/159 kB | 118/176 kB[0m
2026.03.09 20:44:06 INFO  Progress (3): 123/288 kB | 114/159 kB | 118/176 kB[0m
2026.03.09 20:44:06 INFO  Progress (3): 127/288 kB | 114/159 kB | 118/176 kB[0m
2026.03.09 20:44:06 INFO  Progress (3): 127/288 kB | 114/159 kB | 122/176 kB[0m
2026.03.09 20:44:06 INFO  Progress (3): 127/288 kB | 114/159 kB | 127/176 kB[0m
2026.03.09 20:44:06 INFO  Progress (3): 127/288 kB | 118/159 kB | 127/176 kB[0m
2026.03.09 20:44:06 INFO  Progress (3): 127/288 kB | 118/159 kB | 131/176 kB[0m
2026.03.09 20:44:06 INFO  Progress (3): 127/288 kB | 122/159 kB | 131/176 kB[0m
2026.03.09 20:44:06 INFO  Progress (3): 131/288 kB | 122/159 kB | 131/176 kB[0m
2026.03.09 20:44:06 INFO  Progress (3): 131/288 kB | 127/159 kB | 131/176 kB[0m
2026.03.09 20:44:06 INFO  Progress (3): 131/288 kB | 127/159 kB | 135/176 kB[0m
2026.03.09 20:44:06 INFO  Progress (3): 135/288 kB | 127/159 kB | 135/176 kB[0m
2026.03.09 20:44:06 INFO  Progress (3): 135/288 kB | 127/159 kB | 139/176 kB[0m
2026.03.09 20:44:06 INFO  Progress (3): 135/288 kB | 127/159 kB | 143/176 kB[0m
2026.03.09 20:44:06 INFO  Progress (3): 140/288 kB | 127/159 kB | 143/176 kB[0m
2026.03.09 20:44:06 INFO  Progress (3): 144/288 kB | 127/159 kB | 143/176 kB[0m
2026.03.09 20:44:06 INFO  Progress (4): 144/288 kB | 127/159 kB | 143/176 kB | 3.4/11 kB[0m
2026.03.09 20:44:06 INFO  Progress (4): 144/288 kB | 127/159 kB | 143/176 kB | 11 kB    [0m
2026.03.09 20:44:06 INFO  Progress (4): 144/288 kB | 127/159 kB | 148/176 kB | 11 kB[0m
2026.03.09 20:44:06 INFO  Progress (4): 144/288 kB | 127/159 kB | 152/176 kB | 11 kB[0m
2026.03.09 20:44:06 INFO                                                            [0m
2026.03.09 20:44:06 INFO  Downloaded from central: https://repo.maven.apache.org/maven2/org/apache/maven/reporting/maven-reporting-api/3.1.1/maven-reporting-api-3.1.1.jar (11 kB at 32 kB/s)[0m
2026.03.09 20:44:06 INFO  Downloading from central: https://repo.maven.apache.org/maven2/org/apache/maven/doxia/doxia-sink-api/1.11.1/doxia-sink-api-1.11.1.jar[0m
2026.03.09 20:44:06 INFO  Progress (3): 144/288 kB | 131/159 kB | 152/176 kB[0m
2026.03.09 20:44:06 INFO  Progress (3): 144/288 kB | 131/159 kB | 156/176 kB[0m
2026.03.09 20:44:06 INFO  Progress (3): 144/288 kB | 131/159 kB | 160/176 kB[0m
2026.03.09 20:44:06 INFO  Progress (3): 144/288 kB | 135/159 kB | 160/176 kB[0m
2026.03.09 20:44:06 INFO  Progress (4): 144/288 kB | 135/159 kB | 160/176 kB | 0.9/136 kB[0m
2026.03.09 20:44:06 INFO  Progress (4): 144/288 kB | 135/159 kB | 160/176 kB | 2.3/136 kB[0m
2026.03.09 20:44:06 INFO  Progress (4): 144/288 kB | 135/159 kB | 160/176 kB | 3.6/136 kB[0m
2026.03.09 20:44:06 INFO  Progress (4): 144/288 kB | 135/159 kB | 160/176 kB | 5.0/136 kB[0m
2026.03.09 20:44:06 INFO  Progress (4): 144/288 kB | 135/159 kB | 160/176 kB | 6.4/136 kB[0m
2026.03.09 20:44:06 INFO  Progress (4): 144/288 kB | 135/159 kB | 160/176 kB | 7.7/136 kB[0m
2026.03.09 20:44:06 INFO  Progress (4): 144/288 kB | 135/159 kB | 160/176 kB | 9.1/136 kB[0m
2026.03.09 20:44:06 INFO  Progress (4): 144/288 kB | 135/159 kB | 160/176 kB | 10/136 kB [0m
2026.03.09 20:44:06 INFO  Progress (4): 144/288 kB | 135/159 kB | 160/176 kB | 12/136 kB[0m
2026.03.09 20:44:06 INFO  Progress (4): 144/288 kB | 135/159 kB | 160/176 kB | 16/136 kB[0m
2026.03.09 20:44:06 INFO  Progress (4): 144/288 kB | 135/159 kB | 160/176 kB | 20/136 kB[0m
2026.03.09 20:44:06 INFO  Progress (4): 144/288 kB | 135/159 kB | 160/176 kB | 25/136 kB[0m
2026.03.09 20:44:06 INFO  Progress (4): 144/288 kB | 135/159 kB | 160/176 kB | 29/136 kB[0m
2026.03.09 20:44:06 INFO  Progress (4): 144/288 kB | 135/159 kB | 160/176 kB | 33/136 kB[0m
2026.03.09 20:44:06 INFO  Progress (4): 144/288 kB | 135/159 kB | 160/176 kB | 37/136 kB[0m
2026.03.09 20:44:06 INFO  Progress (4): 144/288 kB | 135/159 kB | 160/176 kB | 41/136 kB[0m
2026.03.09 20:44:06 INFO  Progress (4): 144/288 kB | 135/159 kB | 160/176 kB | 46/136 kB[0m
2026.03.09 20:44:06 INFO  Progress (4): 144/288 kB | 135/159 kB | 160/176 kB | 50/136 kB[0m
2026.03.09 20:44:06 INFO  Progress (4): 144/288 kB | 135/159 kB | 160/176 kB | 54/136 kB[0m
2026.03.09 20:44:06 INFO  Progress (4): 144/288 kB | 135/159 kB | 160/176 kB | 58/136 kB[0m
2026.03.09 20:44:06 INFO  Progress (4): 144/288 kB | 135/159 kB | 160/176 kB | 61/136 kB[0m
2026.03.09 20:44:06 INFO  Progress (4): 148/288 kB | 135/159 kB | 160/176 kB | 61/136 kB[0m
2026.03.09 20:44:06 INFO  Progress (4): 152/288 kB | 135/159 kB | 160/176 kB | 61/136 kB[0m
2026.03.09 20:44:06 INFO  Progress (4): 156/288 kB | 135/159 kB | 160/176 kB | 61/136 kB[0m
2026.03.09 20:44:06 INFO  Progress (4): 156/288 kB | 135/159 kB | 165/176 kB | 61/136 kB[0m
2026.03.09 20:44:06 INFO  Progress (4): 156/288 kB | 139/159 kB | 165/176 kB | 61/136 kB[0m
2026.03.09 20:44:06 INFO  Progress (4): 156/288 kB | 139/159 kB | 169/176 kB | 61/136 kB[0m
2026.03.09 20:44:06 INFO  Progress (4): 156/288 kB | 139/159 kB | 173/176 kB | 61/136 kB[0m
2026.03.09 20:44:06 INFO  Progress (4): 156/288 kB | 139/159 kB | 173/176 kB | 65/136 kB[0m
2026.03.09 20:44:06 INFO  Progress (4): 161/288 kB | 139/159 kB | 173/176 kB | 65/136 kB[0m
2026.03.09 20:44:06 INFO  Progress (4): 161/288 kB | 143/159 kB | 173/176 kB | 65/136 kB[0m
2026.03.09 20:44:06 INFO  Progress (4): 161/288 kB | 143/159 kB | 176 kB | 65/136 kB    [0m
2026.03.09 20:44:06 INFO  Progress (4): 165/288 kB | 143/159 kB | 176 kB | 65/136 kB[0m
2026.03.09 20:44:06 INFO  Progress (4): 165/288 kB | 143/159 kB | 176 kB | 69/136 kB[0m
2026.03.09 20:44:06 INFO  Progress (4): 165/288 kB | 148/159 kB | 176 kB | 69/136 kB[0m
2026.03.09 20:44:06 INFO  Progress (4): 169/288 kB | 148/159 kB | 176 kB | 69/136 kB[0m
2026.03.09 20:44:06 INFO                                                            [0m
2026.03.09 20:44:06 INFO  Downloaded from central: https://repo.maven.apache.org/maven2/com/github/plokhotnyuk/jsoniter-scala/jsoniter-scala-core_2.13/2.13.5.2/jsoniter-scala-core_2.13-2.13.5.2.jar (176 kB at 433 kB/s)[0m
2026.03.09 20:44:06 INFO  Downloading from central: https://repo.maven.apache.org/maven2/org/apache/maven/doxia/doxia-logging-api/1.11.1/doxia-logging-api-1.11.1.jar[0m
2026.03.09 20:44:06 INFO  Progress (3): 169/288 kB | 148/159 kB | 73/136 kB[0m
2026.03.09 20:44:06 INFO  Progress (3): 173/288 kB | 148/159 kB | 73/136 kB[0m
2026.03.09 20:44:06 INFO  Progress (3): 173/288 kB | 152/159 kB | 73/136 kB[0m
2026.03.09 20:44:06 INFO  Progress (3): 173/288 kB | 152/159 kB | 77/136 kB[0m
2026.03.09 20:44:06 INFO  Progress (3): 178/288 kB | 152/159 kB | 77/136 kB[0m
2026.03.09 20:44:06 INFO  Progress (3): 178/288 kB | 156/159 kB | 77/136 kB[0m
2026.03.09 20:44:06 INFO  Progress (3): 178/288 kB | 156/159 kB | 82/136 kB[0m
2026.03.09 20:44:06 INFO  Progress (3): 182/288 kB | 156/159 kB | 82/136 kB[0m
2026.03.09 20:44:06 INFO  Progress (3): 182/288 kB | 159 kB | 82/136 kB    [0m
2026.03.09 20:44:06 INFO  Progress (3): 182/288 kB | 159 kB | 85/136 kB[0m
2026.03.09 20:44:06 INFO  Progress (3): 186/288 kB | 159 kB | 85/136 kB[0m
2026.03.09 20:44:06 INFO  Progress (3): 186/288 kB | 159 kB | 90/136 kB[0m
2026.03.09 20:44:06 INFO  Progress (3): 190/288 kB | 159 kB | 90/136 kB[0m
2026.03.09 20:44:06 INFO  Progress (3): 195/288 kB | 159 kB | 90/136 kB[0m
2026.03.09 20:44:06 INFO  Progress (3): 195/288 kB | 159 kB | 94/136 kB[0m
2026.03.09 20:44:06 INFO  Progress (3): 195/288 kB | 159 kB | 98/136 kB[0m
2026.03.09 20:44:06 INFO  Progress (3): 199/288 kB | 159 kB | 98/136 kB[0m
2026.03.09 20:44:06 INFO  Progress (3): 199/288 kB | 159 kB | 102/136 kB[0m
2026.03.09 20:44:06 INFO                                                [0m
2026.03.09 20:44:06 INFO  Downloaded from central: https://repo.maven.apache.org/maven2/net/alchim31/maven/scala-maven-plugin/4.8.0/scala-maven-plugin-4.8.0.jar (159 kB at 379 kB/s)[0m
2026.03.09 20:44:06 INFO  Downloading from central: https://repo.maven.apache.org/maven2/org/apache/maven/maven-archiver/3.6.0/maven-archiver-3.6.0.jar[0m
2026.03.09 20:44:06 INFO  Progress (2): 199/288 kB | 106/136 kB[0m
2026.03.09 20:44:06 INFO  Progress (2): 203/288 kB | 106/136 kB[0m
2026.03.09 20:44:06 INFO  Progress (2): 207/288 kB | 106/136 kB[0m
2026.03.09 20:44:06 INFO  Progress (2): 207/288 kB | 110/136 kB[0m
2026.03.09 20:44:06 INFO  Progress (2): 211/288 kB | 110/136 kB[0m
2026.03.09 20:44:06 INFO  Progress (2): 211/288 kB | 114/136 kB[0m
2026.03.09 20:44:06 INFO  Progress (2): 216/288 kB | 114/136 kB[0m
2026.03.09 20:44:06 INFO  Progress (2): 216/288 kB | 119/136 kB[0m
2026.03.09 20:44:06 INFO  Progress (2): 216/288 kB | 123/136 kB[0m
2026.03.09 20:44:06 INFO  Progress (2): 216/288 kB | 127/136 kB[0m
2026.03.09 20:44:06 INFO  Progress (3): 216/288 kB | 127/136 kB | 7.7/12 kB[0m
2026.03.09 20:44:06 INFO  Progress (3): 216/288 kB | 127/136 kB | 7.7/12 kB[0m
2026.03.09 20:44:06 INFO  Progress (3): 216/288 kB | 127/136 kB | 12 kB    [0m
2026.03.09 20:44:06 INFO                                               [0m
2026.03.09 20:44:06 INFO  Downloaded from central: https://repo.maven.apache.org/maven2/org/apache/maven/doxia/doxia-sink-api/1.11.1/doxia-sink-api-1.11.1.jar (12 kB at 27 kB/s)[0m
2026.03.09 20:44:06 INFO  Downloading from central: https://repo.maven.apache.org/maven2/org/codehaus/plexus/plexus-io/3.4.0/plexus-io-3.4.0.jar[0m
2026.03.09 20:44:06 INFO  Progress (2): 220/288 kB | 127/136 kB[0m
2026.03.09 20:44:06 INFO  Progress (2): 220/288 kB | 131/136 kB[0m
2026.03.09 20:44:06 INFO  Progress (2): 220/288 kB | 136/136 kB[0m
2026.03.09 20:44:06 INFO  Progress (2): 220/288 kB | 136 kB    [0m
2026.03.09 20:44:06 INFO                                   [0m
2026.03.09 20:44:06 INFO  Downloaded from central: https://repo.maven.apache.org/maven2/org/eclipse/aether/aether-api/1.0.0.v20140518/aether-api-1.0.0.v20140518.jar (136 kB at 289 kB/s)[0m
2026.03.09 20:44:06 INFO  Downloading from central: https://repo.maven.apache.org/maven2/org/apache/commons/commons-exec/1.3/commons-exec-1.3.jar[0m
2026.03.09 20:44:06 INFO  Progress (1): 236/288 kB[0m
2026.03.09 20:44:06 INFO  Progress (1): 253/288 kB[0m
2026.03.09 20:44:06 INFO  Progress (1): 262/288 kB[0m
2026.03.09 20:44:06 INFO  Progress (1): 279/288 kB[0m
2026.03.09 20:44:06 INFO  Progress (1): 288 kB    [0m
2026.03.09 20:44:06 INFO  Progress (2): 288 kB | 3.8/26 kB[0m
2026.03.09 20:44:06 INFO  Progress (2): 288 kB | 8.0/26 kB[0m
2026.03.09 20:44:06 INFO  Progress (2): 288 kB | 12/26 kB [0m
2026.03.09 20:44:06 INFO                                 [0m
2026.03.09 20:44:06 INFO  Downloaded from central: https://repo.maven.apache.org/maven2/ch/epfl/scala/bloop-config_2.13/2.3.3/bloop-config_2.13-2.3.3.jar (288 kB at 565 kB/s)[0m
2026.03.09 20:44:06 INFO  Downloading from central: https://repo.maven.apache.org/maven2/org/codehaus/plexus/plexus-archiver/4.6.0/plexus-archiver-4.6.0.jar[0m
2026.03.09 20:44:06 INFO  Progress (1): 16/26 kB[0m
2026.03.09 20:44:06 INFO  Progress (1): 20/26 kB[0m
2026.03.09 20:44:06 INFO  Progress (1): 24/26 kB[0m
2026.03.09 20:44:06 INFO  Progress (1): 26 kB   [0m
2026.03.09 20:44:06 INFO  Progress (2): 26 kB | 3.8/12 kB[0m
2026.03.09 20:44:06 INFO  Progress (3): 26 kB | 3.8/12 kB | 7.7/79 kB[0m
2026.03.09 20:44:06 INFO  Progress (3): 26 kB | 3.8/12 kB | 16/79 kB [0m
2026.03.09 20:44:06 INFO  Progress (3): 26 kB | 8.0/12 kB | 16/79 kB[0m
2026.03.09 20:44:06 INFO  Progress (3): 26 kB | 12/12 kB | 16/79 kB [0m
2026.03.09 20:44:06 INFO  Progress (3): 26 kB | 12 kB | 16/79 kB   [0m
2026.03.09 20:44:06 INFO  Progress (3): 26 kB | 12 kB | 32/79 kB[0m
2026.03.09 20:44:06 INFO  Progress (3): 26 kB | 12 kB | 36/79 kB[0m
2026.03.09 20:44:06 INFO                                        [0m
2026.03.09 20:44:06 INFO  Downloaded from central: https://repo.maven.apache.org/maven2/org/apache/maven/maven-archiver/3.6.0/maven-archiver-3.6.0.jar (26 kB at 51 kB/s)[0m
2026.03.09 20:44:06 INFO  Downloading from central: https://repo.maven.apache.org/maven2/org/apache/commons/commons-compress/1.21/commons-compress-1.21.jar[0m
2026.03.09 20:44:06 INFO  Downloaded from central: https://repo.maven.apache.org/maven2/org/apache/maven/doxia/doxia-logging-api/1.11.1/doxia-logging-api-1.11.1.jar (12 kB at 23 kB/s)[0m
2026.03.09 20:44:06 INFO  Downloading from central: https://repo.maven.apache.org/maven2/org/tukaani/xz/1.9/xz-1.9.jar[0m
2026.03.09 20:44:06 INFO  Progress (1): 53/79 kB[0m
2026.03.09 20:44:06 INFO  Progress (1): 69/79 kB[0m
2026.03.09 20:44:06 INFO  Progress (1): 79 kB   [0m
2026.03.09 20:44:06 INFO                     [0m
2026.03.09 20:44:06 INFO  Downloaded from central: https://repo.maven.apache.org/maven2/org/codehaus/plexus/plexus-io/3.4.0/plexus-io-3.4.0.jar (79 kB at 150 kB/s)[0m
2026.03.09 20:44:06 INFO  Downloading from central: https://repo.maven.apache.org/maven2/com/github/luben/zstd-jni/1.5.2-5/zstd-jni-1.5.2-5.jar[0m
2026.03.09 20:44:06 INFO  Progress (1): 0/1.0 MB[0m
2026.03.09 20:44:06 INFO  Progress (1): 0/1.0 MB[0m
2026.03.09 20:44:06 INFO  Progress (1): 0/1.0 MB[0m
2026.03.09 20:44:06 INFO  Progress (1): 0/1.0 MB[0m
2026.03.09 20:44:06 INFO  Progress (1): 0/1.0 MB[0m
2026.03.09 20:44:06 INFO  Progress (1): 0/1.0 MB[0m
2026.03.09 20:44:06 INFO  Progress (1): 0/1.0 MB[0m
2026.03.09 20:44:06 INFO  Progress (2): 0/1.0 MB | 3.8/116 kB[0m
2026.03.09 20:44:06 INFO  Progress (2): 0/1.0 MB | 8.0/116 kB[0m
2026.03.09 20:44:06 INFO  Progress (2): 0/1.0 MB | 12/116 kB [0m
2026.03.09 20:44:06 INFO  Progress (2): 0/1.0 MB | 12/116 kB[0m
2026.03.09 20:44:06 INFO  Progress (3): 0/1.0 MB | 12/116 kB | 7.7/216 kB[0m
2026.03.09 20:44:06 INFO  Progress (3): 0/1.0 MB | 12/116 kB | 16/216 kB [0m
2026.03.09 20:44:06 INFO  Progress (3): 0/1.0 MB | 17/116 kB | 16/216 kB[0m
2026.03.09 20:44:06 INFO  Progress (3): 0/1.0 MB | 21/116 kB | 16/216 kB[0m
2026.03.09 20:44:06 INFO  Progress (3): 0/1.0 MB | 21/116 kB | 16/216 kB[0m
2026.03.09 20:44:06 INFO  Progress (3): 0/1.0 MB | 25/116 kB | 16/216 kB[0m
2026.03.09 20:44:06 INFO  Progress (3): 0/1.0 MB | 29/116 kB | 16/216 kB[0m
2026.03.09 20:44:06 INFO  Progress (3): 0/1.0 MB | 29/116 kB | 32/216 kB[0m
2026.03.09 20:44:06 INFO  Progress (3): 0.1/1.0 MB | 29/116 kB | 32/216 kB[0m
2026.03.09 20:44:06 INFO  Progress (3): 0.1/1.0 MB | 29/116 kB | 49/216 kB[0m
2026.03.09 20:44:06 INFO  Progress (3): 0.1/1.0 MB | 46/116 kB | 49/216 kB[0m
2026.03.09 20:44:06 INFO  Progress (4): 0.1/1.0 MB | 46/116 kB | 49/216 kB | 0/6.3 MB[0m
2026.03.09 20:44:06 INFO  Progress (4): 0.1/1.0 MB | 46/116 kB | 49/216 kB | 0/6.3 MB[0m
2026.03.09 20:44:06 INFO  Progress (5): 0.1/1.0 MB | 46/116 kB | 49/216 kB | 0/6.3 MB | 3.8/54 kB[0m
2026.03.09 20:44:06 INFO  Progress (5): 0.1/1.0 MB | 46/116 kB | 49/216 kB | 0/6.3 MB | 8.0/54 kB[0m
2026.03.09 20:44:06 INFO  Progress (5): 0.1/1.0 MB | 46/116 kB | 57/216 kB | 0/6.3 MB | 8.0/54 kB[0m
2026.03.09 20:44:06 INFO  Progress (5): 0.1/1.0 MB | 46/116 kB | 57/216 kB | 0/6.3 MB | 12/54 kB [0m
2026.03.09 20:44:06 INFO  Progress (5): 0.1/1.0 MB | 46/116 kB | 57/216 kB | 0/6.3 MB | 12/54 kB[0m
2026.03.09 20:44:06 INFO  Progress (5): 0.1/1.0 MB | 46/116 kB | 57/216 kB | 0/6.3 MB | 16/54 kB[0m
2026.03.09 20:44:06 INFO  Progress (5): 0.1/1.0 MB | 46/116 kB | 57/216 kB | 0/6.3 MB | 21/54 kB[0m
2026.03.09 20:44:06 INFO  Progress (5): 0.1/1.0 MB | 62/116 kB | 57/216 kB | 0/6.3 MB | 21/54 kB[0m
2026.03.09 20:44:06 INFO  Progress (5): 0.1/1.0 MB | 62/116 kB | 57/216 kB | 0/6.3 MB | 25/54 kB[0m
2026.03.09 20:44:06 INFO  Progress (5): 0.1/1.0 MB | 62/116 kB | 57/216 kB | 0/6.3 MB | 25/54 kB[0m
2026.03.09 20:44:06 INFO  Progress (5): 0.1/1.0 MB | 62/116 kB | 57/216 kB | 0/6.3 MB | 25/54 kB[0m
2026.03.09 20:44:06 INFO  Progress (5): 0.1/1.0 MB | 62/116 kB | 57/216 kB | 0/6.3 MB | 29/54 kB[0m
2026.03.09 20:44:07 INFO  Progress (5): 0.1/1.0 MB | 62/116 kB | 57/216 kB | 0/6.3 MB | 33/54 kB[0m
2026.03.09 20:44:07 INFO  Progress (5): 0.1/1.0 MB | 62/116 kB | 74/216 kB | 0/6.3 MB | 33/54 kB[0m
2026.03.09 20:44:07 INFO  Progress (5): 0.1/1.0 MB | 62/116 kB | 74/216 kB | 0/6.3 MB | 38/54 kB[0m
2026.03.09 20:44:07 INFO  Progress (5): 0.1/1.0 MB | 62/116 kB | 74/216 kB | 0/6.3 MB | 38/54 kB[0m
2026.03.09 20:44:07 INFO  Progress (5): 0.1/1.0 MB | 62/116 kB | 74/216 kB | 0/6.3 MB | 54/54 kB[0m
2026.03.09 20:44:07 INFO  Progress (5): 0.1/1.0 MB | 62/116 kB | 74/216 kB | 0.1/6.3 MB | 54/54 kB[0m
2026.03.09 20:44:07 INFO  Progress (5): 0.1/1.0 MB | 62/116 kB | 90/216 kB | 0.1/6.3 MB | 54/54 kB[0m
2026.03.09 20:44:07 INFO  Progress (5): 0.1/1.0 MB | 62/116 kB | 90/216 kB | 0.1/6.3 MB | 54 kB   [0m
2026.03.09 20:44:07 INFO                                                                       [0m
2026.03.09 20:44:07 INFO  Downloaded from central: https://repo.maven.apache.org/maven2/org/apache/commons/commons-exec/1.3/commons-exec-1.3.jar (54 kB at 69 kB/s)[0m
2026.03.09 20:44:07 INFO  Downloading from central: https://repo.maven.apache.org/maven2/org/codehaus/plexus/plexus-classworlds/2.7.0/plexus-classworlds-2.7.0.jar[0m
2026.03.09 20:44:07 INFO  Progress (4): 0.1/1.0 MB | 62/116 kB | 90/216 kB | 0.1/6.3 MB[0m
2026.03.09 20:44:07 INFO  Progress (4): 0.1/1.0 MB | 62/116 kB | 90/216 kB | 0.1/6.3 MB[0m
2026.03.09 20:44:07 INFO  Progress (4): 0.1/1.0 MB | 62/116 kB | 90/216 kB | 0.1/6.3 MB[0m
2026.03.09 20:44:07 INFO  Progress (4): 0.1/1.0 MB | 62/116 kB | 90/216 kB | 0.1/6.3 MB[0m
2026.03.09 20:44:07 INFO  Progress (4): 0.1/1.0 MB | 62/116 kB | 90/216 kB | 0.1/6.3 MB[0m
2026.03.09 20:44:07 INFO  Progress (4): 0.1/1.0 MB | 62/116 kB | 90/216 kB | 0.1/6.3 MB[0m
2026.03.09 20:44:07 INFO  Progress (4): 0.1/1.0 MB | 62/116 kB | 90/216 kB | 0.1/6.3 MB[0m
2026.03.09 20:44:07 INFO  Progress (4): 0.1/1.0 MB | 62/116 kB | 90/216 kB | 0.2/6.3 MB[0m
2026.03.09 20:44:07 INFO  Progress (4): 0.1/1.0 MB | 62/116 kB | 90/216 kB | 0.2/6.3 MB[0m
2026.03.09 20:44:07 INFO  Progress (4): 0.1/1.0 MB | 62/116 kB | 90/216 kB | 0.2/6.3 MB[0m
2026.03.09 20:44:07 INFO  Progress (4): 0.1/1.0 MB | 62/116 kB | 90/216 kB | 0.2/6.3 MB[0m
2026.03.09 20:44:07 INFO  Progress (4): 0.1/1.0 MB | 62/116 kB | 90/216 kB | 0.2/6.3 MB[0m
2026.03.09 20:44:07 INFO  Progress (4): 0.1/1.0 MB | 62/116 kB | 90/216 kB | 0.2/6.3 MB[0m
2026.03.09 20:44:07 INFO  Progress (4): 0.1/1.0 MB | 62/116 kB | 106/216 kB | 0.2/6.3 MB[0m
2026.03.09 20:44:07 INFO  Progress (4): 0.1/1.0 MB | 78/116 kB | 106/216 kB | 0.2/6.3 MB[0m
2026.03.09 20:44:07 INFO  Progress (4): 0.2/1.0 MB | 78/116 kB | 106/216 kB | 0.2/6.3 MB[0m
2026.03.09 20:44:07 INFO  Progress (4): 0.2/1.0 MB | 78/116 kB | 123/216 kB | 0.2/6.3 MB[0m
2026.03.09 20:44:07 INFO  Progress (4): 0.2/1.0 MB | 78/116 kB | 123/216 kB | 0.2/6.3 MB[0m
2026.03.09 20:44:07 INFO  Progress (4): 0.2/1.0 MB | 95/116 kB | 123/216 kB | 0.2/6.3 MB[0m
2026.03.09 20:44:07 INFO  Progress (4): 0.2/1.0 MB | 95/116 kB | 123/216 kB | 0.2/6.3 MB[0m
2026.03.09 20:44:07 INFO  Progress (4): 0.2/1.0 MB | 95/116 kB | 123/216 kB | 0.2/6.3 MB[0m
2026.03.09 20:44:07 INFO  Progress (4): 0.2/1.0 MB | 95/116 kB | 123/216 kB | 0.3/6.3 MB[0m
2026.03.09 20:44:07 INFO  Progress (4): 0.2/1.0 MB | 95/116 kB | 123/216 kB | 0.3/6.3 MB[0m
2026.03.09 20:44:07 INFO  Progress (4): 0.2/1.0 MB | 95/116 kB | 123/216 kB | 0.3/6.3 MB[0m
2026.03.09 20:44:07 INFO  Progress (4): 0.2/1.0 MB | 95/116 kB | 123/216 kB | 0.3/6.3 MB[0m
2026.03.09 20:44:07 INFO  Progress (4): 0.2/1.0 MB | 95/116 kB | 123/216 kB | 0.3/6.3 MB[0m
2026.03.09 20:44:07 INFO  Progress (4): 0.2/1.0 MB | 95/116 kB | 123/216 kB | 0.3/6.3 MB[0m
2026.03.09 20:44:07 INFO  Progress (4): 0.2/1.0 MB | 95/116 kB | 123/216 kB | 0.4/6.3 MB[0m
2026.03.09 20:44:07 INFO  Progress (4): 0.2/1.0 MB | 95/116 kB | 123/216 kB | 0.4/6.3 MB[0m
2026.03.09 20:44:07 INFO  Progress (4): 0.2/1.0 MB | 95/116 kB | 123/216 kB | 0.4/6.3 MB[0m
2026.03.09 20:44:07 INFO  Progress (4): 0.2/1.0 MB | 95/116 kB | 123/216 kB | 0.4/6.3 MB[0m
2026.03.09 20:44:07 INFO  Progress (4): 0.2/1.0 MB | 95/116 kB | 139/216 kB | 0.4/6.3 MB[0m
2026.03.09 20:44:07 INFO  Progress (4): 0.2/1.0 MB | 111/116 kB | 139/216 kB | 0.4/6.3 MB[0m
2026.03.09 20:44:07 INFO  Progress (4): 0.2/1.0 MB | 111/116 kB | 139/216 kB | 0.4/6.3 MB[0m
2026.03.09 20:44:07 INFO  Progress (4): 0.2/1.0 MB | 116 kB | 139/216 kB | 0.4/6.3 MB    [0m
2026.03.09 20:44:07 INFO  Progress (4): 0.2/1.0 MB | 116 kB | 139/216 kB | 0.4/6.3 MB[0m
2026.03.09 20:44:07 INFO  Progress (4): 0.2/1.0 MB | 116 kB | 156/216 kB | 0.4/6.3 MB[0m
2026.03.09 20:44:07 INFO                                                             [0m
2026.03.09 20:44:07 INFO  Downloaded from central: https://repo.maven.apache.org/maven2/org/tukaani/xz/1.9/xz-1.9.jar (116 kB at 116 kB/s)[0m
2026.03.09 20:44:07 INFO  Downloading from central: https://repo.maven.apache.org/maven2/org/scala-sbt/zinc_2.13/1.8.0/zinc_2.13-1.8.0.jar[0m
2026.03.09 20:44:07 INFO  Progress (3): 0.2/1.0 MB | 156/216 kB | 0.4/6.3 MB[0m
2026.03.09 20:44:07 INFO  Progress (3): 0.2/1.0 MB | 156/216 kB | 0.4/6.3 MB[0m
2026.03.09 20:44:07 INFO  Progress (3): 0.2/1.0 MB | 156/216 kB | 0.4/6.3 MB[0m
2026.03.09 20:44:07 INFO  Progress (3): 0.2/1.0 MB | 172/216 kB | 0.4/6.3 MB[0m
2026.03.09 20:44:07 INFO  Progress (3): 0.2/1.0 MB | 172/216 kB | 0.4/6.3 MB[0m
2026.03.09 20:44:07 INFO  Progress (3): 0.2/1.0 MB | 172/216 kB | 0.5/6.3 MB[0m
2026.03.09 20:44:07 INFO  Progress (3): 0.2/1.0 MB | 172/216 kB | 0.5/6.3 MB[0m
2026.03.09 20:44:07 INFO  Progress (4): 0.2/1.0 MB | 172/216 kB | 0.5/6.3 MB | 7.7/53 kB[0m
2026.03.09 20:44:07 INFO  Progress (4): 0.2/1.0 MB | 172/216 kB | 0.5/6.3 MB | 7.7/53 kB[0m
2026.03.09 20:44:07 INFO  Progress (4): 0.2/1.0 MB | 172/216 kB | 0.5/6.3 MB | 24/53 kB [0m
2026.03.09 20:44:07 INFO  Progress (4): 0.2/1.0 MB | 172/216 kB | 0.5/6.3 MB | 40/53 kB[0m
2026.03.09 20:44:07 INFO  Progress (4): 0.2/1.0 MB | 188/216 kB | 0.5/6.3 MB | 40/53 kB[0m
2026.03.09 20:44:07 INFO  Progress (4): 0.3/1.0 MB | 188/216 kB | 0.5/6.3 MB | 40/53 kB[0m
2026.03.09 20:44:07 INFO  Progress (4): 0.3/1.0 MB | 188/216 kB | 0.5/6.3 MB | 40/53 kB[0m
2026.03.09 20:44:07 INFO  Progress (4): 0.3/1.0 MB | 188/216 kB | 0.5/6.3 MB | 53 kB   [0m
2026.03.09 20:44:07 INFO                                                            [0m
2026.03.09 20:44:07 INFO  Downloaded from central: https://repo.maven.apache.org/maven2/org/codehaus/plexus/plexus-classworlds/2.7.0/plexus-classworlds-2.7.0.jar (53 kB at 50 kB/s)[0m
2026.03.09 20:44:07 INFO  Downloading from central: https://repo.maven.apache.org/maven2/org/scala-sbt/zinc-core_2.13/1.8.0/zinc-core_2.13-1.8.0.jar[0m
2026.03.09 20:44:07 INFO  Progress (3): 0.3/1.0 MB | 188/216 kB | 0.5/6.3 MB[0m
2026.03.09 20:44:07 INFO  Progress (3): 0.3/1.0 MB | 188/216 kB | 0.5/6.3 MB[0m
2026.03.09 20:44:07 INFO  Progress (3): 0.3/1.0 MB | 188/216 kB | 0.5/6.3 MB[0m
2026.03.09 20:44:07 INFO  Progress (3): 0.3/1.0 MB | 205/216 kB | 0.5/6.3 MB[0m
2026.03.09 20:44:07 INFO  Progress (3): 0.3/1.0 MB | 205/216 kB | 0.5/6.3 MB[0m
2026.03.09 20:44:07 INFO  Progress (3): 0.3/1.0 MB | 205/216 kB | 0.5/6.3 MB[0m
2026.03.09 20:44:07 INFO  Progress (3): 0.3/1.0 MB | 216 kB | 0.5/6.3 MB    [0m
2026.03.09 20:44:07 INFO  Progress (3): 0.3/1.0 MB | 216 kB | 0.5/6.3 MB[0m
2026.03.09 20:44:07 INFO                                                [0m
2026.03.09 20:44:07 INFO  Downloaded from central: https://repo.maven.apache.org/maven2/org/codehaus/plexus/plexus-archiver/4.6.0/plexus-archiver-4.6.0.jar (216 kB at 193 kB/s)[0m
2026.03.09 20:44:07 INFO  Downloading from central: https://repo.maven.apache.org/maven2/org/scala-sbt/zinc-apiinfo_2.13/1.8.0/zinc-apiinfo_2.13-1.8.0.jar[0m
2026.03.09 20:44:07 INFO  Progress (2): 0.3/1.0 MB | 0.6/6.3 MB[0m
2026.03.09 20:44:07 INFO  Progress (2): 0.3/1.0 MB | 0.6/6.3 MB[0m
2026.03.09 20:44:07 INFO  Progress (2): 0.3/1.0 MB | 0.6/6.3 MB[0m
2026.03.09 20:44:07 INFO  Progress (2): 0.3/1.0 MB | 0.6/6.3 MB[0m
2026.03.09 20:44:07 INFO  Progress (2): 0.4/1.0 MB | 0.6/6.3 MB[0m
2026.03.09 20:44:07 INFO  Progress (2): 0.4/1.0 MB | 0.6/6.3 MB[0m
2026.03.09 20:44:07 INFO  Progress (3): 0.4/1.0 MB | 0.6/6.3 MB | 7.7/85 kB[0m
2026.03.09 20:44:07 INFO  Progress (3): 0.4/1.0 MB | 0.6/6.3 MB | 16/85 kB [0m
2026.03.09 20:44:07 INFO  Progress (3): 0.4/1.0 MB | 0.6/6.3 MB | 25/85 kB[0m
2026.03.09 20:44:07 INFO  Progress (3): 0.4/1.0 MB | 0.6/6.3 MB | 25/85 kB[0m
2026.03.09 20:44:07 INFO  Progress (3): 0.4/1.0 MB | 0.6/6.3 MB | 41/85 kB[0m
2026.03.09 20:44:07 INFO  Progress (3): 0.4/1.0 MB | 0.6/6.3 MB | 57/85 kB[0m
2026.03.09 20:44:07 INFO  Progress (3): 0.4/1.0 MB | 0.6/6.3 MB | 57/85 kB[0m
2026.03.09 20:44:07 INFO  Progress (3): 0.4/1.0 MB | 0.6/6.3 MB | 57/85 kB[0m
2026.03.09 20:44:07 INFO  Progress (3): 0.4/1.0 MB | 0.7/6.3 MB | 57/85 kB[0m
2026.03.09 20:44:07 INFO  Progress (3): 0.4/1.0 MB | 0.7/6.3 MB | 57/85 kB[0m
2026.03.09 20:44:07 INFO  Progress (3): 0.4/1.0 MB | 0.7/6.3 MB | 57/85 kB[0m
2026.03.09 20:44:07 INFO  Progress (3): 0.4/1.0 MB | 0.7/6.3 MB | 57/85 kB[0m
2026.03.09 20:44:07 INFO  Progress (3): 0.4/1.0 MB | 0.7/6.3 MB | 74/85 kB[0m
2026.03.09 20:44:07 INFO  Progress (3): 0.4/1.0 MB | 0.7/6.3 MB | 74/85 kB[0m
2026.03.09 20:44:07 INFO  Progress (3): 0.4/1.0 MB | 0.7/6.3 MB | 82/85 kB[0m
2026.03.09 20:44:07 INFO  Progress (3): 0.4/1.0 MB | 0.7/6.3 MB | 82/85 kB[0m
2026.03.09 20:44:07 INFO  Progress (3): 0.4/1.0 MB | 0.7/6.3 MB | 82/85 kB[0m
2026.03.09 20:44:07 INFO  Progress (3): 0.4/1.0 MB | 0.7/6.3 MB | 82/85 kB[0m
2026.03.09 20:44:07 INFO  Progress (3): 0.4/1.0 MB | 0.7/6.3 MB | 85 kB   [0m
2026.03.09 20:44:07 INFO  Progress (3): 0.4/1.0 MB | 0.7/6.3 MB | 85 kB[0m
2026.03.09 20:44:07 INFO  Progress (3): 0.4/1.0 MB | 0.7/6.3 MB | 85 kB[0m
2026.03.09 20:44:07 INFO  Progress (4): 0.4/1.0 MB | 0.7/6.3 MB | 85 kB | 7.7/165 kB[0m
2026.03.09 20:44:07 INFO  Progress (5): 0.4/1.0 MB | 0.7/6.3 MB | 85 kB | 7.7/165 kB | 7.7/490 kB[0m
2026.03.09 20:44:07 INFO  Progress (5): 0.4/1.0 MB | 0.7/6.3 MB | 85 kB | 12/165 kB | 7.7/490 kB [0m
2026.03.09 20:44:07 INFO  Progress (5): 0.4/1.0 MB | 0.7/6.3 MB | 85 kB | 12/165 kB | 16/490 kB [0m
2026.03.09 20:44:07 INFO                                                                       [0m
2026.03.09 20:44:07 INFO  Downloaded from central: https://repo.maven.apache.org/maven2/org/scala-sbt/zinc_2.13/1.8.0/zinc_2.13-1.8.0.jar (85 kB at 67 kB/s)[0m
2026.03.09 20:44:07 INFO  Downloading from central: https://repo.maven.apache.org/maven2/org/scala-sbt/compiler-bridge_2.13/1.8.0/compiler-bridge_2.13-1.8.0.jar[0m
2026.03.09 20:44:07 INFO  Progress (4): 0.4/1.0 MB | 0.7/6.3 MB | 12/165 kB | 24/490 kB[0m
2026.03.09 20:44:07 INFO  Progress (4): 0.4/1.0 MB | 0.8/6.3 MB | 12/165 kB | 24/490 kB[0m
2026.03.09 20:44:07 INFO  Progress (4): 0.4/1.0 MB | 0.8/6.3 MB | 12/165 kB | 40/490 kB[0m
2026.03.09 20:44:07 INFO  Progress (4): 0.4/1.0 MB | 0.8/6.3 MB | 12/165 kB | 57/490 kB[0m
2026.03.09 20:44:07 INFO  Progress (4): 0.4/1.0 MB | 0.8/6.3 MB | 12/165 kB | 57/490 kB[0m
2026.03.09 20:44:07 INFO  Progress (4): 0.4/1.0 MB | 0.8/6.3 MB | 12/165 kB | 57/490 kB[0m
2026.03.09 20:44:07 INFO  Progress (4): 0.4/1.0 MB | 0.8/6.3 MB | 12/165 kB | 74/490 kB[0m
2026.03.09 20:44:07 INFO  Progress (4): 0.4/1.0 MB | 0.8/6.3 MB | 12/165 kB | 82/490 kB[0m
2026.03.09 20:44:07 INFO  Progress (4): 0.4/1.0 MB | 0.8/6.3 MB | 12/165 kB | 82/490 kB[0m
2026.03.09 20:44:07 INFO  Progress (4): 0.4/1.0 MB | 0.8/6.3 MB | 28/165 kB | 82/490 kB[0m
2026.03.09 20:44:07 INFO  Progress (4): 0.4/1.0 MB | 0.8/6.3 MB | 28/165 kB | 82/490 kB[0m
2026.03.09 20:44:07 INFO  Progress (4): 0.4/1.0 MB | 0.8/6.3 MB | 28/165 kB | 82/490 kB[0m
2026.03.09 20:44:07 INFO  Progress (4): 0.4/1.0 MB | 0.8/6.3 MB | 44/165 kB | 82/490 kB[0m
2026.03.09 20:44:07 INFO  Progress (4): 0.4/1.0 MB | 0.8/6.3 MB | 44/165 kB | 82/490 kB[0m
2026.03.09 20:44:07 INFO  Progress (4): 0.5/1.0 MB | 0.8/6.3 MB | 44/165 kB | 82/490 kB[0m
2026.03.09 20:44:07 INFO  Progress (4): 0.5/1.0 MB | 0.8/6.3 MB | 44/165 kB | 82/490 kB[0m
2026.03.09 20:44:08 INFO  no build target found for C:\Users\neoat\repos\movie-service-bugfix\src\main\java\com\example\movieservice\entities\Director.java. Using fallback presentation compiler.[0m
2026.03.09 20:44:08 INFO  no build target found for C:\Users\neoat\repos\movie-service-bugfix\src\main\java\com\example\movieservice\configuration\SwaggerConfig.java. Using fallback presentation compiler.[0m
2026.03.09 20:44:08 INFO  Progress (4): 0.5/1.0 MB | 0.8/6.3 MB | 61/165 kB | 82/490 kB[0m
2026.03.09 20:44:08 INFO  Progress (4): 0.5/1.0 MB | 0.8/6.3 MB | 61/165 kB | 82/490 kB[0m
2026.03.09 20:44:08 INFO  Progress (4): 0.5/1.0 MB | 0.8/6.3 MB | 61/165 kB | 82/490 kB[0m
mars 09, 2026 8:44:09 PM org.eclipse.lsp4j.jsonrpc.RemoteEndpoint handleCancellation
AVERTISSEMENT: Unmatched cancel notification for request id 8
2026.03.09 20:44:08 INFO  no build target found for C:\Users\neoat\repos\movie-service-bugfix\src\main\java\com\example\movieservice\configuration\SwaggerConfig.java. Using fallback presentation compiler.[0m
2026.03.09 20:44:08 INFO  Progress (4): 0.5/1.0 MB | 0.8/6.3 MB | 61/165 kB | 82/490 kB[0m
2026.03.09 20:44:08 INFO  Progress (4): 0.5/1.0 MB | 0.9/6.3 MB | 61/165 kB | 82/490 kB[0m
2026.03.09 20:44:08 INFO  Progress (4): 0.5/1.0 MB | 0.9/6.3 MB | 77/165 kB | 82/490 kB[0m
2026.03.09 20:44:08 INFO  Progress (4): 0.5/1.0 MB | 0.9/6.3 MB | 93/165 kB | 82/490 kB[0m
2026.03.09 20:44:08 INFO  Progress (4): 0.5/1.0 MB | 0.9/6.3 MB | 110/165 kB | 82/490 kB[0m
2026.03.09 20:44:08 INFO  Progress (4): 0.5/1.0 MB | 0.9/6.3 MB | 126/165 kB | 82/490 kB[0m
2026.03.09 20:44:08 INFO  Progress (4): 0.5/1.0 MB | 0.9/6.3 MB | 126/165 kB | 82/490 kB[0m
2026.03.09 20:44:08 INFO  Progress (4): 0.5/1.0 MB | 0.9/6.3 MB | 126/165 kB | 82/490 kB[0m
2026.03.09 20:44:08 INFO  Progress (4): 0.5/1.0 MB | 0.9/6.3 MB | 126/165 kB | 82/490 kB[0m
2026.03.09 20:44:08 INFO  no build target found for C:\Users\neoat\repos\movie-service-bugfix\src\main\java\com\example\movieservice\configuration\SwaggerConfig.java. Using fallback presentation compiler.[0m
2026.03.09 20:44:08 INFO  Progress (4): 0.5/1.0 MB | 0.9/6.3 MB | 126/165 kB | 82/490 kB[0m
2026.03.09 20:44:08 INFO  Progress (4): 0.5/1.0 MB | 0.9/6.3 MB | 126/165 kB | 98/490 kB[0m
2026.03.09 20:44:08 INFO  Progress (4): 0.5/1.0 MB | 0.9/6.3 MB | 126/165 kB | 115/490 kB[0m
2026.03.09 20:44:08 INFO  Progress (4): 0.5/1.0 MB | 0.9/6.3 MB | 126/165 kB | 115/490 kB[0m
2026.03.09 20:44:08 INFO  Progress (4): 0.5/1.0 MB | 0.9/6.3 MB | 126/165 kB | 131/490 kB[0m
2026.03.09 20:44:08 INFO  Progress (4): 0.5/1.0 MB | 0.9/6.3 MB | 126/165 kB | 139/490 kB[0m
2026.03.09 20:44:09 INFO  Progress (4): 0.5/1.0 MB | 0.9/6.3 MB | 126/165 kB | 156/490 kB[0m
2026.03.09 20:44:09 INFO  Progress (4): 0.5/1.0 MB | 0.9/6.3 MB | 126/165 kB | 156/490 kB[0m
2026.03.09 20:44:09 INFO  Progress (4): 0.5/1.0 MB | 0.9/6.3 MB | 143/165 kB | 156/490 kB[0m
2026.03.09 20:44:09 INFO  Progress (4): 0.5/1.0 MB | 0.9/6.3 MB | 143/165 kB | 172/490 kB[0m
2026.03.09 20:44:09 INFO  Progress (4): 0.5/1.0 MB | 0.9/6.3 MB | 143/165 kB | 172/490 kB[0m
2026.03.09 20:44:09 INFO  Progress (5): 0.5/1.0 MB | 0.9/6.3 MB | 143/165 kB | 172/490 kB | 7.7/243 kB[0m
2026.03.09 20:44:09 INFO  Progress (5): 0.5/1.0 MB | 0.9/6.3 MB | 143/165 kB | 172/490 kB | 16/243 kB [0m
2026.03.09 20:44:09 INFO  Progress (5): 0.5/1.0 MB | 0.9/6.3 MB | 143/165 kB | 172/490 kB | 32/243 kB[0m
2026.03.09 20:44:09 INFO  Progress (5): 0.5/1.0 MB | 0.9/6.3 MB | 143/165 kB | 172/490 kB | 32/243 kB[0m
2026.03.09 20:44:09 INFO  Progress (5): 0.5/1.0 MB | 0.9/6.3 MB | 143/165 kB | 172/490 kB | 49/243 kB[0m
2026.03.09 20:44:09 INFO  Progress (5): 0.5/1.0 MB | 0.9/6.3 MB | 159/165 kB | 172/490 kB | 49/243 kB[0m
2026.03.09 20:44:11 INFO  Progress (5): 0.5/1.0 MB | 0.9/6.3 MB | 159/165 kB | 172/490 kB | 65/243 kB[0m
2026.03.09 20:44:11 INFO  Progress (5): 0.5/1.0 MB | 0.9/6.3 MB | 159/165 kB | 172/490 kB | 81/243 kB[0m
2026.03.09 20:44:11 INFO  Progress (5): 0.5/1.0 MB | 0.9/6.3 MB | 159/165 kB | 172/490 kB | 81/243 kB[0m
2026.03.09 20:44:11 INFO  Progress (5): 0.5/1.0 MB | 1.0/6.3 MB | 159/165 kB | 172/490 kB | 81/243 kB[0m
2026.03.09 20:44:11 INFO  Progress (5): 0.6/1.0 MB | 1.0/6.3 MB | 159/165 kB | 172/490 kB | 81/243 kB[0m
2026.03.09 20:44:11 INFO  Progress (5): 0.6/1.0 MB | 1.0/6.3 MB | 159/165 kB | 172/490 kB | 81/243 kB[0m
2026.03.09 20:44:11 INFO  Progress (5): 0.6/1.0 MB | 1.0/6.3 MB | 159/165 kB | 172/490 kB | 81/243 kB[0m
2026.03.09 20:44:11 INFO  Progress (5): 0.6/1.0 MB | 1.0/6.3 MB | 165 kB | 172/490 kB | 81/243 kB    [0m
2026.03.09 20:44:11 INFO                                                                         [0m
2026.03.09 20:44:11 INFO  Downloaded from central: https://repo.maven.apache.org/maven2/org/scala-sbt/zinc-apiinfo_2.13/1.8.0/zinc-apiinfo_2.13-1.8.0.jar (165 kB at 39 kB/s)[0m
2026.03.09 20:44:11 INFO  Downloading from central: https://repo.maven.apache.org/maven2/org/scala-sbt/zinc-classpath_2.13/1.8.0/zinc-classpath_2.13-1.8.0.jar[0m
2026.03.09 20:44:11 INFO  Progress (4): 0.6/1.0 MB | 1.0/6.3 MB | 172/490 kB | 98/243 kB[0m
2026.03.09 20:44:11 INFO  Progress (4): 0.6/1.0 MB | 1.0/6.3 MB | 172/490 kB | 98/243 kB[0m
2026.03.09 20:44:11 INFO  Progress (4): 0.6/1.0 MB | 1.0/6.3 MB | 172/490 kB | 98/243 kB[0m
2026.03.09 20:44:11 INFO  Progress (4): 0.6/1.0 MB | 1.0/6.3 MB | 172/490 kB | 98/243 kB[0m
2026.03.09 20:44:11 INFO  Progress (4): 0.6/1.0 MB | 1.0/6.3 MB | 172/490 kB | 98/243 kB[0m
2026.03.09 20:44:11 INFO  Progress (4): 0.6/1.0 MB | 1.0/6.3 MB | 172/490 kB | 98/243 kB[0m
2026.03.09 20:44:11 INFO  Progress (4): 0.6/1.0 MB | 1.0/6.3 MB | 172/490 kB | 98/243 kB[0m
2026.03.09 20:44:11 INFO  Progress (4): 0.6/1.0 MB | 1.1/6.3 MB | 172/490 kB | 98/243 kB[0m
2026.03.09 20:44:11 INFO  Progress (4): 0.6/1.0 MB | 1.1/6.3 MB | 172/490 kB | 98/243 kB[0m
2026.03.09 20:44:11 INFO  Progress (4): 0.6/1.0 MB | 1.1/6.3 MB | 172/490 kB | 98/243 kB[0m
2026.03.09 20:44:11 INFO  Progress (4): 0.6/1.0 MB | 1.1/6.3 MB | 172/490 kB | 98/243 kB[0m
2026.03.09 20:44:11 INFO  Progress (4): 0.6/1.0 MB | 1.1/6.3 MB | 172/490 kB | 98/243 kB[0m
2026.03.09 20:44:11 INFO  Progress (4): 0.6/1.0 MB | 1.1/6.3 MB | 188/490 kB | 98/243 kB[0m
2026.03.09 20:44:11 INFO  Progress (4): 0.6/1.0 MB | 1.1/6.3 MB | 205/490 kB | 98/243 kB[0m
2026.03.09 20:44:12 INFO  Progress (4): 0.6/1.0 MB | 1.1/6.3 MB | 205/490 kB | 98/243 kB[0m
2026.03.09 20:44:12 INFO  Progress (4): 0.6/1.0 MB | 1.1/6.3 MB | 221/490 kB | 98/243 kB[0m
2026.03.09 20:44:12 INFO  Progress (4): 0.6/1.0 MB | 1.1/6.3 MB | 238/490 kB | 98/243 kB[0m
2026.03.09 20:44:12 INFO  Progress (4): 0.6/1.0 MB | 1.1/6.3 MB | 238/490 kB | 98/243 kB[0m
2026.03.09 20:44:12 INFO  Progress (4): 0.6/1.0 MB | 1.1/6.3 MB | 254/490 kB | 98/243 kB[0m
2026.03.09 20:44:12 INFO  Progress (4): 0.6/1.0 MB | 1.1/6.3 MB | 254/490 kB | 114/243 kB[0m
2026.03.09 20:44:12 INFO  Progress (4): 0.6/1.0 MB | 1.1/6.3 MB | 254/490 kB | 114/243 kB[0m
2026.03.09 20:44:12 INFO  Progress (4): 0.7/1.0 MB | 1.1/6.3 MB | 254/490 kB | 114/243 kB[0m
2026.03.09 20:44:12 INFO  Progress (4): 0.7/1.0 MB | 1.1/6.3 MB | 254/490 kB | 131/243 kB[0m
2026.03.09 20:44:12 INFO  Progress (4): 0.7/1.0 MB | 1.1/6.3 MB | 254/490 kB | 147/243 kB[0m
2026.03.09 20:44:12 INFO  Progress (4): 0.7/1.0 MB | 1.1/6.3 MB | 254/490 kB | 163/243 kB[0m
2026.03.09 20:44:12 INFO  Progress (4): 0.7/1.0 MB | 1.1/6.3 MB | 254/490 kB | 180/243 kB[0m
2026.03.09 20:44:12 INFO  Progress (4): 0.7/1.0 MB | 1.1/6.3 MB | 254/490 kB | 180/243 kB[0m
2026.03.09 20:44:12 INFO  Progress (4): 0.7/1.0 MB | 1.2/6.3 MB | 254/490 kB | 180/243 kB[0m
2026.03.09 20:44:12 INFO  Progress (4): 0.7/1.0 MB | 1.2/6.3 MB | 254/490 kB | 180/243 kB[0m
2026.03.09 20:44:12 INFO  Progress (4): 0.7/1.0 MB | 1.2/6.3 MB | 254/490 kB | 180/243 kB[0m
2026.03.09 20:44:12 INFO  Progress (5): 0.7/1.0 MB | 1.2/6.3 MB | 254/490 kB | 180/243 kB | 7.7/89 kB[0m
2026.03.09 20:44:12 INFO  Progress (5): 0.7/1.0 MB | 1.2/6.3 MB | 254/490 kB | 180/243 kB | 16/89 kB [0m
2026.03.09 20:44:12 INFO  Progress (5): 0.7/1.0 MB | 1.2/6.3 MB | 254/490 kB | 180/243 kB | 32/89 kB[0m
2026.03.09 20:44:12 INFO  Progress (5): 0.7/1.0 MB | 1.2/6.3 MB | 254/490 kB | 180/243 kB | 48/89 kB[0m
2026.03.09 20:44:12 INFO  Progress (5): 0.7/1.0 MB | 1.2/6.3 MB | 254/490 kB | 180/243 kB | 65/89 kB[0m
2026.03.09 20:44:13 INFO  Progress (5): 0.7/1.0 MB | 1.2/6.3 MB | 270/490 kB | 180/243 kB | 65/89 kB[0m
2026.03.09 20:44:13 INFO  Progress (5): 0.7/1.0 MB | 1.2/6.3 MB | 270/490 kB | 180/243 kB | 81/89 kB[0m
2026.03.09 20:44:13 INFO  Progress (5): 0.7/1.0 MB | 1.2/6.3 MB | 270/490 kB | 180/243 kB | 81/89 kB[0m
2026.03.09 20:44:13 INFO  Progress (5): 0.7/1.0 MB | 1.2/6.3 MB | 270/490 kB | 180/243 kB | 89 kB   [0m
2026.03.09 20:44:13 INFO                                                                         [0m
2026.03.09 20:44:13 INFO  Downloaded from central: https://repo.maven.apache.org/maven2/org/scala-sbt/zinc-classpath_2.13/1.8.0/zinc-classpath_2.13-1.8.0.jar (89 kB at 15 kB/s)[0m
2026.03.09 20:44:13 INFO  Downloading from central: https://repo.maven.apache.org/maven2/org/scala-lang/scala-compiler/2.13.8/scala-compiler-2.13.8.jar[0m
2026.03.09 20:44:13 INFO  Progress (4): 0.7/1.0 MB | 1.2/6.3 MB | 270/490 kB | 180/243 kB[0m
2026.03.09 20:44:13 INFO  Progress (4): 0.7/1.0 MB | 1.2/6.3 MB | 270/490 kB | 180/243 kB[0m
2026.03.09 20:44:13 INFO  Progress (4): 0.7/1.0 MB | 1.2/6.3 MB | 287/490 kB | 180/243 kB[0m
2026.03.09 20:44:13 INFO  Progress (4): 0.7/1.0 MB | 1.2/6.3 MB | 303/490 kB | 180/243 kB[0m
2026.03.09 20:44:13 INFO  Progress (4): 0.7/1.0 MB | 1.2/6.3 MB | 319/490 kB | 180/243 kB[0m
2026.03.09 20:44:13 INFO  Progress (4): 0.8/1.0 MB | 1.2/6.3 MB | 319/490 kB | 180/243 kB[0m
2026.03.09 20:44:13 INFO  Progress (4): 0.8/1.0 MB | 1.2/6.3 MB | 319/490 kB | 180/243 kB[0m
2026.03.09 20:44:13 INFO  Progress (4): 0.8/1.0 MB | 1.2/6.3 MB | 336/490 kB | 180/243 kB[0m
2026.03.09 20:44:13 INFO  Progress (4): 0.8/1.0 MB | 1.2/6.3 MB | 336/490 kB | 196/243 kB[0m
2026.03.09 20:44:13 INFO  Progress (4): 0.8/1.0 MB | 1.2/6.3 MB | 336/490 kB | 196/243 kB[0m
2026.03.09 20:44:13 INFO  Progress (4): 0.8/1.0 MB | 1.2/6.3 MB | 336/490 kB | 212/243 kB[0m
2026.03.09 20:44:13 INFO  Progress (4): 0.8/1.0 MB | 1.2/6.3 MB | 336/490 kB | 229/243 kB[0m
2026.03.09 20:44:13 INFO  Progress (4): 0.8/1.0 MB | 1.2/6.3 MB | 336/490 kB | 243 kB    [0m
2026.03.09 20:44:13 INFO                                                             [0m
2026.03.09 20:44:13 INFO  Downloaded from central: https://repo.maven.apache.org/maven2/org/scala-sbt/compiler-bridge_2.13/1.8.0/compiler-bridge_2.13-1.8.0.jar (243 kB at 38 kB/s)[0m
2026.03.09 20:44:13 INFO  Downloading from central: https://repo.maven.apache.org/maven2/org/scala-sbt/compiler-interface/1.8.0/compiler-interface-1.8.0.jar[0m
2026.03.09 20:44:13 INFO  Progress (3): 0.8/1.0 MB | 1.2/6.3 MB | 336/490 kB[0m
2026.03.09 20:44:13 INFO  Progress (3): 0.8/1.0 MB | 1.2/6.3 MB | 336/490 kB[0m
2026.03.09 20:44:13 INFO  Progress (3): 0.8/1.0 MB | 1.2/6.3 MB | 336/490 kB[0m
2026.03.09 20:44:13 INFO  Progress (3): 0.8/1.0 MB | 1.2/6.3 MB | 352/490 kB[0m
2026.03.09 20:44:13 INFO  Progress (3): 0.8/1.0 MB | 1.2/6.3 MB | 352/490 kB[0m
2026.03.09 20:44:13 INFO  Progress (4): 0.8/1.0 MB | 1.2/6.3 MB | 352/490 kB | 0/12 MB[0m
2026.03.09 20:44:13 INFO  Progress (4): 0.8/1.0 MB | 1.2/6.3 MB | 352/490 kB | 0/12 MB[0m
2026.03.09 20:44:13 INFO  Progress (4): 0.8/1.0 MB | 1.2/6.3 MB | 352/490 kB | 0/12 MB[0m
2026.03.09 20:44:13 INFO  Progress (4): 0.9/1.0 MB | 1.2/6.3 MB | 352/490 kB | 0/12 MB[0m
2026.03.09 20:44:13 INFO  Progress (4): 0.9/1.0 MB | 1.2/6.3 MB | 352/490 kB | 0/12 MB[0m
2026.03.09 20:44:13 INFO  Progress (4): 0.9/1.0 MB | 1.2/6.3 MB | 352/490 kB | 0/12 MB[0m
2026.03.09 20:44:13 INFO  Progress (4): 0.9/1.0 MB | 1.2/6.3 MB | 352/490 kB | 0.1/12 MB[0m
2026.03.09 20:44:13 INFO  Progress (4): 0.9/1.0 MB | 1.2/6.3 MB | 352/490 kB | 0.1/12 MB[0m
2026.03.09 20:44:13 INFO  Progress (4): 0.9/1.0 MB | 1.2/6.3 MB | 369/490 kB | 0.1/12 MB[0m
2026.03.09 20:44:13 INFO  Progress (4): 0.9/1.0 MB | 1.2/6.3 MB | 385/490 kB | 0.1/12 MB[0m
2026.03.09 20:44:13 INFO  Progress (4): 0.9/1.0 MB | 1.2/6.3 MB | 401/490 kB | 0.1/12 MB[0m
2026.03.09 20:44:13 INFO  Progress (4): 0.9/1.0 MB | 1.2/6.3 MB | 401/490 kB | 0.1/12 MB[0m
2026.03.09 20:44:13 INFO  Progress (4): 0.9/1.0 MB | 1.2/6.3 MB | 401/490 kB | 0.1/12 MB[0m
2026.03.09 20:44:13 INFO  Progress (4): 0.9/1.0 MB | 1.2/6.3 MB | 401/490 kB | 0.1/12 MB[0m
2026.03.09 20:44:13 INFO  Progress (4): 0.9/1.0 MB | 1.2/6.3 MB | 401/490 kB | 0.1/12 MB[0m
2026.03.09 20:44:13 INFO  Progress (4): 0.9/1.0 MB | 1.2/6.3 MB | 418/490 kB | 0.1/12 MB[0m
2026.03.09 20:44:13 INFO  Progress (4): 0.9/1.0 MB | 1.2/6.3 MB | 434/490 kB | 0.1/12 MB[0m
2026.03.09 20:44:13 INFO  Progress (4): 0.9/1.0 MB | 1.2/6.3 MB | 434/490 kB | 0.1/12 MB[0m
2026.03.09 20:44:13 INFO  Progress (4): 0.9/1.0 MB | 1.2/6.3 MB | 434/490 kB | 0.1/12 MB[0m
2026.03.09 20:44:13 INFO  Progress (4): 0.9/1.0 MB | 1.2/6.3 MB | 451/490 kB | 0.1/12 MB[0m
2026.03.09 20:44:13 INFO  Progress (4): 0.9/1.0 MB | 1.2/6.3 MB | 451/490 kB | 0.1/12 MB[0m
2026.03.09 20:44:13 INFO  Progress (4): 0.9/1.0 MB | 1.2/6.3 MB | 451/490 kB | 0.1/12 MB[0m
2026.03.09 20:44:13 INFO  Progress (4): 0.9/1.0 MB | 1.2/6.3 MB | 451/490 kB | 0.1/12 MB[0m
2026.03.09 20:44:13 INFO  Progress (4): 0.9/1.0 MB | 1.2/6.3 MB | 451/490 kB | 0.1/12 MB[0m
2026.03.09 20:44:13 INFO  Progress (5): 0.9/1.0 MB | 1.2/6.3 MB | 451/490 kB | 0.1/12 MB | 7.7/112 kB[0m
2026.03.09 20:44:13 INFO  Progress (5): 0.9/1.0 MB | 1.2/6.3 MB | 451/490 kB | 0.1/12 MB | 16/112 kB [0m
2026.03.09 20:44:13 INFO  Progress (5): 0.9/1.0 MB | 1.2/6.3 MB | 451/490 kB | 0.1/12 MB | 25/112 kB[0m
2026.03.09 20:44:13 INFO  Progress (5): 1.0/1.0 MB | 1.2/6.3 MB | 451/490 kB | 0.1/12 MB | 25/112 kB[0m
2026.03.09 20:44:13 INFO  Progress (5): 1.0/1.0 MB | 1.2/6.3 MB | 451/490 kB | 0.1/12 MB | 41/112 kB[0m
2026.03.09 20:44:13 INFO  Progress (5): 1.0/1.0 MB | 1.2/6.3 MB | 451/490 kB | 0.1/12 MB | 41/112 kB[0m
2026.03.09 20:44:13 INFO  Progress (5): 1.0/1.0 MB | 1.2/6.3 MB | 451/490 kB | 0.1/12 MB | 57/112 kB[0m
2026.03.09 20:44:13 INFO  Progress (5): 1.0/1.0 MB | 1.2/6.3 MB | 451/490 kB | 0.1/12 MB | 74/112 kB[0m
2026.03.09 20:44:13 INFO  Progress (5): 1.0/1.0 MB | 1.2/6.3 MB | 451/490 kB | 0.1/12 MB | 90/112 kB[0m
2026.03.09 20:44:13 INFO  Progress (5): 1.0/1.0 MB | 1.2/6.3 MB | 451/490 kB | 0.1/12 MB | 90/112 kB[0m
2026.03.09 20:44:13 INFO  Progress (5): 1.0/1.0 MB | 1.3/6.3 MB | 451/490 kB | 0.1/12 MB | 90/112 kB[0m
2026.03.09 20:44:13 INFO  Progress (5): 1.0/1.0 MB | 1.3/6.3 MB | 451/490 kB | 0.1/12 MB | 90/112 kB[0m
2026.03.09 20:44:13 INFO  Progress (5): 1.0/1.0 MB | 1.3/6.3 MB | 451/490 kB | 0.1/12 MB | 90/112 kB[0m
2026.03.09 20:44:13 INFO  Progress (5): 1.0/1.0 MB | 1.3/6.3 MB | 451/490 kB | 0.1/12 MB | 90/112 kB[0m
2026.03.09 20:44:13 INFO  Progress (5): 1.0/1.0 MB | 1.3/6.3 MB | 451/490 kB | 0.1/12 MB | 90/112 kB[0m
2026.03.09 20:44:14 INFO  Progress (5): 1.0/1.0 MB | 1.3/6.3 MB | 451/490 kB | 0.1/12 MB | 90/112 kB[0m
2026.03.09 20:44:14 INFO  Progress (5): 1.0/1.0 MB | 1.4/6.3 MB | 451/490 kB | 0.1/12 MB | 90/112 kB[0m
2026.03.09 20:44:14 INFO  Progress (5): 1.0/1.0 MB | 1.4/6.3 MB | 451/490 kB | 0.1/12 MB | 90/112 kB[0m
2026.03.09 20:44:14 INFO  Progress (5): 1.0/1.0 MB | 1.4/6.3 MB | 451/490 kB | 0.1/12 MB | 90/112 kB[0m
2026.03.09 20:44:14 INFO  Progress (5): 1.0/1.0 MB | 1.4/6.3 MB | 451/490 kB | 0.1/12 MB | 90/112 kB[0m
2026.03.09 20:44:14 INFO  Progress (5): 1.0/1.0 MB | 1.4/6.3 MB | 451/490 kB | 0.1/12 MB | 90/112 kB[0m
2026.03.09 20:44:14 INFO  Progress (5): 1.0/1.0 MB | 1.4/6.3 MB | 451/490 kB | 0.2/12 MB | 90/112 kB[0m
2026.03.09 20:44:14 INFO  Progress (5): 1.0/1.0 MB | 1.4/6.3 MB | 451/490 kB | 0.2/12 MB | 90/112 kB[0m
2026.03.09 20:44:14 INFO  Progress (5): 1.0/1.0 MB | 1.4/6.3 MB | 451/490 kB | 0.2/12 MB | 90/112 kB[0m
2026.03.09 20:44:14 INFO  Progress (5): 1.0/1.0 MB | 1.4/6.3 MB | 451/490 kB | 0.2/12 MB | 90/112 kB[0m
2026.03.09 20:44:14 INFO  Progress (5): 1.0/1.0 MB | 1.5/6.3 MB | 451/490 kB | 0.2/12 MB | 90/112 kB[0m
2026.03.09 20:44:14 INFO  Progress (5): 1.0/1.0 MB | 1.5/6.3 MB | 451/490 kB | 0.2/12 MB | 90/112 kB[0m
2026.03.09 20:44:14 INFO  Progress (5): 1.0/1.0 MB | 1.5/6.3 MB | 451/490 kB | 0.2/12 MB | 90/112 kB[0m
2026.03.09 20:44:14 INFO  Progress (5): 1.0/1.0 MB | 1.5/6.3 MB | 451/490 kB | 0.2/12 MB | 90/112 kB[0m
2026.03.09 20:44:14 INFO  Progress (5): 1.0/1.0 MB | 1.5/6.3 MB | 451/490 kB | 0.2/12 MB | 90/112 kB[0m
2026.03.09 20:44:14 INFO  Progress (5): 1.0/1.0 MB | 1.5/6.3 MB | 451/490 kB | 0.2/12 MB | 90/112 kB[0m
2026.03.09 20:44:14 INFO  Progress (5): 1.0/1.0 MB | 1.5/6.3 MB | 451/490 kB | 0.2/12 MB | 90/112 kB[0m
2026.03.09 20:44:14 INFO  Progress (5): 1.0/1.0 MB | 1.6/6.3 MB | 451/490 kB | 0.2/12 MB | 90/112 kB[0m
2026.03.09 20:44:14 INFO  Progress (5): 1.0/1.0 MB | 1.6/6.3 MB | 451/490 kB | 0.2/12 MB | 90/112 kB[0m
2026.03.09 20:44:14 INFO  Progress (5): 1.0/1.0 MB | 1.6/6.3 MB | 451/490 kB | 0.2/12 MB | 90/112 kB[0m
2026.03.09 20:44:14 INFO  Progress (5): 1.0/1.0 MB | 1.6/6.3 MB | 451/490 kB | 0.2/12 MB | 90/112 kB[0m
2026.03.09 20:44:14 INFO  Progress (5): 1.0/1.0 MB | 1.6/6.3 MB | 467/490 kB | 0.2/12 MB | 90/112 kB[0m
2026.03.09 20:44:14 INFO  Progress (5): 1.0/1.0 MB | 1.6/6.3 MB | 467/490 kB | 0.2/12 MB | 90/112 kB[0m
2026.03.09 20:44:14 INFO  Progress (5): 1.0/1.0 MB | 1.6/6.3 MB | 467/490 kB | 0.2/12 MB | 90/112 kB[0m
2026.03.09 20:44:14 INFO  Progress (5): 1.0/1.0 MB | 1.6/6.3 MB | 467/490 kB | 0.2/12 MB | 90/112 kB[0m
2026.03.09 20:44:14 INFO  Progress (5): 1.0/1.0 MB | 1.6/6.3 MB | 467/490 kB | 0.2/12 MB | 90/112 kB[0m
2026.03.09 20:44:14 INFO  Progress (5): 1.0/1.0 MB | 1.6/6.3 MB | 483/490 kB | 0.2/12 MB | 90/112 kB[0m
2026.03.09 20:44:14 INFO  Progress (5): 1.0/1.0 MB | 1.6/6.3 MB | 490 kB | 0.2/12 MB | 90/112 kB    [0m
2026.03.09 20:44:14 INFO  Progress (5): 1.0 MB | 1.6/6.3 MB | 490 kB | 0.2/12 MB | 90/112 kB    [0m
2026.03.09 20:44:14 INFO  Progress (5): 1.0 MB | 1.6/6.3 MB | 490 kB | 0.2/12 MB | 90/112 kB[0m
2026.03.09 20:44:14 INFO                                                                    [0m
2026.03.09 20:44:14 INFO  Downloaded from central: https://repo.maven.apache.org/maven2/org/scala-sbt/zinc-core_2.13/1.8.0/zinc-core_2.13-1.8.0.jar (490 kB at 69 kB/s)[0m
2026.03.09 20:44:14 INFO  Downloading from central: https://repo.maven.apache.org/maven2/org/scala-sbt/util-interface/1.8.0/util-interface-1.8.0.jar[0m
2026.03.09 20:44:14 INFO  Downloaded from central: https://repo.maven.apache.org/maven2/org/apache/commons/commons-compress/1.21/commons-compress-1.21.jar (1.0 MB at 143 kB/s)[0m
2026.03.09 20:44:14 INFO  Downloading from central: https://repo.maven.apache.org/maven2/org/scala-sbt/zinc-persist-core-assembly/1.8.0/zinc-persist-core-assembly-1.8.0.jar[0m
2026.03.09 20:44:14 INFO  Progress (3): 1.6/6.3 MB | 0.2/12 MB | 90/112 kB[0m
2026.03.09 20:44:14 INFO  Progress (3): 1.6/6.3 MB | 0.3/12 MB | 90/112 kB[0m
2026.03.09 20:44:14 INFO  Progress (3): 1.6/6.3 MB | 0.3/12 MB | 90/112 kB[0m
2026.03.09 20:44:14 INFO  Progress (3): 1.6/6.3 MB | 0.3/12 MB | 106/112 kB[0m
2026.03.09 20:44:14 INFO  Progress (3): 1.6/6.3 MB | 0.3/12 MB | 112 kB    [0m
2026.03.09 20:44:14 INFO                                               [0m
2026.03.09 20:44:14 INFO  Downloaded from central: https://repo.maven.apache.org/maven2/org/scala-sbt/compiler-interface/1.8.0/compiler-interface-1.8.0.jar (112 kB at 16 kB/s)[0m
2026.03.09 20:44:14 INFO  Downloading from central: https://repo.maven.apache.org/maven2/org/scala-lang/modules/scala-parallel-collections_2.13/0.2.0/scala-parallel-collections_2.13-0.2.0.jar[0m
2026.03.09 20:44:14 INFO  Progress (2): 1.7/6.3 MB | 0.3/12 MB[0m
2026.03.09 20:44:14 INFO  Progress (2): 1.7/6.3 MB | 0.3/12 MB[0m
2026.03.09 20:44:14 INFO  Progress (2): 1.7/6.3 MB | 0.3/12 MB[0m
2026.03.09 20:44:14 INFO  Progress (2): 1.7/6.3 MB | 0.3/12 MB[0m
2026.03.09 20:44:14 INFO  Progress (3): 1.7/6.3 MB | 0.3/12 MB | 3.3 kB[0m
2026.03.09 20:44:14 INFO                                               [0m
2026.03.09 20:44:14 INFO  Downloaded from central: https://repo.maven.apache.org/maven2/org/scala-sbt/util-interface/1.8.0/util-interface-1.8.0.jar (3.3 kB at 466 B/s)[0m
2026.03.09 20:44:14 INFO  Downloading from central: https://repo.maven.apache.org/maven2/org/scala-sbt/io_2.13/1.8.0/io_2.13-1.8.0.jar[0m
2026.03.09 20:44:14 INFO  Progress (3): 1.7/6.3 MB | 0.3/12 MB | 0/2.6 MB[0m
2026.03.09 20:44:14 INFO  Progress (3): 1.7/6.3 MB | 0.3/12 MB | 0/2.6 MB[0m
2026.03.09 20:44:14 INFO  Progress (3): 1.7/6.3 MB | 0.3/12 MB | 0/2.6 MB[0m
2026.03.09 20:44:14 INFO  Progress (3): 1.7/6.3 MB | 0.3/12 MB | 0/2.6 MB[0m
2026.03.09 20:44:14 INFO  Progress (3): 1.7/6.3 MB | 0.3/12 MB | 0/2.6 MB[0m
2026.03.09 20:44:14 INFO  Progress (3): 1.7/6.3 MB | 0.3/12 MB | 0/2.6 MB[0m
2026.03.09 20:44:14 INFO  Progress (3): 1.7/6.3 MB | 0.3/12 MB | 0/2.6 MB[0m
2026.03.09 20:44:14 INFO  Progress (3): 1.7/6.3 MB | 0.3/12 MB | 0/2.6 MB[0m
2026.03.09 20:44:14 INFO  Progress (3): 1.8/6.3 MB | 0.3/12 MB | 0/2.6 MB[0m
2026.03.09 20:44:14 INFO  Progress (3): 1.8/6.3 MB | 0.3/12 MB | 0/2.6 MB[0m
2026.03.09 20:44:14 INFO  Progress (3): 1.8/6.3 MB | 0.3/12 MB | 0/2.6 MB[0m
2026.03.09 20:44:14 INFO  Progress (3): 1.8/6.3 MB | 0.3/12 MB | 0/2.6 MB[0m
2026.03.09 20:44:14 INFO  Progress (3): 1.8/6.3 MB | 0.3/12 MB | 0/2.6 MB[0m
2026.03.09 20:44:14 INFO  Progress (3): 1.8/6.3 MB | 0.3/12 MB | 0/2.6 MB[0m
2026.03.09 20:44:14 INFO  Progress (3): 1.8/6.3 MB | 0.3/12 MB | 0/2.6 MB[0m
2026.03.09 20:44:14 INFO  Progress (3): 1.8/6.3 MB | 0.3/12 MB | 0/2.6 MB[0m
2026.03.09 20:44:14 INFO  Progress (3): 1.8/6.3 MB | 0.3/12 MB | 0.1/2.6 MB[0m
2026.03.09 20:44:14 INFO  Progress (3): 1.8/6.3 MB | 0.3/12 MB | 0.1/2.6 MB[0m
2026.03.09 20:44:14 INFO  Progress (3): 1.8/6.3 MB | 0.4/12 MB | 0.1/2.6 MB[0m
2026.03.09 20:44:14 INFO  Progress (3): 1.8/6.3 MB | 0.4/12 MB | 0.1/2.6 MB[0m
2026.03.09 20:44:14 INFO  Progress (3): 1.8/6.3 MB | 0.4/12 MB | 0.1/2.6 MB[0m
2026.03.09 20:44:14 INFO  Progress (3): 1.9/6.3 MB | 0.4/12 MB | 0.1/2.6 MB[0m
2026.03.09 20:44:14 INFO  Progress (3): 1.9/6.3 MB | 0.4/12 MB | 0.1/2.6 MB[0m
2026.03.09 20:44:14 INFO  Progress (3): 1.9/6.3 MB | 0.4/12 MB | 0.1/2.6 MB[0m
2026.03.09 20:44:14 INFO  Progress (3): 1.9/6.3 MB | 0.4/12 MB | 0.1/2.6 MB[0m
2026.03.09 20:44:14 INFO  Progress (3): 1.9/6.3 MB | 0.4/12 MB | 0.1/2.6 MB[0m
2026.03.09 20:44:14 INFO  Progress (3): 1.9/6.3 MB | 0.4/12 MB | 0.1/2.6 MB[0m
2026.03.09 20:44:14 INFO  Progress (3): 1.9/6.3 MB | 0.4/12 MB | 0.1/2.6 MB[0m
2026.03.09 20:44:14 INFO  Progress (4): 1.9/6.3 MB | 0.4/12 MB | 0.1/2.6 MB | 0/1.1 MB[0m
2026.03.09 20:44:14 INFO  Progress (4): 1.9/6.3 MB | 0.4/12 MB | 0.1/2.6 MB | 0/1.1 MB[0m
2026.03.09 20:44:14 INFO  Progress (4): 1.9/6.3 MB | 0.4/12 MB | 0.1/2.6 MB | 0/1.1 MB[0m
2026.03.09 20:44:14 INFO  Progress (4): 1.9/6.3 MB | 0.4/12 MB | 0.1/2.6 MB | 0/1.1 MB[0m
2026.03.09 20:44:14 INFO  Progress (4): 1.9/6.3 MB | 0.4/12 MB | 0.1/2.6 MB | 0/1.1 MB[0m
2026.03.09 20:44:14 INFO  Progress (4): 1.9/6.3 MB | 0.4/12 MB | 0.1/2.6 MB | 0/1.1 MB[0m
2026.03.09 20:44:14 INFO  Progress (4): 1.9/6.3 MB | 0.4/12 MB | 0.1/2.6 MB | 0.1/1.1 MB[0m
2026.03.09 20:44:14 INFO  Progress (4): 1.9/6.3 MB | 0.4/12 MB | 0.1/2.6 MB | 0.1/1.1 MB[0m
2026.03.09 20:44:14 INFO  Progress (4): 1.9/6.3 MB | 0.4/12 MB | 0.1/2.6 MB | 0.1/1.1 MB[0m
2026.03.09 20:44:14 INFO  Progress (4): 1.9/6.3 MB | 0.4/12 MB | 0.1/2.6 MB | 0.1/1.1 MB[0m
2026.03.09 20:44:14 INFO  Progress (4): 1.9/6.3 MB | 0.4/12 MB | 0.1/2.6 MB | 0.1/1.1 MB[0m
2026.03.09 20:44:14 INFO  Progress (5): 1.9/6.3 MB | 0.4/12 MB | 0.1/2.6 MB | 0.1/1.1 MB | 7.7/636 kB[0m
2026.03.09 20:44:14 INFO  Progress (5): 1.9/6.3 MB | 0.4/12 MB | 0.1/2.6 MB | 0.1/1.1 MB | 16/636 kB [0m
2026.03.09 20:44:14 INFO  Progress (5): 1.9/6.3 MB | 0.4/12 MB | 0.1/2.6 MB | 0.1/1.1 MB | 25/636 kB[0m
2026.03.09 20:44:14 INFO  Progress (5): 2.0/6.3 MB | 0.4/12 MB | 0.1/2.6 MB | 0.1/1.1 MB | 25/636 kB[0m
2026.03.09 20:44:14 INFO  Progress (5): 2.0/6.3 MB | 0.4/12 MB | 0.1/2.6 MB | 0.1/1.1 MB | 25/636 kB[0m
2026.03.09 20:44:14 INFO  Progress (5): 2.0/6.3 MB | 0.4/12 MB | 0.1/2.6 MB | 0.1/1.1 MB | 25/636 kB[0m
2026.03.09 20:44:14 INFO  Progress (5): 2.0/6.3 MB | 0.4/12 MB | 0.1/2.6 MB | 0.1/1.1 MB | 25/636 kB[0m
2026.03.09 20:44:14 INFO  Progress (5): 2.0/6.3 MB | 0.4/12 MB | 0.2/2.6 MB | 0.1/1.1 MB | 25/636 kB[0m
2026.03.09 20:44:14 INFO  Progress (5): 2.0/6.3 MB | 0.4/12 MB | 0.2/2.6 MB | 0.1/1.1 MB | 25/636 kB[0m
2026.03.09 20:44:14 INFO  Progress (5): 2.0/6.3 MB | 0.4/12 MB | 0.2/2.6 MB | 0.1/1.1 MB | 25/636 kB[0m
2026.03.09 20:44:14 INFO  Progress (5): 2.0/6.3 MB | 0.4/12 MB | 0.2/2.6 MB | 0.1/1.1 MB | 25/636 kB[0m
2026.03.09 20:44:14 INFO  Progress (5): 2.0/6.3 MB | 0.4/12 MB | 0.2/2.6 MB | 0.1/1.1 MB | 41/636 kB[0m
2026.03.09 20:44:14 INFO  Progress (5): 2.0/6.3 MB | 0.4/12 MB | 0.2/2.6 MB | 0.1/1.1 MB | 41/636 kB[0m
2026.03.09 20:44:14 INFO  Progress (5): 2.0/6.3 MB | 0.5/12 MB | 0.2/2.6 MB | 0.1/1.1 MB | 41/636 kB[0m
2026.03.09 20:44:14 INFO  Progress (5): 2.0/6.3 MB | 0.5/12 MB | 0.2/2.6 MB | 0.1/1.1 MB | 41/636 kB[0m
2026.03.09 20:44:14 INFO  Progress (5): 2.0/6.3 MB | 0.5/12 MB | 0.2/2.6 MB | 0.1/1.1 MB | 41/636 kB[0m
2026.03.09 20:44:14 INFO  Progress (5): 2.1/6.3 MB | 0.5/12 MB | 0.2/2.6 MB | 0.1/1.1 MB | 41/636 kB[0m
2026.03.09 20:44:14 INFO  Progress (5): 2.1/6.3 MB | 0.5/12 MB | 0.2/2.6 MB | 0.1/1.1 MB | 41/636 kB[0m
2026.03.09 20:44:14 INFO  Progress (5): 2.1/6.3 MB | 0.5/12 MB | 0.2/2.6 MB | 0.1/1.1 MB | 57/636 kB[0m
2026.03.09 20:44:14 INFO  Progress (5): 2.1/6.3 MB | 0.5/12 MB | 0.2/2.6 MB | 0.1/1.1 MB | 57/636 kB[0m
2026.03.09 20:44:14 INFO  Progress (5): 2.1/6.3 MB | 0.5/12 MB | 0.2/2.6 MB | 0.1/1.1 MB | 57/636 kB[0m
2026.03.09 20:44:14 INFO  Progress (5): 2.1/6.3 MB | 0.5/12 MB | 0.2/2.6 MB | 0.1/1.1 MB | 57/636 kB[0m
2026.03.09 20:44:14 INFO  Progress (5): 2.1/6.3 MB | 0.5/12 MB | 0.2/2.6 MB | 0.1/1.1 MB | 57/636 kB[0m
2026.03.09 20:44:14 INFO  Progress (5): 2.1/6.3 MB | 0.5/12 MB | 0.2/2.6 MB | 0.1/1.1 MB | 57/636 kB[0m
2026.03.09 20:44:14 INFO  Progress (5): 2.1/6.3 MB | 0.5/12 MB | 0.2/2.6 MB | 0.1/1.1 MB | 57/636 kB[0m
2026.03.09 20:44:14 INFO  Progress (5): 2.1/6.3 MB | 0.5/12 MB | 0.2/2.6 MB | 0.1/1.1 MB | 74/636 kB[0m
2026.03.09 20:44:14 INFO  Progress (5): 2.1/6.3 MB | 0.5/12 MB | 0.2/2.6 MB | 0.1/1.1 MB | 74/636 kB[0m
2026.03.09 20:44:14 INFO  Progress (5): 2.1/6.3 MB | 0.5/12 MB | 0.2/2.6 MB | 0.1/1.1 MB | 74/636 kB[0m
2026.03.09 20:44:14 INFO  Progress (5): 2.1/6.3 MB | 0.5/12 MB | 0.2/2.6 MB | 0.1/1.1 MB | 74/636 kB[0m
2026.03.09 20:44:14 INFO  Progress (5): 2.1/6.3 MB | 0.5/12 MB | 0.2/2.6 MB | 0.1/1.1 MB | 74/636 kB[0m
2026.03.09 20:44:14 INFO  Progress (5): 2.1/6.3 MB | 0.5/12 MB | 0.2/2.6 MB | 0.1/1.1 MB | 74/636 kB[0m
2026.03.09 20:44:14 INFO  Progress (5): 2.1/6.3 MB | 0.5/12 MB | 0.2/2.6 MB | 0.1/1.1 MB | 74/636 kB[0m
2026.03.09 20:44:14 INFO  Progress (5): 2.1/6.3 MB | 0.5/12 MB | 0.2/2.6 MB | 0.1/1.1 MB | 74/636 kB[0m
2026.03.09 20:44:14 INFO  Progress (5): 2.1/6.3 MB | 0.5/12 MB | 0.2/2.6 MB | 0.1/1.1 MB | 74/636 kB[0m
2026.03.09 20:44:14 INFO  Progress (5): 2.1/6.3 MB | 0.5/12 MB | 0.2/2.6 MB | 0.1/1.1 MB | 74/636 kB[0m
2026.03.09 20:44:14 INFO  Progress (5): 2.1/6.3 MB | 0.5/12 MB | 0.2/2.6 MB | 0.2/1.1 MB | 74/636 kB[0m
2026.03.09 20:44:14 INFO  Progress (5): 2.2/6.3 MB | 0.5/12 MB | 0.2/2.6 MB | 0.2/1.1 MB | 74/636 kB[0m
2026.03.09 20:44:14 INFO  Progress (5): 2.2/6.3 MB | 0.5/12 MB | 0.2/2.6 MB | 0.2/1.1 MB | 90/636 kB[0m
2026.03.09 20:44:14 INFO  Progress (5): 2.2/6.3 MB | 0.5/12 MB | 0.2/2.6 MB | 0.2/1.1 MB | 90/636 kB[0m
2026.03.09 20:44:14 INFO  Progress (5): 2.2/6.3 MB | 0.5/12 MB | 0.2/2.6 MB | 0.2/1.1 MB | 90/636 kB[0m
2026.03.09 20:44:14 INFO  Progress (5): 2.2/6.3 MB | 0.5/12 MB | 0.2/2.6 MB | 0.2/1.1 MB | 90/636 kB[0m
2026.03.09 20:44:14 INFO  Progress (5): 2.2/6.3 MB | 0.5/12 MB | 0.2/2.6 MB | 0.2/1.1 MB | 90/636 kB[0m
2026.03.09 20:44:15 INFO  Progress (5): 2.2/6.3 MB | 0.5/12 MB | 0.2/2.6 MB | 0.2/1.1 MB | 90/636 kB[0m
2026.03.09 20:44:15 INFO  Progress (5): 2.2/6.3 MB | 0.5/12 MB | 0.2/2.6 MB | 0.2/1.1 MB | 90/636 kB[0m
2026.03.09 20:44:15 INFO  Progress (5): 2.2/6.3 MB | 0.5/12 MB | 0.2/2.6 MB | 0.2/1.1 MB | 90/636 kB[0m
2026.03.09 20:44:15 INFO  Progress (5): 2.2/6.3 MB | 0.5/12 MB | 0.2/2.6 MB | 0.2/1.1 MB | 90/636 kB[0m
2026.03.09 20:44:15 INFO  Progress (5): 2.2/6.3 MB | 0.5/12 MB | 0.2/2.6 MB | 0.2/1.1 MB | 106/636 kB[0m
2026.03.09 20:44:15 INFO  Progress (5): 2.3/6.3 MB | 0.5/12 MB | 0.2/2.6 MB | 0.2/1.1 MB | 106/636 kB[0m
2026.03.09 20:44:15 INFO  Progress (5): 2.3/6.3 MB | 0.5/12 MB | 0.2/2.6 MB | 0.2/1.1 MB | 106/636 kB[0m
2026.03.09 20:44:15 INFO  Progress (5): 2.3/6.3 MB | 0.5/12 MB | 0.2/2.6 MB | 0.2/1.1 MB | 106/636 kB[0m
2026.03.09 20:44:15 INFO  Progress (5): 2.3/6.3 MB | 0.5/12 MB | 0.2/2.6 MB | 0.2/1.1 MB | 106/636 kB[0m
2026.03.09 20:44:15 INFO  Progress (5): 2.3/6.3 MB | 0.6/12 MB | 0.2/2.6 MB | 0.2/1.1 MB | 106/636 kB[0m
2026.03.09 20:44:15 INFO  Progress (5): 2.3/6.3 MB | 0.6/12 MB | 0.2/2.6 MB | 0.2/1.1 MB | 106/636 kB[0m
2026.03.09 20:44:16 INFO  Progress (5): 2.3/6.3 MB | 0.6/12 MB | 0.2/2.6 MB | 0.2/1.1 MB | 106/636 kB[0m
2026.03.09 20:44:16 INFO  Progress (5): 2.3/6.3 MB | 0.6/12 MB | 0.2/2.6 MB | 0.2/1.1 MB | 106/636 kB[0m
2026.03.09 20:44:16 INFO  Progress (5): 2.3/6.3 MB | 0.6/12 MB | 0.2/2.6 MB | 0.2/1.1 MB | 106/636 kB[0m
2026.03.09 20:44:16 INFO  Progress (5): 2.3/6.3 MB | 0.6/12 MB | 0.3/2.6 MB | 0.2/1.1 MB | 106/636 kB[0m
2026.03.09 20:44:16 INFO  Progress (5): 2.3/6.3 MB | 0.6/12 MB | 0.3/2.6 MB | 0.2/1.1 MB | 106/636 kB[0m
2026.03.09 20:44:16 INFO  Progress (5): 2.3/6.3 MB | 0.6/12 MB | 0.3/2.6 MB | 0.2/1.1 MB | 123/636 kB[0m
2026.03.09 20:44:16 INFO  Progress (5): 2.3/6.3 MB | 0.6/12 MB | 0.3/2.6 MB | 0.2/1.1 MB | 123/636 kB[0m
2026.03.09 20:44:16 INFO  Progress (5): 2.3/6.3 MB | 0.6/12 MB | 0.3/2.6 MB | 0.2/1.1 MB | 123/636 kB[0m
2026.03.09 20:44:16 INFO  Progress (5): 2.3/6.3 MB | 0.6/12 MB | 0.3/2.6 MB | 0.2/1.1 MB | 123/636 kB[0m
2026.03.09 20:44:16 INFO  Progress (5): 2.3/6.3 MB | 0.6/12 MB | 0.3/2.6 MB | 0.2/1.1 MB | 131/636 kB[0m
2026.03.09 20:44:16 INFO  Progress (5): 2.3/6.3 MB | 0.6/12 MB | 0.3/2.6 MB | 0.2/1.1 MB | 131/636 kB[0m
2026.03.09 20:44:16 INFO  Progress (5): 2.4/6.3 MB | 0.6/12 MB | 0.3/2.6 MB | 0.2/1.1 MB | 131/636 kB[0m
2026.03.09 20:44:16 INFO  Progress (5): 2.4/6.3 MB | 0.6/12 MB | 0.3/2.6 MB | 0.2/1.1 MB | 131/636 kB[0m
2026.03.09 20:44:16 INFO  Progress (5): 2.4/6.3 MB | 0.6/12 MB | 0.3/2.6 MB | 0.2/1.1 MB | 131/636 kB[0m
2026.03.09 20:44:16 INFO  Progress (5): 2.4/6.3 MB | 0.6/12 MB | 0.3/2.6 MB | 0.2/1.1 MB | 131/636 kB[0m
2026.03.09 20:44:16 INFO  Progress (5): 2.4/6.3 MB | 0.6/12 MB | 0.3/2.6 MB | 0.2/1.1 MB | 131/636 kB[0m
2026.03.09 20:44:16 INFO  Progress (5): 2.4/6.3 MB | 0.6/12 MB | 0.3/2.6 MB | 0.2/1.1 MB | 131/636 kB[0m
2026.03.09 20:44:16 INFO  Progress (5): 2.4/6.3 MB | 0.6/12 MB | 0.3/2.6 MB | 0.2/1.1 MB | 131/636 kB[0m
2026.03.09 20:44:16 INFO  Progress (5): 2.4/6.3 MB | 0.6/12 MB | 0.3/2.6 MB | 0.2/1.1 MB | 131/636 kB[0m
2026.03.09 20:44:16 INFO  Progress (5): 2.4/6.3 MB | 0.6/12 MB | 0.3/2.6 MB | 0.2/1.1 MB | 131/636 kB[0m
2026.03.09 20:44:16 INFO  Progress (5): 2.4/6.3 MB | 0.6/12 MB | 0.3/2.6 MB | 0.2/1.1 MB | 147/636 kB[0m
2026.03.09 20:44:16 INFO  Progress (5): 2.4/6.3 MB | 0.6/12 MB | 0.3/2.6 MB | 0.2/1.1 MB | 147/636 kB[0m
2026.03.09 20:44:16 INFO  Progress (5): 2.4/6.3 MB | 0.6/12 MB | 0.3/2.6 MB | 0.2/1.1 MB | 147/636 kB[0m
2026.03.09 20:44:16 INFO  Progress (5): 2.4/6.3 MB | 0.7/12 MB | 0.3/2.6 MB | 0.2/1.1 MB | 147/636 kB[0m
2026.03.09 20:44:16 INFO  Progress (5): 2.4/6.3 MB | 0.7/12 MB | 0.3/2.6 MB | 0.2/1.1 MB | 147/636 kB[0m
2026.03.09 20:44:16 INFO  Progress (5): 2.5/6.3 MB | 0.7/12 MB | 0.3/2.6 MB | 0.2/1.1 MB | 147/636 kB[0m
2026.03.09 20:44:16 INFO  Progress (5): 2.5/6.3 MB | 0.7/12 MB | 0.3/2.6 MB | 0.2/1.1 MB | 147/636 kB[0m
2026.03.09 20:44:16 INFO  Progress (5): 2.5/6.3 MB | 0.7/12 MB | 0.3/2.6 MB | 0.2/1.1 MB | 147/636 kB[0m
2026.03.09 20:44:16 INFO  Progress (5): 2.5/6.3 MB | 0.7/12 MB | 0.3/2.6 MB | 0.2/1.1 MB | 147/636 kB[0m
2026.03.09 20:44:16 INFO  Progress (5): 2.5/6.3 MB | 0.7/12 MB | 0.3/2.6 MB | 0.2/1.1 MB | 147/636 kB[0m
2026.03.09 20:44:16 INFO  Progress (5): 2.5/6.3 MB | 0.7/12 MB | 0.3/2.6 MB | 0.2/1.1 MB | 147/636 kB[0m
2026.03.09 20:44:16 INFO  Progress (5): 2.5/6.3 MB | 0.7/12 MB | 0.3/2.6 MB | 0.2/1.1 MB | 147/636 kB[0m
2026.03.09 20:44:16 INFO  Progress (5): 2.5/6.3 MB | 0.7/12 MB | 0.3/2.6 MB | 0.2/1.1 MB | 147/636 kB[0m
2026.03.09 20:44:16 INFO  Progress (5): 2.5/6.3 MB | 0.7/12 MB | 0.3/2.6 MB | 0.2/1.1 MB | 147/636 kB[0m
2026.03.09 20:44:16 INFO  Progress (5): 2.5/6.3 MB | 0.7/12 MB | 0.3/2.6 MB | 0.2/1.1 MB | 147/636 kB[0m
2026.03.09 20:44:16 INFO  Progress (5): 2.5/6.3 MB | 0.7/12 MB | 0.3/2.6 MB | 0.2/1.1 MB | 164/636 kB[0m
2026.03.09 20:44:16 INFO  Progress (5): 2.5/6.3 MB | 0.7/12 MB | 0.3/2.6 MB | 0.2/1.1 MB | 164/636 kB[0m
2026.03.09 20:44:16 INFO  Progress (5): 2.6/6.3 MB | 0.7/12 MB | 0.3/2.6 MB | 0.2/1.1 MB | 164/636 kB[0m
2026.03.09 20:44:16 INFO  Progress (5): 2.6/6.3 MB | 0.7/12 MB | 0.3/2.6 MB | 0.2/1.1 MB | 164/636 kB[0m
2026.03.09 20:44:16 INFO  Progress (5): 2.6/6.3 MB | 0.7/12 MB | 0.3/2.6 MB | 0.2/1.1 MB | 164/636 kB[0m
2026.03.09 20:44:16 INFO  Progress (5): 2.6/6.3 MB | 0.7/12 MB | 0.4/2.6 MB | 0.2/1.1 MB | 164/636 kB[0m
2026.03.09 20:44:16 INFO  Progress (5): 2.6/6.3 MB | 0.7/12 MB | 0.4/2.6 MB | 0.2/1.1 MB | 164/636 kB[0m
2026.03.09 20:44:16 INFO  Progress (5): 2.6/6.3 MB | 0.7/12 MB | 0.4/2.6 MB | 0.2/1.1 MB | 164/636 kB[0m
2026.03.09 20:44:16 INFO  Progress (5): 2.6/6.3 MB | 0.7/12 MB | 0.4/2.6 MB | 0.2/1.1 MB | 164/636 kB[0m
2026.03.09 20:44:16 INFO  Progress (5): 2.6/6.3 MB | 0.7/12 MB | 0.4/2.6 MB | 0.2/1.1 MB | 180/636 kB[0m
2026.03.09 20:44:16 INFO  Progress (5): 2.6/6.3 MB | 0.7/12 MB | 0.4/2.6 MB | 0.2/1.1 MB | 180/636 kB[0m
2026.03.09 20:44:16 INFO  Progress (5): 2.6/6.3 MB | 0.7/12 MB | 0.4/2.6 MB | 0.2/1.1 MB | 180/636 kB[0m
2026.03.09 20:44:16 INFO  Progress (5): 2.6/6.3 MB | 0.7/12 MB | 0.4/2.6 MB | 0.2/1.1 MB | 180/636 kB[0m
2026.03.09 20:44:16 INFO  Progress (5): 2.6/6.3 MB | 0.7/12 MB | 0.4/2.6 MB | 0.2/1.1 MB | 180/636 kB[0m
2026.03.09 20:44:16 INFO  Progress (5): 2.6/6.3 MB | 0.8/12 MB | 0.4/2.6 MB | 0.2/1.1 MB | 180/636 kB[0m
2026.03.09 20:44:16 INFO  Progress (5): 2.6/6.3 MB | 0.8/12 MB | 0.4/2.6 MB | 0.2/1.1 MB | 180/636 kB[0m
2026.03.09 20:44:16 INFO  Progress (5): 2.7/6.3 MB | 0.8/12 MB | 0.4/2.6 MB | 0.2/1.1 MB | 180/636 kB[0m
2026.03.09 20:44:16 INFO  Progress (5): 2.7/6.3 MB | 0.8/12 MB | 0.4/2.6 MB | 0.2/1.1 MB | 180/636 kB[0m
2026.03.09 20:44:16 INFO  Progress (5): 2.7/6.3 MB | 0.8/12 MB | 0.4/2.6 MB | 0.2/1.1 MB | 197/636 kB[0m
2026.03.09 20:44:16 INFO  Progress (5): 2.7/6.3 MB | 0.8/12 MB | 0.4/2.6 MB | 0.2/1.1 MB | 197/636 kB[0m
2026.03.09 20:44:16 INFO  Progress (5): 2.7/6.3 MB | 0.8/12 MB | 0.4/2.6 MB | 0.2/1.1 MB | 197/636 kB[0m
2026.03.09 20:44:16 INFO  Progress (5): 2.7/6.3 MB | 0.8/12 MB | 0.4/2.6 MB | 0.3/1.1 MB | 197/636 kB[0m
2026.03.09 20:44:16 INFO  Progress (5): 2.7/6.3 MB | 0.8/12 MB | 0.4/2.6 MB | 0.3/1.1 MB | 197/636 kB[0m
2026.03.09 20:44:16 INFO  Progress (5): 2.7/6.3 MB | 0.8/12 MB | 0.4/2.6 MB | 0.3/1.1 MB | 197/636 kB[0m
2026.03.09 20:44:16 INFO  Progress (5): 2.7/6.3 MB | 0.8/12 MB | 0.4/2.6 MB | 0.3/1.1 MB | 197/636 kB[0m
2026.03.09 20:44:16 INFO  Progress (5): 2.7/6.3 MB | 0.8/12 MB | 0.4/2.6 MB | 0.3/1.1 MB | 197/636 kB[0m
2026.03.09 20:44:16 INFO  Progress (5): 2.7/6.3 MB | 0.8/12 MB | 0.4/2.6 MB | 0.3/1.1 MB | 197/636 kB[0m
2026.03.09 20:44:16 INFO  Progress (5): 2.7/6.3 MB | 0.8/12 MB | 0.4/2.6 MB | 0.3/1.1 MB | 197/636 kB[0m
2026.03.09 20:44:16 INFO  Progress (5): 2.7/6.3 MB | 0.8/12 MB | 0.4/2.6 MB | 0.3/1.1 MB | 197/636 kB[0m
2026.03.09 20:44:16 INFO  Progress (5): 2.7/6.3 MB | 0.8/12 MB | 0.4/2.6 MB | 0.3/1.1 MB | 213/636 kB[0m
2026.03.09 20:44:16 INFO  Progress (5): 2.7/6.3 MB | 0.8/12 MB | 0.4/2.6 MB | 0.3/1.1 MB | 213/636 kB[0m
2026.03.09 20:44:16 INFO  Progress (5): 2.8/6.3 MB | 0.8/12 MB | 0.4/2.6 MB | 0.3/1.1 MB | 213/636 kB[0m
2026.03.09 20:44:16 INFO  Progress (5): 2.8/6.3 MB | 0.8/12 MB | 0.4/2.6 MB | 0.3/1.1 MB | 213/636 kB[0m
2026.03.09 20:44:16 INFO  Progress (5): 2.8/6.3 MB | 0.8/12 MB | 0.4/2.6 MB | 0.3/1.1 MB | 213/636 kB[0m
2026.03.09 20:44:16 INFO  Progress (5): 2.8/6.3 MB | 0.8/12 MB | 0.4/2.6 MB | 0.3/1.1 MB | 213/636 kB[0m
2026.03.09 20:44:16 INFO  Progress (5): 2.8/6.3 MB | 0.8/12 MB | 0.4/2.6 MB | 0.3/1.1 MB | 213/636 kB[0m
2026.03.09 20:44:16 INFO  Progress (5): 2.8/6.3 MB | 0.8/12 MB | 0.4/2.6 MB | 0.3/1.1 MB | 213/636 kB[0m
2026.03.09 20:44:16 INFO  Progress (5): 2.8/6.3 MB | 0.8/12 MB | 0.4/2.6 MB | 0.3/1.1 MB | 213/636 kB[0m
2026.03.09 20:44:16 INFO  Progress (5): 2.8/6.3 MB | 0.8/12 MB | 0.4/2.6 MB | 0.3/1.1 MB | 213/636 kB[0m
2026.03.09 20:44:16 INFO  Progress (5): 2.8/6.3 MB | 0.8/12 MB | 0.4/2.6 MB | 0.3/1.1 MB | 229/636 kB[0m
2026.03.09 20:44:16 INFO  Progress (5): 2.8/6.3 MB | 0.8/12 MB | 0.4/2.6 MB | 0.3/1.1 MB | 229/636 kB[0m
2026.03.09 20:44:16 INFO  Progress (5): 2.8/6.3 MB | 0.8/12 MB | 0.5/2.6 MB | 0.3/1.1 MB | 229/636 kB[0m
2026.03.09 20:44:16 INFO  Progress (5): 2.8/6.3 MB | 0.9/12 MB | 0.5/2.6 MB | 0.3/1.1 MB | 229/636 kB[0m
2026.03.09 20:44:16 INFO  Progress (5): 2.8/6.3 MB | 0.9/12 MB | 0.5/2.6 MB | 0.3/1.1 MB | 229/636 kB[0m
2026.03.09 20:44:16 INFO  Progress (5): 2.8/6.3 MB | 0.9/12 MB | 0.5/2.6 MB | 0.3/1.1 MB | 229/636 kB[0m
2026.03.09 20:44:16 INFO  Progress (5): 2.8/6.3 MB | 0.9/12 MB | 0.5/2.6 MB | 0.3/1.1 MB | 229/636 kB[0m
2026.03.09 20:44:16 INFO  Progress (5): 2.9/6.3 MB | 0.9/12 MB | 0.5/2.6 MB | 0.3/1.1 MB | 229/636 kB[0m
2026.03.09 20:44:16 INFO  Progress (5): 2.9/6.3 MB | 0.9/12 MB | 0.5/2.6 MB | 0.3/1.1 MB | 229/636 kB[0m
2026.03.09 20:44:16 INFO  Progress (5): 2.9/6.3 MB | 0.9/12 MB | 0.5/2.6 MB | 0.3/1.1 MB | 246/636 kB[0m
2026.03.09 20:44:16 INFO  Progress (5): 2.9/6.3 MB | 0.9/12 MB | 0.5/2.6 MB | 0.3/1.1 MB | 246/636 kB[0m
2026.03.09 20:44:16 INFO  Progress (5): 2.9/6.3 MB | 0.9/12 MB | 0.5/2.6 MB | 0.3/1.1 MB | 246/636 kB[0m
2026.03.09 20:44:16 INFO  Progress (5): 2.9/6.3 MB | 0.9/12 MB | 0.5/2.6 MB | 0.3/1.1 MB | 246/636 kB[0m
2026.03.09 20:44:16 INFO  Progress (5): 2.9/6.3 MB | 0.9/12 MB | 0.5/2.6 MB | 0.3/1.1 MB | 246/636 kB[0m
2026.03.09 20:44:16 INFO  Progress (5): 2.9/6.3 MB | 0.9/12 MB | 0.5/2.6 MB | 0.3/1.1 MB | 246/636 kB[0m
2026.03.09 20:44:16 INFO  Progress (5): 2.9/6.3 MB | 0.9/12 MB | 0.5/2.6 MB | 0.3/1.1 MB | 246/636 kB[0m
2026.03.09 20:44:16 INFO  Progress (5): 2.9/6.3 MB | 0.9/12 MB | 0.5/2.6 MB | 0.3/1.1 MB | 246/636 kB[0m
2026.03.09 20:44:16 INFO  Progress (5): 2.9/6.3 MB | 0.9/12 MB | 0.5/2.6 MB | 0.3/1.1 MB | 246/636 kB[0m
2026.03.09 20:44:16 INFO  Progress (5): 2.9/6.3 MB | 0.9/12 MB | 0.5/2.6 MB | 0.3/1.1 MB | 262/636 kB[0m
2026.03.09 20:44:16 INFO  Progress (5): 2.9/6.3 MB | 0.9/12 MB | 0.5/2.6 MB | 0.3/1.1 MB | 262/636 kB[0m
2026.03.09 20:44:16 INFO  Progress (5): 2.9/6.3 MB | 0.9/12 MB | 0.5/2.6 MB | 0.3/1.1 MB | 262/636 kB[0m
2026.03.09 20:44:16 INFO  Progress (5): 2.9/6.3 MB | 0.9/12 MB | 0.5/2.6 MB | 0.3/1.1 MB | 262/636 kB[0m
2026.03.09 20:44:16 INFO  Progress (5): 2.9/6.3 MB | 0.9/12 MB | 0.5/2.6 MB | 0.3/1.1 MB | 262/636 kB[0m
2026.03.09 20:44:16 INFO  Progress (5): 3.0/6.3 MB | 0.9/12 MB | 0.5/2.6 MB | 0.3/1.1 MB | 262/636 kB[0m
2026.03.09 20:44:16 INFO  Progress (5): 3.0/6.3 MB | 1.0/12 MB | 0.5/2.6 MB | 0.3/1.1 MB | 262/636 kB[0m
2026.03.09 20:44:16 INFO  Progress (5): 3.0/6.3 MB | 1.0/12 MB | 0.5/2.6 MB | 0.3/1.1 MB | 262/636 kB[0m
2026.03.09 20:44:16 INFO  Progress (5): 3.0/6.3 MB | 1.0/12 MB | 0.5/2.6 MB | 0.3/1.1 MB | 262/636 kB[0m
2026.03.09 20:44:16 INFO  Progress (5): 3.0/6.3 MB | 1.0/12 MB | 0.5/2.6 MB | 0.3/1.1 MB | 262/636 kB[0m
2026.03.09 20:44:16 INFO  Progress (5): 3.0/6.3 MB | 1.0/12 MB | 0.5/2.6 MB | 0.3/1.1 MB | 262/636 kB[0m
2026.03.09 20:44:16 INFO  Progress (5): 3.0/6.3 MB | 1.0/12 MB | 0.5/2.6 MB | 0.3/1.1 MB | 279/636 kB[0m
2026.03.09 20:44:16 INFO  Progress (5): 3.0/6.3 MB | 1.0/12 MB | 0.5/2.6 MB | 0.3/1.1 MB | 279/636 kB[0m
2026.03.09 20:44:16 INFO  Progress (5): 3.0/6.3 MB | 1.0/12 MB | 0.6/2.6 MB | 0.3/1.1 MB | 279/636 kB[0m
2026.03.09 20:44:16 INFO  Progress (5): 3.0/6.3 MB | 1.0/12 MB | 0.6/2.6 MB | 0.3/1.1 MB | 279/636 kB[0m
2026.03.09 20:44:16 INFO  Progress (5): 3.0/6.3 MB | 1.0/12 MB | 0.6/2.6 MB | 0.3/1.1 MB | 279/636 kB[0m
2026.03.09 20:44:16 INFO  Progress (5): 3.0/6.3 MB | 1.0/12 MB | 0.6/2.6 MB | 0.3/1.1 MB | 279/636 kB[0m
2026.03.09 20:44:16 INFO  Progress (5): 3.0/6.3 MB | 1.0/12 MB | 0.6/2.6 MB | 0.3/1.1 MB | 279/636 kB[0m
2026.03.09 20:44:16 INFO  Progress (5): 3.0/6.3 MB | 1.0/12 MB | 0.6/2.6 MB | 0.3/1.1 MB | 295/636 kB[0m
2026.03.09 20:44:16 INFO  Progress (5): 3.0/6.3 MB | 1.0/12 MB | 0.6/2.6 MB | 0.3/1.1 MB | 295/636 kB[0m
2026.03.09 20:44:17 INFO  Progress (5): 3.0/6.3 MB | 1.0/12 MB | 0.6/2.6 MB | 0.3/1.1 MB | 295/636 kB[0m
2026.03.09 20:44:17 INFO  Progress (5): 3.0/6.3 MB | 1.0/12 MB | 0.6/2.6 MB | 0.3/1.1 MB | 295/636 kB[0m
2026.03.09 20:44:17 INFO  Progress (5): 3.1/6.3 MB | 1.0/12 MB | 0.6/2.6 MB | 0.3/1.1 MB | 295/636 kB[0m
2026.03.09 20:44:17 INFO  Progress (5): 3.1/6.3 MB | 1.0/12 MB | 0.6/2.6 MB | 0.3/1.1 MB | 295/636 kB[0m
2026.03.09 20:44:17 INFO  Progress (5): 3.1/6.3 MB | 1.0/12 MB | 0.6/2.6 MB | 0.3/1.1 MB | 295/636 kB[0m
2026.03.09 20:44:17 INFO  Progress (5): 3.1/6.3 MB | 1.0/12 MB | 0.6/2.6 MB | 0.3/1.1 MB | 295/636 kB[0m
2026.03.09 20:44:17 INFO  Progress (5): 3.1/6.3 MB | 1.0/12 MB | 0.6/2.6 MB | 0.3/1.1 MB | 295/636 kB[0m
2026.03.09 20:44:17 INFO  Progress (5): 3.1/6.3 MB | 1.0/12 MB | 0.6/2.6 MB | 0.3/1.1 MB | 295/636 kB[0m
2026.03.09 20:44:17 INFO  Progress (5): 3.1/6.3 MB | 1.1/12 MB | 0.6/2.6 MB | 0.3/1.1 MB | 295/636 kB[0m
2026.03.09 20:44:17 INFO  Progress (5): 3.1/6.3 MB | 1.1/12 MB | 0.6/2.6 MB | 0.3/1.1 MB | 311/636 kB[0m
2026.03.09 20:44:18 INFO  Progress (5): 3.1/6.3 MB | 1.1/12 MB | 0.6/2.6 MB | 0.3/1.1 MB | 311/636 kB[0m
2026.03.09 20:44:18 INFO  Progress (5): 3.1/6.3 MB | 1.1/12 MB | 0.6/2.6 MB | 0.3/1.1 MB | 311/636 kB[0m
2026.03.09 20:44:18 INFO  Progress (5): 3.1/6.3 MB | 1.1/12 MB | 0.6/2.6 MB | 0.3/1.1 MB | 311/636 kB[0m
2026.03.09 20:44:18 INFO  Progress (5): 3.1/6.3 MB | 1.1/12 MB | 0.6/2.6 MB | 0.3/1.1 MB | 311/636 kB[0m
2026.03.09 20:44:18 INFO  Progress (5): 3.1/6.3 MB | 1.1/12 MB | 0.6/2.6 MB | 0.3/1.1 MB | 311/636 kB[0m
2026.03.09 20:44:18 INFO  Progress (5): 3.2/6.3 MB | 1.1/12 MB | 0.6/2.6 MB | 0.3/1.1 MB | 311/636 kB[0m
2026.03.09 20:44:18 INFO  Progress (5): 3.2/6.3 MB | 1.1/12 MB | 0.6/2.6 MB | 0.3/1.1 MB | 311/636 kB[0m
2026.03.09 20:44:18 INFO  Progress (5): 3.2/6.3 MB | 1.1/12 MB | 0.6/2.6 MB | 0.3/1.1 MB | 311/636 kB[0m
2026.03.09 20:44:18 INFO  Progress (5): 3.2/6.3 MB | 1.1/12 MB | 0.6/2.6 MB | 0.3/1.1 MB | 311/636 kB[0m
2026.03.09 20:44:18 INFO  Progress (5): 3.2/6.3 MB | 1.1/12 MB | 0.6/2.6 MB | 0.3/1.1 MB | 311/636 kB[0m
2026.03.09 20:44:18 INFO  Progress (5): 3.2/6.3 MB | 1.1/12 MB | 0.6/2.6 MB | 0.3/1.1 MB | 311/636 kB[0m
2026.03.09 20:44:18 INFO  Progress (5): 3.2/6.3 MB | 1.1/12 MB | 0.6/2.6 MB | 0.3/1.1 MB | 311/636 kB[0m
2026.03.09 20:44:18 INFO  Progress (5): 3.3/6.3 MB | 1.1/12 MB | 0.6/2.6 MB | 0.3/1.1 MB | 311/636 kB[0m
2026.03.09 20:44:18 INFO  Progress (5): 3.3/6.3 MB | 1.1/12 MB | 0.6/2.6 MB | 0.3/1.1 MB | 311/636 kB[0m
2026.03.09 20:44:18 INFO  Progress (5): 3.3/6.3 MB | 1.1/12 MB | 0.6/2.6 MB | 0.3/1.1 MB | 328/636 kB[0m
2026.03.09 20:44:18 INFO  Progress (5): 3.3/6.3 MB | 1.1/12 MB | 0.6/2.6 MB | 0.3/1.1 MB | 344/636 kB[0m
2026.03.09 20:44:18 INFO  Progress (5): 3.3/6.3 MB | 1.1/12 MB | 0.6/2.6 MB | 0.3/1.1 MB | 344/636 kB[0m
2026.03.09 20:44:18 INFO  Progress (5): 3.3/6.3 MB | 1.1/12 MB | 0.6/2.6 MB | 0.3/1.1 MB | 344/636 kB[0m
2026.03.09 20:44:18 INFO  Progress (5): 3.3/6.3 MB | 1.1/12 MB | 0.6/2.6 MB | 0.3/1.1 MB | 360/636 kB[0m
2026.03.09 20:44:18 INFO  Progress (5): 3.3/6.3 MB | 1.1/12 MB | 0.6/2.6 MB | 0.3/1.1 MB | 360/636 kB[0m
2026.03.09 20:44:18 INFO  Progress (5): 3.3/6.3 MB | 1.1/12 MB | 0.6/2.6 MB | 0.3/1.1 MB | 360/636 kB[0m
2026.03.09 20:44:18 INFO  Progress (5): 3.3/6.3 MB | 1.1/12 MB | 0.6/2.6 MB | 0.3/1.1 MB | 360/636 kB[0m
2026.03.09 20:44:18 INFO  Progress (5): 3.3/6.3 MB | 1.1/12 MB | 0.6/2.6 MB | 0.3/1.1 MB | 360/636 kB[0m
2026.03.09 20:44:18 INFO  Progress (5): 3.3/6.3 MB | 1.2/12 MB | 0.6/2.6 MB | 0.3/1.1 MB | 360/636 kB[0m
2026.03.09 20:44:18 INFO  Progress (5): 3.3/6.3 MB | 1.2/12 MB | 0.6/2.6 MB | 0.3/1.1 MB | 360/636 kB[0m
2026.03.09 20:44:18 INFO  Progress (5): 3.3/6.3 MB | 1.2/12 MB | 0.6/2.6 MB | 0.3/1.1 MB | 360/636 kB[0m
2026.03.09 20:44:18 INFO  Progress (5): 3.3/6.3 MB | 1.2/12 MB | 0.6/2.6 MB | 0.3/1.1 MB | 360/636 kB[0m
2026.03.09 20:44:18 INFO  Progress (5): 3.3/6.3 MB | 1.2/12 MB | 0.6/2.6 MB | 0.3/1.1 MB | 377/636 kB[0m
2026.03.09 20:44:18 INFO  Progress (5): 3.3/6.3 MB | 1.2/12 MB | 0.6/2.6 MB | 0.3/1.1 MB | 377/636 kB[0m
2026.03.09 20:44:18 INFO  Progress (5): 3.3/6.3 MB | 1.2/12 MB | 0.7/2.6 MB | 0.3/1.1 MB | 377/636 kB[0m
2026.03.09 20:44:18 INFO  Progress (5): 3.3/6.3 MB | 1.2/12 MB | 0.7/2.6 MB | 0.3/1.1 MB | 377/636 kB[0m
2026.03.09 20:44:18 INFO  Progress (5): 3.3/6.3 MB | 1.2/12 MB | 0.7/2.6 MB | 0.3/1.1 MB | 377/636 kB[0m
2026.03.09 20:44:18 INFO  Progress (5): 3.3/6.3 MB | 1.2/12 MB | 0.7/2.6 MB | 0.3/1.1 MB | 377/636 kB[0m
2026.03.09 20:44:18 INFO  Progress (5): 3.3/6.3 MB | 1.2/12 MB | 0.7/2.6 MB | 0.3/1.1 MB | 393/636 kB[0m
2026.03.09 20:44:19 INFO  Progress (5): 3.3/6.3 MB | 1.2/12 MB | 0.7/2.6 MB | 0.3/1.1 MB | 393/636 kB[0m
2026.03.09 20:44:19 INFO  Progress (5): 3.3/6.3 MB | 1.2/12 MB | 0.7/2.6 MB | 0.3/1.1 MB | 393/636 kB[0m
2026.03.09 20:44:19 INFO  Progress (5): 3.3/6.3 MB | 1.2/12 MB | 0.7/2.6 MB | 0.3/1.1 MB | 393/636 kB[0m
2026.03.09 20:44:19 INFO  Progress (5): 3.3/6.3 MB | 1.2/12 MB | 0.7/2.6 MB | 0.3/1.1 MB | 393/636 kB[0m
2026.03.09 20:44:19 INFO  Progress (5): 3.3/6.3 MB | 1.2/12 MB | 0.7/2.6 MB | 0.3/1.1 MB | 393/636 kB[0m
2026.03.09 20:44:19 INFO  Progress (5): 3.3/6.3 MB | 1.2/12 MB | 0.7/2.6 MB | 0.3/1.1 MB | 393/636 kB[0m
2026.03.09 20:44:19 INFO  Progress (5): 3.3/6.3 MB | 1.2/12 MB | 0.7/2.6 MB | 0.3/1.1 MB | 410/636 kB[0m
2026.03.09 20:44:19 INFO  Progress (5): 3.3/6.3 MB | 1.2/12 MB | 0.7/2.6 MB | 0.3/1.1 MB | 410/636 kB[0m
2026.03.09 20:44:19 INFO  Progress (5): 3.4/6.3 MB | 1.2/12 MB | 0.7/2.6 MB | 0.3/1.1 MB | 410/636 kB[0m
2026.03.09 20:44:19 INFO  Progress (5): 3.4/6.3 MB | 1.2/12 MB | 0.8/2.6 MB | 0.3/1.1 MB | 410/636 kB[0m
2026.03.09 20:44:19 INFO  Progress (5): 3.4/6.3 MB | 1.2/12 MB | 0.8/2.6 MB | 0.3/1.1 MB | 410/636 kB[0m
2026.03.09 20:44:19 INFO  Progress (5): 3.4/6.3 MB | 1.2/12 MB | 0.8/2.6 MB | 0.3/1.1 MB | 410/636 kB[0m
2026.03.09 20:44:19 INFO  Progress (5): 3.4/6.3 MB | 1.2/12 MB | 0.8/2.6 MB | 0.3/1.1 MB | 410/636 kB[0m
2026.03.09 20:44:19 INFO  Progress (5): 3.4/6.3 MB | 1.2/12 MB | 0.8/2.6 MB | 0.3/1.1 MB | 410/636 kB[0m
2026.03.09 20:44:19 INFO  Progress (5): 3.4/6.3 MB | 1.2/12 MB | 0.8/2.6 MB | 0.3/1.1 MB | 410/636 kB[0m
2026.03.09 20:44:19 INFO  Progress (5): 3.4/6.3 MB | 1.3/12 MB | 0.8/2.6 MB | 0.3/1.1 MB | 410/636 kB[0m
2026.03.09 20:44:19 INFO  Progress (5): 3.4/6.3 MB | 1.3/12 MB | 0.8/2.6 MB | 0.3/1.1 MB | 410/636 kB[0m
2026.03.09 20:44:19 INFO  Progress (5): 3.4/6.3 MB | 1.3/12 MB | 0.8/2.6 MB | 0.3/1.1 MB | 426/636 kB[0m
2026.03.09 20:44:19 INFO  Progress (5): 3.4/6.3 MB | 1.3/12 MB | 0.8/2.6 MB | 0.3/1.1 MB | 426/636 kB[0m
2026.03.09 20:44:19 INFO  Progress (5): 3.4/6.3 MB | 1.3/12 MB | 0.8/2.6 MB | 0.3/1.1 MB | 426/636 kB[0m
2026.03.09 20:44:19 INFO  Progress (5): 3.4/6.3 MB | 1.3/12 MB | 0.8/2.6 MB | 0.3/1.1 MB | 426/636 kB[0m
2026.03.09 20:44:19 INFO  Progress (5): 3.4/6.3 MB | 1.3/12 MB | 0.8/2.6 MB | 0.4/1.1 MB | 426/636 kB[0m
2026.03.09 20:44:19 INFO  Progress (5): 3.4/6.3 MB | 1.3/12 MB | 0.8/2.6 MB | 0.4/1.1 MB | 426/636 kB[0m
2026.03.09 20:44:19 INFO  Progress (5): 3.5/6.3 MB | 1.3/12 MB | 0.8/2.6 MB | 0.4/1.1 MB | 426/636 kB[0m
2026.03.09 20:44:19 INFO  Progress (5): 3.5/6.3 MB | 1.3/12 MB | 0.8/2.6 MB | 0.4/1.1 MB | 442/636 kB[0m
2026.03.09 20:44:19 INFO  Progress (5): 3.5/6.3 MB | 1.3/12 MB | 0.8/2.6 MB | 0.4/1.1 MB | 442/636 kB[0m
2026.03.09 20:44:19 INFO  Progress (5): 3.5/6.3 MB | 1.3/12 MB | 0.8/2.6 MB | 0.4/1.1 MB | 442/636 kB[0m
2026.03.09 20:44:19 INFO  Progress (5): 3.5/6.3 MB | 1.3/12 MB | 0.8/2.6 MB | 0.4/1.1 MB | 442/636 kB[0m
2026.03.09 20:44:19 INFO  Progress (5): 3.5/6.3 MB | 1.3/12 MB | 0.8/2.6 MB | 0.4/1.1 MB | 442/636 kB[0m
2026.03.09 20:44:19 INFO  Progress (5): 3.5/6.3 MB | 1.3/12 MB | 0.8/2.6 MB | 0.4/1.1 MB | 442/636 kB[0m
2026.03.09 20:44:19 INFO  Progress (5): 3.5/6.3 MB | 1.3/12 MB | 0.8/2.6 MB | 0.4/1.1 MB | 442/636 kB[0m
2026.03.09 20:44:19 INFO  Progress (5): 3.5/6.3 MB | 1.3/12 MB | 0.8/2.6 MB | 0.4/1.1 MB | 442/636 kB[0m
2026.03.09 20:44:19 INFO  Progress (5): 3.5/6.3 MB | 1.3/12 MB | 0.8/2.6 MB | 0.4/1.1 MB | 442/636 kB[0m
2026.03.09 20:44:19 INFO  Progress (5): 3.5/6.3 MB | 1.3/12 MB | 0.8/2.6 MB | 0.4/1.1 MB | 459/636 kB[0m
2026.03.09 20:44:19 INFO  Progress (5): 3.5/6.3 MB | 1.3/12 MB | 0.8/2.6 MB | 0.4/1.1 MB | 459/636 kB[0m
2026.03.09 20:44:19 INFO  Progress (5): 3.5/6.3 MB | 1.3/12 MB | 0.8/2.6 MB | 0.4/1.1 MB | 459/636 kB[0m
2026.03.09 20:44:19 INFO  Progress (5): 3.5/6.3 MB | 1.3/12 MB | 0.9/2.6 MB | 0.4/1.1 MB | 459/636 kB[0m
2026.03.09 20:44:19 INFO  Progress (5): 3.5/6.3 MB | 1.3/12 MB | 0.9/2.6 MB | 0.4/1.1 MB | 459/636 kB[0m
2026.03.09 20:44:19 INFO  Progress (5): 3.5/6.3 MB | 1.3/12 MB | 0.9/2.6 MB | 0.4/1.1 MB | 459/636 kB[0m
2026.03.09 20:44:19 INFO  Progress (5): 3.5/6.3 MB | 1.3/12 MB | 0.9/2.6 MB | 0.4/1.1 MB | 459/636 kB[0m
2026.03.09 20:44:19 INFO  Progress (5): 3.6/6.3 MB | 1.3/12 MB | 0.9/2.6 MB | 0.4/1.1 MB | 459/636 kB[0m
2026.03.09 20:44:19 INFO  Progress (5): 3.6/6.3 MB | 1.4/12 MB | 0.9/2.6 MB | 0.4/1.1 MB | 459/636 kB[0m
2026.03.09 20:44:19 INFO  Progress (5): 3.6/6.3 MB | 1.4/12 MB | 0.9/2.6 MB | 0.4/1.1 MB | 475/636 kB[0m
2026.03.09 20:44:19 INFO  Progress (5): 3.6/6.3 MB | 1.4/12 MB | 0.9/2.6 MB | 0.4/1.1 MB | 475/636 kB[0m
2026.03.09 20:44:19 INFO  Progress (5): 3.6/6.3 MB | 1.4/12 MB | 0.9/2.6 MB | 0.4/1.1 MB | 475/636 kB[0m
2026.03.09 20:44:19 INFO  Progress (5): 3.6/6.3 MB | 1.4/12 MB | 0.9/2.6 MB | 0.4/1.1 MB | 475/636 kB[0m
2026.03.09 20:44:19 INFO  Progress (5): 3.6/6.3 MB | 1.4/12 MB | 0.9/2.6 MB | 0.4/1.1 MB | 475/636 kB[0m
2026.03.09 20:44:19 INFO  Progress (5): 3.6/6.3 MB | 1.4/12 MB | 0.9/2.6 MB | 0.4/1.1 MB | 475/636 kB[0m
2026.03.09 20:44:19 INFO  Progress (5): 3.6/6.3 MB | 1.4/12 MB | 0.9/2.6 MB | 0.4/1.1 MB | 475/636 kB[0m
2026.03.09 20:44:19 INFO  Progress (5): 3.6/6.3 MB | 1.4/12 MB | 0.9/2.6 MB | 0.4/1.1 MB | 475/636 kB[0m
2026.03.09 20:44:19 INFO  Progress (5): 3.6/6.3 MB | 1.4/12 MB | 0.9/2.6 MB | 0.4/1.1 MB | 475/636 kB[0m
2026.03.09 20:44:19 INFO  Progress (5): 3.6/6.3 MB | 1.4/12 MB | 0.9/2.6 MB | 0.4/1.1 MB | 475/636 kB[0m
2026.03.09 20:44:19 INFO  Progress (5): 3.6/6.3 MB | 1.4/12 MB | 0.9/2.6 MB | 0.4/1.1 MB | 475/636 kB[0m
2026.03.09 20:44:20 INFO  Progress (5): 3.6/6.3 MB | 1.4/12 MB | 0.9/2.6 MB | 0.4/1.1 MB | 492/636 kB[0m
2026.03.09 20:44:20 INFO  Progress (5): 3.6/6.3 MB | 1.4/12 MB | 0.9/2.6 MB | 0.4/1.1 MB | 492/636 kB[0m
2026.03.09 20:44:20 INFO  Progress (5): 3.6/6.3 MB | 1.4/12 MB | 0.9/2.6 MB | 0.4/1.1 MB | 492/636 kB[0m
2026.03.09 20:44:20 INFO  Progress (5): 3.6/6.3 MB | 1.4/12 MB | 0.9/2.6 MB | 0.4/1.1 MB | 492/636 kB[0m
2026.03.09 20:44:20 INFO  Progress (5): 3.6/6.3 MB | 1.4/12 MB | 0.9/2.6 MB | 0.4/1.1 MB | 492/636 kB[0m
2026.03.09 20:44:20 INFO  Progress (5): 3.6/6.3 MB | 1.4/12 MB | 0.9/2.6 MB | 0.4/1.1 MB | 492/636 kB[0m
2026.03.09 20:44:20 INFO  Progress (5): 3.6/6.3 MB | 1.4/12 MB | 0.9/2.6 MB | 0.4/1.1 MB | 492/636 kB[0m
2026.03.09 20:44:20 INFO  Progress (5): 3.6/6.3 MB | 1.4/12 MB | 0.9/2.6 MB | 0.4/1.1 MB | 492/636 kB[0m
2026.03.09 20:44:20 INFO  Progress (5): 3.6/6.3 MB | 1.4/12 MB | 0.9/2.6 MB | 0.4/1.1 MB | 492/636 kB[0m
2026.03.09 20:44:20 INFO  Progress (5): 3.6/6.3 MB | 1.4/12 MB | 0.9/2.6 MB | 0.4/1.1 MB | 508/636 kB[0m
2026.03.09 20:44:20 INFO  Progress (5): 3.6/6.3 MB | 1.4/12 MB | 1.0/2.6 MB | 0.4/1.1 MB | 508/636 kB[0m
2026.03.09 20:44:20 INFO  Progress (5): 3.6/6.3 MB | 1.4/12 MB | 1.0/2.6 MB | 0.4/1.1 MB | 508/636 kB[0m
2026.03.09 20:44:21 INFO  Progress (5): 3.6/6.3 MB | 1.5/12 MB | 1.0/2.6 MB | 0.4/1.1 MB | 508/636 kB[0m
2026.03.09 20:44:21 INFO  Progress (5): 3.6/6.3 MB | 1.5/12 MB | 1.0/2.6 MB | 0.5/1.1 MB | 508/636 kB[0m
2026.03.09 20:44:21 INFO  Progress (5): 3.6/6.3 MB | 1.5/12 MB | 1.0/2.6 MB | 0.5/1.1 MB | 524/636 kB[0m
2026.03.09 20:44:21 INFO  Progress (5): 3.6/6.3 MB | 1.5/12 MB | 1.0/2.6 MB | 0.5/1.1 MB | 524/636 kB[0m
2026.03.09 20:44:21 INFO  Progress (5): 3.6/6.3 MB | 1.5/12 MB | 1.0/2.6 MB | 0.5/1.1 MB | 524/636 kB[0m
2026.03.09 20:44:21 INFO  Progress (5): 3.6/6.3 MB | 1.5/12 MB | 1.0/2.6 MB | 0.5/1.1 MB | 524/636 kB[0m
2026.03.09 20:44:21 INFO  Progress (5): 3.6/6.3 MB | 1.5/12 MB | 1.0/2.6 MB | 0.5/1.1 MB | 524/636 kB[0m
2026.03.09 20:44:21 INFO  Progress (5): 3.6/6.3 MB | 1.5/12 MB | 1.0/2.6 MB | 0.5/1.1 MB | 524/636 kB[0m
2026.03.09 20:44:21 INFO  Progress (5): 3.6/6.3 MB | 1.5/12 MB | 1.0/2.6 MB | 0.5/1.1 MB | 524/636 kB[0m
2026.03.09 20:44:21 INFO  Progress (5): 3.6/6.3 MB | 1.5/12 MB | 1.0/2.6 MB | 0.5/1.1 MB | 524/636 kB[0m
2026.03.09 20:44:21 INFO  Progress (5): 3.6/6.3 MB | 1.5/12 MB | 1.0/2.6 MB | 0.5/1.1 MB | 524/636 kB[0m
2026.03.09 20:44:21 INFO  Progress (5): 3.6/6.3 MB | 1.5/12 MB | 1.0/2.6 MB | 0.5/1.1 MB | 524/636 kB[0m
2026.03.09 20:44:21 INFO  Progress (5): 3.6/6.3 MB | 1.5/12 MB | 1.0/2.6 MB | 0.5/1.1 MB | 524/636 kB[0m
2026.03.09 20:44:21 INFO  Progress (5): 3.6/6.3 MB | 1.5/12 MB | 1.0/2.6 MB | 0.5/1.1 MB | 524/636 kB[0m
2026.03.09 20:44:21 INFO  Progress (5): 3.7/6.3 MB | 1.5/12 MB | 1.0/2.6 MB | 0.5/1.1 MB | 524/636 kB[0m
2026.03.09 20:44:21 INFO  Progress (5): 3.7/6.3 MB | 1.5/12 MB | 1.0/2.6 MB | 0.5/1.1 MB | 541/636 kB[0m
2026.03.09 20:44:21 INFO  Progress (5): 3.7/6.3 MB | 1.5/12 MB | 1.0/2.6 MB | 0.5/1.1 MB | 541/636 kB[0m
2026.03.09 20:44:21 INFO  Progress (5): 3.7/6.3 MB | 1.5/12 MB | 1.0/2.6 MB | 0.5/1.1 MB | 541/636 kB[0m
2026.03.09 20:44:21 INFO  Progress (5): 3.7/6.3 MB | 1.5/12 MB | 1.0/2.6 MB | 0.5/1.1 MB | 541/636 kB[0m
2026.03.09 20:44:21 INFO  Progress (5): 3.7/6.3 MB | 1.5/12 MB | 1.0/2.6 MB | 0.5/1.1 MB | 541/636 kB[0m
2026.03.09 20:44:21 INFO  Progress (5): 3.7/6.3 MB | 1.5/12 MB | 1.0/2.6 MB | 0.5/1.1 MB | 541/636 kB[0m
2026.03.09 20:44:21 INFO  Progress (5): 3.7/6.3 MB | 1.5/12 MB | 1.0/2.6 MB | 0.5/1.1 MB | 541/636 kB[0m
2026.03.09 20:44:21 INFO  Progress (5): 3.8/6.3 MB | 1.5/12 MB | 1.0/2.6 MB | 0.5/1.1 MB | 541/636 kB[0m
2026.03.09 20:44:21 INFO  Progress (5): 3.8/6.3 MB | 1.5/12 MB | 1.0/2.6 MB | 0.5/1.1 MB | 541/636 kB[0m
2026.03.09 20:44:21 INFO  Progress (5): 3.8/6.3 MB | 1.5/12 MB | 1.0/2.6 MB | 0.5/1.1 MB | 541/636 kB[0m
2026.03.09 20:44:21 INFO  Progress (5): 3.8/6.3 MB | 1.5/12 MB | 1.0/2.6 MB | 0.5/1.1 MB | 541/636 kB[0m
2026.03.09 20:44:21 INFO  Progress (5): 3.8/6.3 MB | 1.5/12 MB | 1.0/2.6 MB | 0.5/1.1 MB | 541/636 kB[0m
2026.03.09 20:44:21 INFO  Progress (5): 3.8/6.3 MB | 1.5/12 MB | 1.0/2.6 MB | 0.5/1.1 MB | 541/636 kB[0m
2026.03.09 20:44:21 INFO  Progress (5): 3.8/6.3 MB | 1.5/12 MB | 1.0/2.6 MB | 0.5/1.1 MB | 541/636 kB[0m
2026.03.09 20:44:21 INFO  Progress (5): 3.8/6.3 MB | 1.5/12 MB | 1.0/2.6 MB | 0.5/1.1 MB | 557/636 kB[0m
2026.03.09 20:44:21 INFO  Progress (5): 3.8/6.3 MB | 1.5/12 MB | 1.0/2.6 MB | 0.5/1.1 MB | 557/636 kB[0m
2026.03.09 20:44:21 INFO  Progress (5): 3.8/6.3 MB | 1.5/12 MB | 1.0/2.6 MB | 0.5/1.1 MB | 557/636 kB[0m
2026.03.09 20:44:21 INFO  Progress (5): 3.8/6.3 MB | 1.5/12 MB | 1.0/2.6 MB | 0.6/1.1 MB | 557/636 kB[0m
2026.03.09 20:44:21 INFO  Progress (5): 3.8/6.3 MB | 1.6/12 MB | 1.0/2.6 MB | 0.6/1.1 MB | 557/636 kB[0m
2026.03.09 20:44:21 INFO  Progress (5): 3.8/6.3 MB | 1.6/12 MB | 1.0/2.6 MB | 0.6/1.1 MB | 557/636 kB[0m
2026.03.09 20:44:21 INFO  Progress (5): 3.8/6.3 MB | 1.6/12 MB | 1.0/2.6 MB | 0.6/1.1 MB | 557/636 kB[0m
2026.03.09 20:44:21 INFO  Progress (5): 3.8/6.3 MB | 1.6/12 MB | 1.0/2.6 MB | 0.6/1.1 MB | 557/636 kB[0m
2026.03.09 20:44:21 INFO  Progress (5): 3.9/6.3 MB | 1.6/12 MB | 1.0/2.6 MB | 0.6/1.1 MB | 557/636 kB[0m
2026.03.09 20:44:21 INFO  Progress (5): 3.9/6.3 MB | 1.6/12 MB | 1.0/2.6 MB | 0.6/1.1 MB | 573/636 kB[0m
2026.03.09 20:44:21 INFO  Progress (5): 3.9/6.3 MB | 1.6/12 MB | 1.0/2.6 MB | 0.6/1.1 MB | 573/636 kB[0m
2026.03.09 20:44:21 INFO  Progress (5): 3.9/6.3 MB | 1.6/12 MB | 1.0/2.6 MB | 0.6/1.1 MB | 573/636 kB[0m
2026.03.09 20:44:21 INFO  Progress (5): 3.9/6.3 MB | 1.6/12 MB | 1.0/2.6 MB | 0.6/1.1 MB | 573/636 kB[0m
2026.03.09 20:44:21 INFO  Progress (5): 3.9/6.3 MB | 1.6/12 MB | 1.1/2.6 MB | 0.6/1.1 MB | 573/636 kB[0m
2026.03.09 20:44:23 INFO  Progress (5): 3.9/6.3 MB | 1.6/12 MB | 1.1/2.6 MB | 0.6/1.1 MB | 573/636 kB[0m
2026.03.09 20:44:23 INFO  Progress (5): 3.9/6.3 MB | 1.6/12 MB | 1.1/2.6 MB | 0.6/1.1 MB | 573/636 kB[0m
2026.03.09 20:44:23 INFO  Progress (5): 3.9/6.3 MB | 1.6/12 MB | 1.1/2.6 MB | 0.6/1.1 MB | 573/636 kB[0m
2026.03.09 20:44:23 INFO  Progress (5): 3.9/6.3 MB | 1.6/12 MB | 1.1/2.6 MB | 0.6/1.1 MB | 573/636 kB[0m
2026.03.09 20:44:23 INFO  Progress (5): 3.9/6.3 MB | 1.6/12 MB | 1.1/2.6 MB | 0.6/1.1 MB | 573/636 kB[0m
2026.03.09 20:44:23 INFO  Progress (5): 3.9/6.3 MB | 1.6/12 MB | 1.1/2.6 MB | 0.6/1.1 MB | 573/636 kB[0m
2026.03.09 20:44:23 INFO  Progress (5): 3.9/6.3 MB | 1.6/12 MB | 1.1/2.6 MB | 0.6/1.1 MB | 573/636 kB[0m
2026.03.09 20:44:23 INFO  Progress (5): 3.9/6.3 MB | 1.6/12 MB | 1.1/2.6 MB | 0.6/1.1 MB | 573/636 kB[0m
2026.03.09 20:44:23 INFO  Progress (5): 3.9/6.3 MB | 1.6/12 MB | 1.1/2.6 MB | 0.6/1.1 MB | 590/636 kB[0m
2026.03.09 20:44:23 INFO  Progress (5): 3.9/6.3 MB | 1.6/12 MB | 1.1/2.6 MB | 0.6/1.1 MB | 590/636 kB[0m
2026.03.09 20:44:23 INFO  Progress (5): 3.9/6.3 MB | 1.6/12 MB | 1.1/2.6 MB | 0.6/1.1 MB | 590/636 kB[0m
2026.03.09 20:44:23 INFO  Progress (5): 3.9/6.3 MB | 1.6/12 MB | 1.1/2.6 MB | 0.6/1.1 MB | 590/636 kB[0m
2026.03.09 20:44:23 INFO  Progress (5): 3.9/6.3 MB | 1.6/12 MB | 1.1/2.6 MB | 0.6/1.1 MB | 590/636 kB[0m
2026.03.09 20:44:23 INFO  Progress (5): 4.0/6.3 MB | 1.6/12 MB | 1.1/2.6 MB | 0.6/1.1 MB | 590/636 kB[0m
2026.03.09 20:44:24 INFO  Progress (5): 4.0/6.3 MB | 1.6/12 MB | 1.1/2.6 MB | 0.6/1.1 MB | 590/636 kB[0m
2026.03.09 20:44:24 INFO  Progress (5): 4.0/6.3 MB | 1.6/12 MB | 1.1/2.6 MB | 0.6/1.1 MB | 606/636 kB[0m
2026.03.09 20:44:24 INFO  Progress (5): 4.0/6.3 MB | 1.6/12 MB | 1.1/2.6 MB | 0.6/1.1 MB | 606/636 kB[0m
2026.03.09 20:44:24 INFO  Progress (5): 4.0/6.3 MB | 1.7/12 MB | 1.1/2.6 MB | 0.6/1.1 MB | 606/636 kB[0m
2026.03.09 20:44:24 INFO  Progress (5): 4.0/6.3 MB | 1.7/12 MB | 1.1/2.6 MB | 0.6/1.1 MB | 606/636 kB[0m
2026.03.09 20:44:24 INFO  Progress (5): 4.0/6.3 MB | 1.7/12 MB | 1.1/2.6 MB | 0.6/1.1 MB | 606/636 kB[0m
2026.03.09 20:44:24 INFO  Progress (5): 4.0/6.3 MB | 1.7/12 MB | 1.1/2.6 MB | 0.6/1.1 MB | 606/636 kB[0m
2026.03.09 20:44:24 INFO  Progress (5): 4.0/6.3 MB | 1.7/12 MB | 1.1/2.6 MB | 0.6/1.1 MB | 606/636 kB[0m
2026.03.09 20:44:24 INFO  Progress (5): 4.0/6.3 MB | 1.7/12 MB | 1.1/2.6 MB | 0.6/1.1 MB | 606/636 kB[0m
2026.03.09 20:44:24 INFO  Progress (5): 4.0/6.3 MB | 1.7/12 MB | 1.1/2.6 MB | 0.6/1.1 MB | 606/636 kB[0m
2026.03.09 20:44:24 INFO  Progress (5): 4.0/6.3 MB | 1.7/12 MB | 1.1/2.6 MB | 0.6/1.1 MB | 606/636 kB[0m
2026.03.09 20:44:24 INFO  Progress (5): 4.0/6.3 MB | 1.7/12 MB | 1.1/2.6 MB | 0.6/1.1 MB | 623/636 kB[0m
2026.03.09 20:44:24 INFO  Progress (5): 4.0/6.3 MB | 1.7/12 MB | 1.1/2.6 MB | 0.7/1.1 MB | 623/636 kB[0m
2026.03.09 20:44:24 INFO  Progress (5): 4.0/6.3 MB | 1.7/12 MB | 1.1/2.6 MB | 0.7/1.1 MB | 623/636 kB[0m
2026.03.09 20:44:24 INFO  Progress (5): 4.0/6.3 MB | 1.7/12 MB | 1.1/2.6 MB | 0.7/1.1 MB | 623/636 kB[0m
2026.03.09 20:44:24 INFO  Progress (5): 4.0/6.3 MB | 1.7/12 MB | 1.1/2.6 MB | 0.7/1.1 MB | 623/636 kB[0m
2026.03.09 20:44:24 INFO  Progress (5): 4.0/6.3 MB | 1.7/12 MB | 1.1/2.6 MB | 0.7/1.1 MB | 623/636 kB[0m
2026.03.09 20:44:24 INFO  Progress (5): 4.1/6.3 MB | 1.7/12 MB | 1.1/2.6 MB | 0.7/1.1 MB | 623/636 kB[0m
2026.03.09 20:44:24 INFO  Progress (5): 4.1/6.3 MB | 1.7/12 MB | 1.1/2.6 MB | 0.7/1.1 MB | 623/636 kB[0m
2026.03.09 20:44:24 INFO  Progress (5): 4.1/6.3 MB | 1.7/12 MB | 1.2/2.6 MB | 0.7/1.1 MB | 623/636 kB[0m
2026.03.09 20:44:24 INFO  Progress (5): 4.1/6.3 MB | 1.7/12 MB | 1.2/2.6 MB | 0.7/1.1 MB | 623/636 kB[0m
2026.03.09 20:44:24 INFO  Progress (5): 4.1/6.3 MB | 1.7/12 MB | 1.2/2.6 MB | 0.7/1.1 MB | 636 kB    [0m
2026.03.09 20:44:24 INFO  Progress (5): 4.1/6.3 MB | 1.7/12 MB | 1.2/2.6 MB | 0.7/1.1 MB | 636 kB[0m
2026.03.09 20:44:24 INFO  Progress (5): 4.1/6.3 MB | 1.7/12 MB | 1.2/2.6 MB | 0.7/1.1 MB | 636 kB[0m
2026.03.09 20:44:24 INFO  Progress (5): 4.1/6.3 MB | 1.7/12 MB | 1.2/2.6 MB | 0.7/1.1 MB | 636 kB[0m
2026.03.09 20:44:24 INFO                                                                         [0m
2026.03.09 20:44:24 INFO  Downloaded from central: https://repo.maven.apache.org/maven2/org/scala-sbt/io_2.13/1.8.0/io_2.13-1.8.0.jar (636 kB at 37 kB/s)[0m
2026.03.09 20:44:24 INFO  Downloading from central: https://repo.maven.apache.org/maven2/com/swoval/file-tree-views/2.1.9/file-tree-views-2.1.9.jar[0m
2026.03.09 20:44:24 INFO  Progress (4): 4.1/6.3 MB | 1.7/12 MB | 1.2/2.6 MB | 0.7/1.1 MB[0m
2026.03.09 20:44:24 INFO  Progress (4): 4.1/6.3 MB | 1.7/12 MB | 1.2/2.6 MB | 0.7/1.1 MB[0m
2026.03.09 20:44:24 INFO  Progress (4): 4.1/6.3 MB | 1.7/12 MB | 1.2/2.6 MB | 0.7/1.1 MB[0m
2026.03.09 20:44:24 INFO  Progress (4): 4.1/6.3 MB | 1.7/12 MB | 1.2/2.6 MB | 0.7/1.1 MB[0m
2026.03.09 20:44:24 INFO  Progress (4): 4.1/6.3 MB | 1.8/12 MB | 1.2/2.6 MB | 0.7/1.1 MB[0m
2026.03.09 20:44:24 INFO  Progress (4): 4.1/6.3 MB | 1.8/12 MB | 1.2/2.6 MB | 0.7/1.1 MB[0m
2026.03.09 20:44:24 INFO  Progress (4): 4.1/6.3 MB | 1.8/12 MB | 1.2/2.6 MB | 0.7/1.1 MB[0m
2026.03.09 20:44:24 INFO  Progress (5): 4.1/6.3 MB | 1.8/12 MB | 1.2/2.6 MB | 0.7/1.1 MB | 4.1/229 kB[0m
2026.03.09 20:44:24 INFO  Progress (5): 4.2/6.3 MB | 1.8/12 MB | 1.2/2.6 MB | 0.7/1.1 MB | 4.1/229 kB[0m
2026.03.09 20:44:24 INFO  Progress (5): 4.2/6.3 MB | 1.8/12 MB | 1.2/2.6 MB | 0.7/1.1 MB | 4.1/229 kB[0m
2026.03.09 20:44:24 INFO  Progress (5): 4.2/6.3 MB | 1.8/12 MB | 1.2/2.6 MB | 0.7/1.1 MB | 4.1/229 kB[0m
2026.03.09 20:44:24 INFO  Progress (5): 4.2/6.3 MB | 1.8/12 MB | 1.2/2.6 MB | 0.7/1.1 MB | 4.1/229 kB[0m
2026.03.09 20:44:24 INFO  Progress (5): 4.2/6.3 MB | 1.8/12 MB | 1.2/2.6 MB | 0.7/1.1 MB | 4.1/229 kB[0m
2026.03.09 20:44:24 INFO  Progress (5): 4.2/6.3 MB | 1.8/12 MB | 1.2/2.6 MB | 0.7/1.1 MB | 4.1/229 kB[0m
2026.03.09 20:44:24 INFO  Progress (5): 4.2/6.3 MB | 1.8/12 MB | 1.2/2.6 MB | 0.7/1.1 MB | 4.1/229 kB[0m
2026.03.09 20:44:24 INFO  Progress (5): 4.2/6.3 MB | 1.8/12 MB | 1.2/2.6 MB | 0.7/1.1 MB | 4.1/229 kB[0m
2026.03.09 20:44:24 INFO  Progress (5): 4.2/6.3 MB | 1.8/12 MB | 1.2/2.6 MB | 0.7/1.1 MB | 4.1/229 kB[0m
2026.03.09 20:44:24 INFO  Progress (5): 4.2/6.3 MB | 1.8/12 MB | 1.2/2.6 MB | 0.7/1.1 MB | 4.1/229 kB[0m
2026.03.09 20:44:24 INFO  Progress (5): 4.2/6.3 MB | 1.8/12 MB | 1.2/2.6 MB | 0.7/1.1 MB | 4.1/229 kB[0m
2026.03.09 20:44:24 INFO  Progress (5): 4.2/6.3 MB | 1.8/12 MB | 1.2/2.6 MB | 0.7/1.1 MB | 20/229 kB [0m
2026.03.09 20:44:24 INFO  Progress (5): 4.2/6.3 MB | 1.8/12 MB | 1.2/2.6 MB | 0.7/1.1 MB | 20/229 kB[0m
2026.03.09 20:44:24 INFO  Progress (5): 4.2/6.3 MB | 1.8/12 MB | 1.2/2.6 MB | 0.7/1.1 MB | 20/229 kB[0m
2026.03.09 20:44:24 INFO  Progress (5): 4.2/6.3 MB | 1.8/12 MB | 1.2/2.6 MB | 0.7/1.1 MB | 20/229 kB[0m
2026.03.09 20:44:24 INFO  Progress (5): 4.3/6.3 MB | 1.8/12 MB | 1.2/2.6 MB | 0.7/1.1 MB | 20/229 kB[0m
2026.03.09 20:44:24 INFO  Progress (5): 4.3/6.3 MB | 1.8/12 MB | 1.2/2.6 MB | 0.7/1.1 MB | 20/229 kB[0m
2026.03.09 20:44:24 INFO  Progress (5): 4.3/6.3 MB | 1.8/12 MB | 1.2/2.6 MB | 0.7/1.1 MB | 20/229 kB[0m
2026.03.09 20:44:24 INFO  Progress (5): 4.3/6.3 MB | 1.8/12 MB | 1.2/2.6 MB | 0.7/1.1 MB | 20/229 kB[0m
2026.03.09 20:44:24 INFO  Progress (5): 4.3/6.3 MB | 1.9/12 MB | 1.2/2.6 MB | 0.7/1.1 MB | 20/229 kB[0m
2026.03.09 20:44:24 INFO  Progress (5): 4.3/6.3 MB | 1.9/12 MB | 1.2/2.6 MB | 0.7/1.1 MB | 20/229 kB[0m
2026.03.09 20:44:24 INFO  Progress (5): 4.3/6.3 MB | 1.9/12 MB | 1.3/2.6 MB | 0.7/1.1 MB | 20/229 kB[0m
2026.03.09 20:44:24 INFO  Progress (5): 4.3/6.3 MB | 1.9/12 MB | 1.3/2.6 MB | 0.7/1.1 MB | 20/229 kB[0m
2026.03.09 20:44:24 INFO  Progress (5): 4.3/6.3 MB | 1.9/12 MB | 1.3/2.6 MB | 0.7/1.1 MB | 37/229 kB[0m
2026.03.09 20:44:24 INFO  Progress (5): 4.3/6.3 MB | 1.9/12 MB | 1.3/2.6 MB | 0.7/1.1 MB | 37/229 kB[0m
2026.03.09 20:44:24 INFO  Progress (5): 4.3/6.3 MB | 1.9/12 MB | 1.3/2.6 MB | 0.7/1.1 MB | 37/229 kB[0m
2026.03.09 20:44:24 INFO  Progress (5): 4.3/6.3 MB | 1.9/12 MB | 1.3/2.6 MB | 0.7/1.1 MB | 37/229 kB[0m
2026.03.09 20:44:24 INFO  Progress (5): 4.3/6.3 MB | 1.9/12 MB | 1.3/2.6 MB | 0.7/1.1 MB | 37/229 kB[0m
2026.03.09 20:44:24 INFO  Progress (5): 4.3/6.3 MB | 1.9/12 MB | 1.3/2.6 MB | 0.7/1.1 MB | 37/229 kB[0m
2026.03.09 20:44:24 INFO  Progress (5): 4.3/6.3 MB | 1.9/12 MB | 1.3/2.6 MB | 0.8/1.1 MB | 37/229 kB[0m
2026.03.09 20:44:24 INFO  Progress (5): 4.3/6.3 MB | 1.9/12 MB | 1.3/2.6 MB | 0.8/1.1 MB | 53/229 kB[0m
2026.03.09 20:44:24 INFO  Progress (5): 4.4/6.3 MB | 1.9/12 MB | 1.3/2.6 MB | 0.8/1.1 MB | 53/229 kB[0m
2026.03.09 20:44:24 INFO  Progress (5): 4.4/6.3 MB | 1.9/12 MB | 1.3/2.6 MB | 0.8/1.1 MB | 53/229 kB[0m
2026.03.09 20:44:24 INFO  Progress (5): 4.4/6.3 MB | 1.9/12 MB | 1.3/2.6 MB | 0.8/1.1 MB | 53/229 kB[0m
2026.03.09 20:44:24 INFO  Progress (5): 4.4/6.3 MB | 1.9/12 MB | 1.3/2.6 MB | 0.8/1.1 MB | 53/229 kB[0m
2026.03.09 20:44:24 INFO  Progress (5): 4.4/6.3 MB | 1.9/12 MB | 1.3/2.6 MB | 0.8/1.1 MB | 53/229 kB[0m
2026.03.09 20:44:24 INFO  Progress (5): 4.4/6.3 MB | 1.9/12 MB | 1.3/2.6 MB | 0.8/1.1 MB | 53/229 kB[0m
2026.03.09 20:44:24 INFO  Progress (5): 4.4/6.3 MB | 1.9/12 MB | 1.3/2.6 MB | 0.8/1.1 MB | 53/229 kB[0m
2026.03.09 20:44:24 INFO  Progress (5): 4.4/6.3 MB | 1.9/12 MB | 1.3/2.6 MB | 0.8/1.1 MB | 53/229 kB[0m
2026.03.09 20:44:24 INFO  Progress (5): 4.4/6.3 MB | 1.9/12 MB | 1.3/2.6 MB | 0.8/1.1 MB | 53/229 kB[0m
2026.03.09 20:44:24 INFO  Progress (5): 4.4/6.3 MB | 1.9/12 MB | 1.3/2.6 MB | 0.8/1.1 MB | 53/229 kB[0m
2026.03.09 20:44:24 INFO  Progress (5): 4.4/6.3 MB | 1.9/12 MB | 1.3/2.6 MB | 0.8/1.1 MB | 53/229 kB[0m
2026.03.09 20:44:24 INFO  Progress (5): 4.4/6.3 MB | 1.9/12 MB | 1.3/2.6 MB | 0.8/1.1 MB | 61/229 kB[0m
2026.03.09 20:44:24 INFO  Progress (5): 4.4/6.3 MB | 1.9/12 MB | 1.3/2.6 MB | 0.8/1.1 MB | 61/229 kB[0m
2026.03.09 20:44:24 INFO  Progress (5): 4.4/6.3 MB | 2.0/12 MB | 1.3/2.6 MB | 0.8/1.1 MB | 61/229 kB[0m
2026.03.09 20:44:24 INFO  Progress (5): 4.5/6.3 MB | 2.0/12 MB | 1.3/2.6 MB | 0.8/1.1 MB | 61/229 kB[0m
2026.03.09 20:44:24 INFO  Progress (5): 4.5/6.3 MB | 2.0/12 MB | 1.3/2.6 MB | 0.8/1.1 MB | 61/229 kB[0m
2026.03.09 20:44:24 INFO  Progress (5): 4.5/6.3 MB | 2.0/12 MB | 1.3/2.6 MB | 0.8/1.1 MB | 61/229 kB[0m
2026.03.09 20:44:24 INFO  Progress (5): 4.5/6.3 MB | 2.0/12 MB | 1.3/2.6 MB | 0.8/1.1 MB | 61/229 kB[0m
2026.03.09 20:44:24 INFO  Progress (5): 4.5/6.3 MB | 2.0/12 MB | 1.3/2.6 MB | 0.8/1.1 MB | 61/229 kB[0m
2026.03.09 20:44:24 INFO  Progress (5): 4.5/6.3 MB | 2.0/12 MB | 1.3/2.6 MB | 0.8/1.1 MB | 66/229 kB[0m
2026.03.09 20:44:25 INFO  Progress (5): 4.5/6.3 MB | 2.0/12 MB | 1.3/2.6 MB | 0.8/1.1 MB | 66/229 kB[0m
2026.03.09 20:44:25 INFO  Progress (5): 4.5/6.3 MB | 2.0/12 MB | 1.3/2.6 MB | 0.8/1.1 MB | 66/229 kB[0m
2026.03.09 20:44:25 INFO  Progress (5): 4.5/6.3 MB | 2.0/12 MB | 1.3/2.6 MB | 0.8/1.1 MB | 66/229 kB[0m
2026.03.09 20:44:25 INFO  Progress (5): 4.5/6.3 MB | 2.0/12 MB | 1.3/2.6 MB | 0.8/1.1 MB | 66/229 kB[0m
2026.03.09 20:44:25 INFO  Progress (5): 4.5/6.3 MB | 2.0/12 MB | 1.3/2.6 MB | 0.8/1.1 MB | 66/229 kB[0m
2026.03.09 20:44:25 INFO  Progress (5): 4.5/6.3 MB | 2.0/12 MB | 1.3/2.6 MB | 0.8/1.1 MB | 66/229 kB[0m
2026.03.09 20:44:25 INFO  Progress (5): 4.5/6.3 MB | 2.0/12 MB | 1.3/2.6 MB | 0.8/1.1 MB | 66/229 kB[0m
2026.03.09 20:44:25 INFO  Progress (5): 4.5/6.3 MB | 2.0/12 MB | 1.4/2.6 MB | 0.8/1.1 MB | 66/229 kB[0m
2026.03.09 20:44:25 INFO  Progress (5): 4.6/6.3 MB | 2.0/12 MB | 1.4/2.6 MB | 0.8/1.1 MB | 66/229 kB[0m
2026.03.09 20:44:25 INFO  Progress (5): 4.6/6.3 MB | 2.0/12 MB | 1.4/2.6 MB | 0.8/1.1 MB | 66/229 kB[0m
2026.03.09 20:44:25 INFO  Progress (5): 4.6/6.3 MB | 2.0/12 MB | 1.4/2.6 MB | 0.8/1.1 MB | 66/229 kB[0m
2026.03.09 20:44:25 INFO  Progress (5): 4.6/6.3 MB | 2.0/12 MB | 1.4/2.6 MB | 0.8/1.1 MB | 82/229 kB[0m
2026.03.09 20:44:25 INFO  Progress (5): 4.6/6.3 MB | 2.0/12 MB | 1.4/2.6 MB | 0.8/1.1 MB | 82/229 kB[0m
2026.03.09 20:44:25 INFO  Progress (5): 4.6/6.3 MB | 2.0/12 MB | 1.4/2.6 MB | 0.8/1.1 MB | 82/229 kB[0m
2026.03.09 20:44:25 INFO  Progress (5): 4.6/6.3 MB | 2.0/12 MB | 1.4/2.6 MB | 0.8/1.1 MB | 82/229 kB[0m
2026.03.09 20:44:25 INFO  Progress (5): 4.6/6.3 MB | 2.0/12 MB | 1.4/2.6 MB | 0.8/1.1 MB | 82/229 kB[0m
2026.03.09 20:44:25 INFO  Progress (5): 4.6/6.3 MB | 2.1/12 MB | 1.4/2.6 MB | 0.8/1.1 MB | 82/229 kB[0m
2026.03.09 20:44:25 INFO  Progress (5): 4.6/6.3 MB | 2.1/12 MB | 1.4/2.6 MB | 0.8/1.1 MB | 82/229 kB[0m
2026.03.09 20:44:25 INFO  Progress (5): 4.6/6.3 MB | 2.1/12 MB | 1.4/2.6 MB | 0.8/1.1 MB | 82/229 kB[0m
2026.03.09 20:44:25 INFO  Progress (5): 4.6/6.3 MB | 2.1/12 MB | 1.4/2.6 MB | 0.8/1.1 MB | 82/229 kB[0m
2026.03.09 20:44:25 INFO  Progress (5): 4.6/6.3 MB | 2.1/12 MB | 1.4/2.6 MB | 0.8/1.1 MB | 82/229 kB[0m
2026.03.09 20:44:25 INFO  Progress (5): 4.6/6.3 MB | 2.1/12 MB | 1.4/2.6 MB | 0.8/1.1 MB | 82/229 kB[0m
2026.03.09 20:44:25 INFO  Progress (5): 4.6/6.3 MB | 2.1/12 MB | 1.4/2.6 MB | 0.8/1.1 MB | 82/229 kB[0m
2026.03.09 20:44:25 INFO  Progress (5): 4.7/6.3 MB | 2.1/12 MB | 1.4/2.6 MB | 0.8/1.1 MB | 82/229 kB[0m
2026.03.09 20:44:25 INFO  Progress (5): 4.7/6.3 MB | 2.1/12 MB | 1.4/2.6 MB | 0.8/1.1 MB | 98/229 kB[0m
2026.03.09 20:44:25 INFO  Progress (5): 4.7/6.3 MB | 2.1/12 MB | 1.4/2.6 MB | 0.8/1.1 MB | 98/229 kB[0m
2026.03.09 20:44:25 INFO  Progress (5): 4.7/6.3 MB | 2.1/12 MB | 1.4/2.6 MB | 0.8/1.1 MB | 98/229 kB[0m
2026.03.09 20:44:25 INFO  Progress (5): 4.7/6.3 MB | 2.1/12 MB | 1.4/2.6 MB | 0.8/1.1 MB | 98/229 kB[0m
2026.03.09 20:44:25 INFO  Progress (5): 4.7/6.3 MB | 2.1/12 MB | 1.4/2.6 MB | 0.8/1.1 MB | 98/229 kB[0m
2026.03.09 20:44:25 INFO  Progress (5): 4.7/6.3 MB | 2.1/12 MB | 1.4/2.6 MB | 0.8/1.1 MB | 98/229 kB[0m
2026.03.09 20:44:25 INFO  Progress (5): 4.7/6.3 MB | 2.1/12 MB | 1.4/2.6 MB | 0.8/1.1 MB | 98/229 kB[0m
2026.03.09 20:44:25 INFO  Progress (5): 4.7/6.3 MB | 2.1/12 MB | 1.4/2.6 MB | 0.8/1.1 MB | 98/229 kB[0m
2026.03.09 20:44:25 INFO  Progress (5): 4.7/6.3 MB | 2.1/12 MB | 1.4/2.6 MB | 0.8/1.1 MB | 98/229 kB[0m
2026.03.09 20:44:25 INFO  Progress (5): 4.7/6.3 MB | 2.1/12 MB | 1.4/2.6 MB | 0.8/1.1 MB | 98/229 kB[0m
2026.03.09 20:44:25 INFO  Progress (5): 4.7/6.3 MB | 2.1/12 MB | 1.4/2.6 MB | 0.8/1.1 MB | 98/229 kB[0m
2026.03.09 20:44:25 INFO  Progress (5): 4.7/6.3 MB | 2.1/12 MB | 1.4/2.6 MB | 0.8/1.1 MB | 115/229 kB[0m
2026.03.09 20:44:25 INFO  Progress (5): 4.7/6.3 MB | 2.1/12 MB | 1.4/2.6 MB | 0.8/1.1 MB | 115/229 kB[0m
2026.03.09 20:44:25 INFO  Progress (5): 4.7/6.3 MB | 2.2/12 MB | 1.4/2.6 MB | 0.8/1.1 MB | 115/229 kB[0m
2026.03.09 20:44:25 INFO  Progress (5): 4.7/6.3 MB | 2.2/12 MB | 1.4/2.6 MB | 0.8/1.1 MB | 115/229 kB[0m
2026.03.09 20:44:25 INFO  Progress (5): 4.8/6.3 MB | 2.2/12 MB | 1.4/2.6 MB | 0.8/1.1 MB | 115/229 kB[0m
2026.03.09 20:44:25 INFO  Progress (5): 4.8/6.3 MB | 2.2/12 MB | 1.4/2.6 MB | 0.8/1.1 MB | 115/229 kB[0m
2026.03.09 20:44:25 INFO  Progress (5): 4.8/6.3 MB | 2.2/12 MB | 1.4/2.6 MB | 0.8/1.1 MB | 115/229 kB[0m
2026.03.09 20:44:25 INFO  Progress (5): 4.8/6.3 MB | 2.2/12 MB | 1.4/2.6 MB | 0.8/1.1 MB | 115/229 kB[0m
2026.03.09 20:44:25 INFO  Progress (5): 4.8/6.3 MB | 2.2/12 MB | 1.4/2.6 MB | 0.8/1.1 MB | 115/229 kB[0m
2026.03.09 20:44:25 INFO  Progress (5): 4.8/6.3 MB | 2.2/12 MB | 1.4/2.6 MB | 0.9/1.1 MB | 115/229 kB[0m
2026.03.09 20:44:25 INFO  Progress (5): 4.8/6.3 MB | 2.2/12 MB | 1.4/2.6 MB | 0.9/1.1 MB | 115/229 kB[0m
2026.03.09 20:44:25 INFO  Progress (5): 4.8/6.3 MB | 2.2/12 MB | 1.4/2.6 MB | 0.9/1.1 MB | 115/229 kB[0m
2026.03.09 20:44:25 INFO  Progress (5): 4.8/6.3 MB | 2.2/12 MB | 1.4/2.6 MB | 0.9/1.1 MB | 115/229 kB[0m
2026.03.09 20:44:25 INFO  Progress (5): 4.8/6.3 MB | 2.2/12 MB | 1.4/2.6 MB | 0.9/1.1 MB | 131/229 kB[0m
2026.03.09 20:44:25 INFO  Progress (5): 4.8/6.3 MB | 2.2/12 MB | 1.4/2.6 MB | 0.9/1.1 MB | 131/229 kB[0m
2026.03.09 20:44:25 INFO  Progress (5): 4.8/6.3 MB | 2.2/12 MB | 1.4/2.6 MB | 0.9/1.1 MB | 131/229 kB[0m
2026.03.09 20:44:25 INFO  Progress (5): 4.9/6.3 MB | 2.2/12 MB | 1.4/2.6 MB | 0.9/1.1 MB | 131/229 kB[0m
2026.03.09 20:44:25 INFO  Progress (5): 4.9/6.3 MB | 2.2/12 MB | 1.4/2.6 MB | 0.9/1.1 MB | 131/229 kB[0m
2026.03.09 20:44:25 INFO  Progress (5): 4.9/6.3 MB | 2.2/12 MB | 1.4/2.6 MB | 0.9/1.1 MB | 131/229 kB[0m
2026.03.09 20:44:25 INFO  Progress (5): 4.9/6.3 MB | 2.2/12 MB | 1.4/2.6 MB | 0.9/1.1 MB | 131/229 kB[0m
2026.03.09 20:44:25 INFO  Progress (5): 4.9/6.3 MB | 2.2/12 MB | 1.4/2.6 MB | 0.9/1.1 MB | 131/229 kB[0m
2026.03.09 20:44:25 INFO  Progress (5): 4.9/6.3 MB | 2.2/12 MB | 1.4/2.6 MB | 0.9/1.1 MB | 131/229 kB[0m
2026.03.09 20:44:25 INFO  Progress (5): 4.9/6.3 MB | 2.2/12 MB | 1.4/2.6 MB | 0.9/1.1 MB | 131/229 kB[0m
2026.03.09 20:44:25 INFO  Progress (5): 4.9/6.3 MB | 2.2/12 MB | 1.4/2.6 MB | 0.9/1.1 MB | 147/229 kB[0m
2026.03.09 20:44:25 INFO  Progress (5): 4.9/6.3 MB | 2.2/12 MB | 1.4/2.6 MB | 0.9/1.1 MB | 147/229 kB[0m
2026.03.09 20:44:25 INFO  Progress (5): 4.9/6.3 MB | 2.2/12 MB | 1.4/2.6 MB | 0.9/1.1 MB | 147/229 kB[0m
2026.03.09 20:44:25 INFO  Progress (5): 4.9/6.3 MB | 2.2/12 MB | 1.4/2.6 MB | 0.9/1.1 MB | 147/229 kB[0m
2026.03.09 20:44:25 INFO  Progress (5): 4.9/6.3 MB | 2.2/12 MB | 1.4/2.6 MB | 0.9/1.1 MB | 147/229 kB[0m
2026.03.09 20:44:25 INFO  Progress (5): 4.9/6.3 MB | 2.2/12 MB | 1.5/2.6 MB | 0.9/1.1 MB | 147/229 kB[0m
2026.03.09 20:44:25 INFO  Progress (5): 4.9/6.3 MB | 2.2/12 MB | 1.5/2.6 MB | 0.9/1.1 MB | 147/229 kB[0m
2026.03.09 20:44:26 INFO  Progress (5): 4.9/6.3 MB | 2.3/12 MB | 1.5/2.6 MB | 0.9/1.1 MB | 147/229 kB[0m
2026.03.09 20:44:26 INFO  Progress (5): 5.0/6.3 MB | 2.3/12 MB | 1.5/2.6 MB | 0.9/1.1 MB | 147/229 kB[0m
2026.03.09 20:44:26 INFO  Progress (5): 5.0/6.3 MB | 2.3/12 MB | 1.5/2.6 MB | 0.9/1.1 MB | 147/229 kB[0m
2026.03.09 20:44:26 INFO  Progress (5): 5.0/6.3 MB | 2.3/12 MB | 1.5/2.6 MB | 0.9/1.1 MB | 147/229 kB[0m
2026.03.09 20:44:26 INFO  Progress (5): 5.0/6.3 MB | 2.3/12 MB | 1.5/2.6 MB | 0.9/1.1 MB | 164/229 kB[0m
2026.03.09 20:44:26 INFO  Progress (5): 5.0/6.3 MB | 2.3/12 MB | 1.5/2.6 MB | 0.9/1.1 MB | 164/229 kB[0m
2026.03.09 20:44:26 INFO  Progress (5): 5.0/6.3 MB | 2.3/12 MB | 1.5/2.6 MB | 0.9/1.1 MB | 164/229 kB[0m
2026.03.09 20:44:26 INFO  Progress (5): 5.0/6.3 MB | 2.3/12 MB | 1.5/2.6 MB | 0.9/1.1 MB | 164/229 kB[0m
2026.03.09 20:44:26 INFO  Progress (5): 5.0/6.3 MB | 2.3/12 MB | 1.5/2.6 MB | 0.9/1.1 MB | 164/229 kB[0m
2026.03.09 20:44:26 INFO  Progress (5): 5.0/6.3 MB | 2.3/12 MB | 1.5/2.6 MB | 0.9/1.1 MB | 164/229 kB[0m
2026.03.09 20:44:26 INFO  Progress (5): 5.0/6.3 MB | 2.3/12 MB | 1.5/2.6 MB | 0.9/1.1 MB | 164/229 kB[0m
2026.03.09 20:44:26 INFO  Progress (5): 5.0/6.3 MB | 2.3/12 MB | 1.5/2.6 MB | 0.9/1.1 MB | 164/229 kB[0m
2026.03.09 20:44:26 INFO  Progress (5): 5.0/6.3 MB | 2.3/12 MB | 1.5/2.6 MB | 0.9/1.1 MB | 180/229 kB[0m
2026.03.09 20:44:26 INFO  Progress (5): 5.0/6.3 MB | 2.3/12 MB | 1.5/2.6 MB | 0.9/1.1 MB | 180/229 kB[0m
2026.03.09 20:44:26 INFO  Progress (5): 5.0/6.3 MB | 2.3/12 MB | 1.5/2.6 MB | 0.9/1.1 MB | 180/229 kB[0m
2026.03.09 20:44:26 INFO  Progress (5): 5.0/6.3 MB | 2.3/12 MB | 1.5/2.6 MB | 0.9/1.1 MB | 180/229 kB[0m
2026.03.09 20:44:26 INFO  Progress (5): 5.0/6.3 MB | 2.3/12 MB | 1.5/2.6 MB | 0.9/1.1 MB | 180/229 kB[0m
2026.03.09 20:44:26 INFO  Progress (5): 5.0/6.3 MB | 2.3/12 MB | 1.5/2.6 MB | 0.9/1.1 MB | 180/229 kB[0m
2026.03.09 20:44:26 INFO  Progress (5): 5.0/6.3 MB | 2.3/12 MB | 1.5/2.6 MB | 0.9/1.1 MB | 180/229 kB[0m
2026.03.09 20:44:26 INFO  Progress (5): 5.0/6.3 MB | 2.4/12 MB | 1.5/2.6 MB | 0.9/1.1 MB | 180/229 kB[0m
2026.03.09 20:44:26 INFO  Progress (5): 5.1/6.3 MB | 2.4/12 MB | 1.5/2.6 MB | 0.9/1.1 MB | 180/229 kB[0m
2026.03.09 20:44:26 INFO  Progress (5): 5.1/6.3 MB | 2.4/12 MB | 1.5/2.6 MB | 0.9/1.1 MB | 180/229 kB[0m
2026.03.09 20:44:26 INFO  Progress (5): 5.1/6.3 MB | 2.4/12 MB | 1.5/2.6 MB | 0.9/1.1 MB | 180/229 kB[0m
2026.03.09 20:44:26 INFO  Progress (5): 5.1/6.3 MB | 2.4/12 MB | 1.5/2.6 MB | 0.9/1.1 MB | 180/229 kB[0m
2026.03.09 20:44:26 INFO  Progress (5): 5.1/6.3 MB | 2.4/12 MB | 1.5/2.6 MB | 0.9/1.1 MB | 180/229 kB[0m
2026.03.09 20:44:26 INFO  Progress (5): 5.1/6.3 MB | 2.4/12 MB | 1.5/2.6 MB | 0.9/1.1 MB | 180/229 kB[0m
2026.03.09 20:44:26 INFO  Progress (5): 5.1/6.3 MB | 2.4/12 MB | 1.5/2.6 MB | 0.9/1.1 MB | 180/229 kB[0m
2026.03.09 20:44:26 INFO  Progress (5): 5.1/6.3 MB | 2.4/12 MB | 1.5/2.6 MB | 0.9/1.1 MB | 180/229 kB[0m
2026.03.09 20:44:26 INFO  Progress (5): 5.1/6.3 MB | 2.4/12 MB | 1.5/2.6 MB | 0.9/1.1 MB | 180/229 kB[0m
2026.03.09 20:44:26 INFO  Progress (5): 5.1/6.3 MB | 2.4/12 MB | 1.5/2.6 MB | 0.9/1.1 MB | 180/229 kB[0m
2026.03.09 20:44:26 INFO  Progress (5): 5.1/6.3 MB | 2.4/12 MB | 1.5/2.6 MB | 0.9/1.1 MB | 197/229 kB[0m
2026.03.09 20:44:26 INFO  Progress (5): 5.1/6.3 MB | 2.4/12 MB | 1.5/2.6 MB | 0.9/1.1 MB | 197/229 kB[0m
2026.03.09 20:44:26 INFO  Progress (5): 5.1/6.3 MB | 2.4/12 MB | 1.5/2.6 MB | 0.9/1.1 MB | 197/229 kB[0m
2026.03.09 20:44:26 INFO  Progress (5): 5.1/6.3 MB | 2.4/12 MB | 1.5/2.6 MB | 0.9/1.1 MB | 197/229 kB[0m
2026.03.09 20:44:26 INFO  Progress (5): 5.1/6.3 MB | 2.4/12 MB | 1.5/2.6 MB | 0.9/1.1 MB | 197/229 kB[0m
2026.03.09 20:44:26 INFO  Progress (5): 5.1/6.3 MB | 2.4/12 MB | 1.5/2.6 MB | 0.9/1.1 MB | 197/229 kB[0m
2026.03.09 20:44:26 INFO  Progress (5): 5.1/6.3 MB | 2.4/12 MB | 1.6/2.6 MB | 0.9/1.1 MB | 197/229 kB[0m
2026.03.09 20:44:26 INFO  Progress (5): 5.2/6.3 MB | 2.4/12 MB | 1.6/2.6 MB | 0.9/1.1 MB | 197/229 kB[0m
2026.03.09 20:44:26 INFO  Progress (5): 5.2/6.3 MB | 2.4/12 MB | 1.6/2.6 MB | 0.9/1.1 MB | 197/229 kB[0m
2026.03.09 20:44:26 INFO  Progress (5): 5.2/6.3 MB | 2.5/12 MB | 1.6/2.6 MB | 0.9/1.1 MB | 197/229 kB[0m
2026.03.09 20:44:26 INFO  Progress (5): 5.2/6.3 MB | 2.5/12 MB | 1.6/2.6 MB | 0.9/1.1 MB | 213/229 kB[0m
2026.03.09 20:44:26 INFO  Progress (5): 5.2/6.3 MB | 2.5/12 MB | 1.6/2.6 MB | 0.9/1.1 MB | 213/229 kB[0m
2026.03.09 20:44:26 INFO  Progress (5): 5.2/6.3 MB | 2.5/12 MB | 1.6/2.6 MB | 0.9/1.1 MB | 213/229 kB[0m
2026.03.09 20:44:26 INFO  Progress (5): 5.2/6.3 MB | 2.5/12 MB | 1.6/2.6 MB | 0.9/1.1 MB | 213/229 kB[0m
2026.03.09 20:44:26 INFO  Progress (5): 5.2/6.3 MB | 2.5/12 MB | 1.6/2.6 MB | 0.9/1.1 MB | 213/229 kB[0m
2026.03.09 20:44:26 INFO  Progress (5): 5.3/6.3 MB | 2.5/12 MB | 1.6/2.6 MB | 0.9/1.1 MB | 213/229 kB[0m
2026.03.09 20:44:26 INFO  Progress (5): 5.3/6.3 MB | 2.5/12 MB | 1.6/2.6 MB | 0.9/1.1 MB | 213/229 kB[0m
2026.03.09 20:44:26 INFO  Progress (5): 5.3/6.3 MB | 2.5/12 MB | 1.6/2.6 MB | 0.9/1.1 MB | 213/229 kB[0m
2026.03.09 20:44:26 INFO  Progress (5): 5.3/6.3 MB | 2.5/12 MB | 1.6/2.6 MB | 0.9/1.1 MB | 213/229 kB[0m
2026.03.09 20:44:26 INFO  Progress (5): 5.3/6.3 MB | 2.5/12 MB | 1.6/2.6 MB | 1.0/1.1 MB | 213/229 kB[0m
2026.03.09 20:44:26 INFO  Progress (5): 5.3/6.3 MB | 2.5/12 MB | 1.6/2.6 MB | 1.0/1.1 MB | 213/229 kB[0m
2026.03.09 20:44:26 INFO  Progress (5): 5.3/6.3 MB | 2.5/12 MB | 1.6/2.6 MB | 1.0/1.1 MB | 213/229 kB[0m
2026.03.09 20:44:26 INFO  Progress (5): 5.3/6.3 MB | 2.5/12 MB | 1.6/2.6 MB | 1.0/1.1 MB | 213/229 kB[0m
2026.03.09 20:44:26 INFO  Progress (5): 5.3/6.3 MB | 2.5/12 MB | 1.6/2.6 MB | 1.0/1.1 MB | 229 kB    [0m
2026.03.09 20:44:26 INFO  Progress (5): 5.3/6.3 MB | 2.5/12 MB | 1.6/2.6 MB | 1.0/1.1 MB | 229 kB[0m
2026.03.09 20:44:26 INFO  Progress (5): 5.3/6.3 MB | 2.5/12 MB | 1.6/2.6 MB | 1.0/1.1 MB | 229 kB[0m
2026.03.09 20:44:26 INFO                                                                         [0m
2026.03.09 20:44:26 INFO  Downloaded from central: https://repo.maven.apache.org/maven2/com/swoval/file-tree-views/2.1.9/file-tree-views-2.1.9.jar (229 kB at 12 kB/s)[0m
2026.03.09 20:44:26 INFO  Downloading from central: https://repo.maven.apache.org/maven2/net/java/dev/jna/jna/5.12.0/jna-5.12.0.jar[0m
2026.03.09 20:44:26 INFO  Progress (4): 5.3/6.3 MB | 2.5/12 MB | 1.6/2.6 MB | 1.0/1.1 MB[0m
2026.03.09 20:44:26 INFO  Progress (4): 5.4/6.3 MB | 2.5/12 MB | 1.6/2.6 MB | 1.0/1.1 MB[0m
2026.03.09 20:44:26 INFO  Progress (4): 5.4/6.3 MB | 2.5/12 MB | 1.6/2.6 MB | 1.0/1.1 MB[0m
2026.03.09 20:44:26 INFO  Progress (4): 5.4/6.3 MB | 2.5/12 MB | 1.6/2.6 MB | 1.0/1.1 MB[0m
2026.03.09 20:44:26 INFO  Progress (4): 5.4/6.3 MB | 2.5/12 MB | 1.6/2.6 MB | 1.0/1.1 MB[0m
2026.03.09 20:44:26 INFO  Progress (4): 5.4/6.3 MB | 2.5/12 MB | 1.6/2.6 MB | 1.0/1.1 MB[0m
2026.03.09 20:44:26 INFO  Progress (4): 5.4/6.3 MB | 2.5/12 MB | 1.6/2.6 MB | 1.0/1.1 MB[0m
2026.03.09 20:44:27 INFO  Progress (4): 5.4/6.3 MB | 2.5/12 MB | 1.6/2.6 MB | 1.0/1.1 MB[0m
2026.03.09 20:44:27 INFO  Progress (4): 5.4/6.3 MB | 2.5/12 MB | 1.6/2.6 MB | 1.0/1.1 MB[0m
2026.03.09 20:44:27 INFO  Progress (4): 5.4/6.3 MB | 2.5/12 MB | 1.6/2.6 MB | 1.0/1.1 MB[0m
2026.03.09 20:44:27 INFO  Progress (4): 5.4/6.3 MB | 2.5/12 MB | 1.6/2.6 MB | 1.0/1.1 MB[0m
2026.03.09 20:44:27 INFO  Progress (4): 5.4/6.3 MB | 2.5/12 MB | 1.6/2.6 MB | 1.0/1.1 MB[0m
2026.03.09 20:44:27 INFO  Progress (5): 5.4/6.3 MB | 2.5/12 MB | 1.6/2.6 MB | 1.0/1.1 MB | 0/1.9 MB[0m
2026.03.09 20:44:27 INFO  Progress (5): 5.4/6.3 MB | 2.5/12 MB | 1.6/2.6 MB | 1.0/1.1 MB | 0/1.9 MB[0m
2026.03.09 20:44:27 INFO  Progress (5): 5.4/6.3 MB | 2.5/12 MB | 1.6/2.6 MB | 1.0/1.1 MB | 0/1.9 MB[0m
2026.03.09 20:44:27 INFO  Progress (5): 5.4/6.3 MB | 2.5/12 MB | 1.6/2.6 MB | 1.0/1.1 MB | 0/1.9 MB[0m
2026.03.09 20:44:27 INFO  Progress (5): 5.4/6.3 MB | 2.5/12 MB | 1.6/2.6 MB | 1.0/1.1 MB | 0/1.9 MB[0m
2026.03.09 20:44:27 INFO  Progress (5): 5.4/6.3 MB | 2.6/12 MB | 1.6/2.6 MB | 1.0/1.1 MB | 0/1.9 MB[0m
2026.03.09 20:44:27 INFO  Progress (5): 5.5/6.3 MB | 2.6/12 MB | 1.6/2.6 MB | 1.0/1.1 MB | 0/1.9 MB[0m
2026.03.09 20:44:27 INFO  Progress (5): 5.5/6.3 MB | 2.6/12 MB | 1.6/2.6 MB | 1.0/1.1 MB | 0/1.9 MB[0m
2026.03.09 20:44:27 INFO  Progress (5): 5.5/6.3 MB | 2.6/12 MB | 1.6/2.6 MB | 1.0/1.1 MB | 0/1.9 MB[0m
2026.03.09 20:44:27 INFO  Progress (5): 5.5/6.3 MB | 2.6/12 MB | 1.6/2.6 MB | 1.0/1.1 MB | 0/1.9 MB[0m
2026.03.09 20:44:27 INFO  Progress (5): 5.5/6.3 MB | 2.6/12 MB | 1.6/2.6 MB | 1.0/1.1 MB | 0/1.9 MB[0m
2026.03.09 20:44:27 INFO  Progress (5): 5.5/6.3 MB | 2.6/12 MB | 1.6/2.6 MB | 1.0/1.1 MB | 0/1.9 MB[0m
2026.03.09 20:44:27 INFO  Progress (5): 5.5/6.3 MB | 2.6/12 MB | 1.6/2.6 MB | 1.0/1.1 MB | 0/1.9 MB[0m
2026.03.09 20:44:27 INFO  Progress (5): 5.5/6.3 MB | 2.6/12 MB | 1.6/2.6 MB | 1.0/1.1 MB | 0/1.9 MB[0m
2026.03.09 20:44:27 INFO  Progress (5): 5.5/6.3 MB | 2.6/12 MB | 1.6/2.6 MB | 1.0/1.1 MB | 0/1.9 MB[0m
2026.03.09 20:44:27 INFO  Progress (5): 5.5/6.3 MB | 2.6/12 MB | 1.6/2.6 MB | 1.0/1.1 MB | 0/1.9 MB[0m
2026.03.09 20:44:27 INFO  Progress (5): 5.5/6.3 MB | 2.6/12 MB | 1.6/2.6 MB | 1.0/1.1 MB | 0/1.9 MB[0m
2026.03.09 20:44:27 INFO  Progress (5): 5.6/6.3 MB | 2.6/12 MB | 1.6/2.6 MB | 1.0/1.1 MB | 0/1.9 MB[0m
2026.03.09 20:44:27 INFO  Progress (5): 5.6/6.3 MB | 2.6/12 MB | 1.6/2.6 MB | 1.0/1.1 MB | 0/1.9 MB[0m
2026.03.09 20:44:27 INFO  Progress (5): 5.6/6.3 MB | 2.6/12 MB | 1.7/2.6 MB | 1.0/1.1 MB | 0/1.9 MB[0m
2026.03.09 20:44:27 INFO  Progress (5): 5.6/6.3 MB | 2.6/12 MB | 1.7/2.6 MB | 1.0/1.1 MB | 0/1.9 MB[0m
2026.03.09 20:44:27 INFO  Progress (5): 5.6/6.3 MB | 2.6/12 MB | 1.7/2.6 MB | 1.0/1.1 MB | 0/1.9 MB[0m
2026.03.09 20:44:27 INFO  Progress (5): 5.6/6.3 MB | 2.6/12 MB | 1.7/2.6 MB | 1.0/1.1 MB | 0/1.9 MB[0m
2026.03.09 20:44:27 INFO  Progress (5): 5.6/6.3 MB | 2.6/12 MB | 1.7/2.6 MB | 1.0/1.1 MB | 0/1.9 MB[0m
2026.03.09 20:44:27 INFO  Progress (5): 5.6/6.3 MB | 2.6/12 MB | 1.7/2.6 MB | 1.0/1.1 MB | 0/1.9 MB[0m
2026.03.09 20:44:27 INFO  Progress (5): 5.6/6.3 MB | 2.6/12 MB | 1.7/2.6 MB | 1.0/1.1 MB | 0/1.9 MB[0m
2026.03.09 20:44:27 INFO  Progress (5): 5.6/6.3 MB | 2.6/12 MB | 1.7/2.6 MB | 1.0/1.1 MB | 0/1.9 MB[0m
2026.03.09 20:44:27 INFO  Progress (5): 5.6/6.3 MB | 2.6/12 MB | 1.7/2.6 MB | 1.0/1.1 MB | 0/1.9 MB[0m
2026.03.09 20:44:27 INFO  Progress (5): 5.6/6.3 MB | 2.6/12 MB | 1.7/2.6 MB | 1.0/1.1 MB | 0/1.9 MB[0m
2026.03.09 20:44:27 INFO  Progress (5): 5.6/6.3 MB | 2.6/12 MB | 1.7/2.6 MB | 1.0/1.1 MB | 0/1.9 MB[0m
2026.03.09 20:44:27 INFO  Progress (5): 5.6/6.3 MB | 2.6/12 MB | 1.7/2.6 MB | 1.0/1.1 MB | 0/1.9 MB[0m
2026.03.09 20:44:27 INFO  Progress (5): 5.6/6.3 MB | 2.6/12 MB | 1.7/2.6 MB | 1.0/1.1 MB | 0/1.9 MB[0m
2026.03.09 20:44:27 INFO  Progress (5): 5.6/6.3 MB | 2.6/12 MB | 1.7/2.6 MB | 1.0/1.1 MB | 0.1/1.9 MB[0m
2026.03.09 20:44:27 INFO  Progress (5): 5.6/6.3 MB | 2.6/12 MB | 1.7/2.6 MB | 1.1/1.1 MB | 0.1/1.9 MB[0m
2026.03.09 20:44:27 INFO  Progress (5): 5.7/6.3 MB | 2.6/12 MB | 1.7/2.6 MB | 1.1/1.1 MB | 0.1/1.9 MB[0m
2026.03.09 20:44:27 INFO  Progress (5): 5.7/6.3 MB | 2.7/12 MB | 1.7/2.6 MB | 1.1/1.1 MB | 0.1/1.9 MB[0m
2026.03.09 20:44:27 INFO  Progress (5): 5.7/6.3 MB | 2.7/12 MB | 1.7/2.6 MB | 1.1/1.1 MB | 0.1/1.9 MB[0m
2026.03.09 20:44:27 INFO  Progress (5): 5.7/6.3 MB | 2.7/12 MB | 1.7/2.6 MB | 1.1/1.1 MB | 0.1/1.9 MB[0m
2026.03.09 20:44:27 INFO  Progress (5): 5.7/6.3 MB | 2.7/12 MB | 1.7/2.6 MB | 1.1/1.1 MB | 0.1/1.9 MB[0m
2026.03.09 20:44:27 INFO  Progress (5): 5.7/6.3 MB | 2.7/12 MB | 1.7/2.6 MB | 1.1/1.1 MB | 0.1/1.9 MB[0m
2026.03.09 20:44:27 INFO  Progress (5): 5.7/6.3 MB | 2.7/12 MB | 1.7/2.6 MB | 1.1/1.1 MB | 0.1/1.9 MB[0m
2026.03.09 20:44:27 INFO  Progress (5): 5.7/6.3 MB | 2.7/12 MB | 1.7/2.6 MB | 1.1/1.1 MB | 0.1/1.9 MB[0m
2026.03.09 20:44:27 INFO  Progress (5): 5.7/6.3 MB | 2.7/12 MB | 1.7/2.6 MB | 1.1/1.1 MB | 0.1/1.9 MB[0m
2026.03.09 20:44:27 INFO  Progress (5): 5.7/6.3 MB | 2.7/12 MB | 1.7/2.6 MB | 1.1/1.1 MB | 0.1/1.9 MB[0m
2026.03.09 20:44:27 INFO  Progress (5): 5.7/6.3 MB | 2.7/12 MB | 1.7/2.6 MB | 1.1/1.1 MB | 0.1/1.9 MB[0m
2026.03.09 20:44:27 INFO  Progress (5): 5.7/6.3 MB | 2.7/12 MB | 1.7/2.6 MB | 1.1/1.1 MB | 0.1/1.9 MB[0m
2026.03.09 20:44:27 INFO  Progress (5): 5.7/6.3 MB | 2.7/12 MB | 1.7/2.6 MB | 1.1/1.1 MB | 0.1/1.9 MB[0m
2026.03.09 20:44:27 INFO  Progress (5): 5.7/6.3 MB | 2.7/12 MB | 1.7/2.6 MB | 1.1/1.1 MB | 0.1/1.9 MB[0m
2026.03.09 20:44:27 INFO  Progress (5): 5.8/6.3 MB | 2.7/12 MB | 1.7/2.6 MB | 1.1/1.1 MB | 0.1/1.9 MB[0m
2026.03.09 20:44:27 INFO  Progress (5): 5.8/6.3 MB | 2.7/12 MB | 1.7/2.6 MB | 1.1/1.1 MB | 0.1/1.9 MB[0m
2026.03.09 20:44:27 INFO  Progress (5): 5.8/6.3 MB | 2.7/12 MB | 1.7/2.6 MB | 1.1/1.1 MB | 0.1/1.9 MB[0m
2026.03.09 20:44:27 INFO  Progress (5): 5.8/6.3 MB | 2.7/12 MB | 1.7/2.6 MB | 1.1/1.1 MB | 0.1/1.9 MB[0m
2026.03.09 20:44:27 INFO  Progress (5): 5.8/6.3 MB | 2.7/12 MB | 1.7/2.6 MB | 1.1/1.1 MB | 0.1/1.9 MB[0m
2026.03.09 20:44:27 INFO  Progress (5): 5.8/6.3 MB | 2.7/12 MB | 1.7/2.6 MB | 1.1/1.1 MB | 0.1/1.9 MB[0m
2026.03.09 20:44:27 INFO  Progress (5): 5.8/6.3 MB | 2.7/12 MB | 1.7/2.6 MB | 1.1/1.1 MB | 0.1/1.9 MB[0m
2026.03.09 20:44:27 INFO  Progress (5): 5.8/6.3 MB | 2.7/12 MB | 1.7/2.6 MB | 1.1/1.1 MB | 0.1/1.9 MB[0m
2026.03.09 20:44:27 INFO  Progress (5): 5.8/6.3 MB | 2.7/12 MB | 1.7/2.6 MB | 1.1/1.1 MB | 0.1/1.9 MB[0m
2026.03.09 20:44:27 INFO  Progress (5): 5.8/6.3 MB | 2.7/12 MB | 1.7/2.6 MB | 1.1/1.1 MB | 0.1/1.9 MB[0m
2026.03.09 20:44:27 INFO  Progress (5): 5.8/6.3 MB | 2.7/12 MB | 1.8/2.6 MB | 1.1/1.1 MB | 0.1/1.9 MB[0m
2026.03.09 20:44:27 INFO  Progress (5): 5.8/6.3 MB | 2.8/12 MB | 1.8/2.6 MB | 1.1/1.1 MB | 0.1/1.9 MB[0m
2026.03.09 20:44:27 INFO  Progress (5): 5.8/6.3 MB | 2.8/12 MB | 1.8/2.6 MB | 1.1/1.1 MB | 0.1/1.9 MB[0m
2026.03.09 20:44:27 INFO  Progress (5): 5.9/6.3 MB | 2.8/12 MB | 1.8/2.6 MB | 1.1/1.1 MB | 0.1/1.9 MB[0m
2026.03.09 20:44:27 INFO  Progress (5): 5.9/6.3 MB | 2.8/12 MB | 1.8/2.6 MB | 1.1/1.1 MB | 0.1/1.9 MB[0m
2026.03.09 20:44:27 INFO  Progress (5): 5.9/6.3 MB | 2.8/12 MB | 1.8/2.6 MB | 1.1/1.1 MB | 0.1/1.9 MB[0m
2026.03.09 20:44:27 INFO  Progress (5): 5.9/6.3 MB | 2.8/12 MB | 1.8/2.6 MB | 1.1/1.1 MB | 0.1/1.9 MB[0m
2026.03.09 20:44:27 INFO  Progress (5): 5.9/6.3 MB | 2.8/12 MB | 1.8/2.6 MB | 1.1/1.1 MB | 0.1/1.9 MB[0m
2026.03.09 20:44:27 INFO  Progress (5): 5.9/6.3 MB | 2.8/12 MB | 1.8/2.6 MB | 1.1/1.1 MB | 0.1/1.9 MB[0m
2026.03.09 20:44:27 INFO  Progress (5): 5.9/6.3 MB | 2.8/12 MB | 1.8/2.6 MB | 1.1/1.1 MB | 0.1/1.9 MB[0m
2026.03.09 20:44:27 INFO  Progress (5): 5.9/6.3 MB | 2.8/12 MB | 1.8/2.6 MB | 1.1/1.1 MB | 0.1/1.9 MB[0m
2026.03.09 20:44:27 INFO  Progress (5): 5.9/6.3 MB | 2.8/12 MB | 1.8/2.6 MB | 1.1/1.1 MB | 0.1/1.9 MB[0m
2026.03.09 20:44:27 INFO  Progress (5): 5.9/6.3 MB | 2.8/12 MB | 1.8/2.6 MB | 1.1/1.1 MB | 0.1/1.9 MB[0m
2026.03.09 20:44:27 INFO  Progress (5): 5.9/6.3 MB | 2.8/12 MB | 1.8/2.6 MB | 1.1/1.1 MB | 0.1/1.9 MB[0m
2026.03.09 20:44:27 INFO  Progress (5): 5.9/6.3 MB | 2.8/12 MB | 1.8/2.6 MB | 1.1/1.1 MB | 0.1/1.9 MB[0m
2026.03.09 20:44:27 INFO  Progress (5): 5.9/6.3 MB | 2.8/12 MB | 1.8/2.6 MB | 1.1/1.1 MB | 0.1/1.9 MB[0m
2026.03.09 20:44:27 INFO  Progress (5): 5.9/6.3 MB | 2.8/12 MB | 1.8/2.6 MB | 1.1/1.1 MB | 0.1/1.9 MB[0m
2026.03.09 20:44:27 INFO  Progress (5): 6.0/6.3 MB | 2.8/12 MB | 1.8/2.6 MB | 1.1/1.1 MB | 0.1/1.9 MB[0m
2026.03.09 20:44:27 INFO  Progress (5): 6.0/6.3 MB | 2.8/12 MB | 1.8/2.6 MB | 1.1 MB | 0.1/1.9 MB    [0m
2026.03.09 20:44:27 INFO  Progress (5): 6.0/6.3 MB | 2.8/12 MB | 1.8/2.6 MB | 1.1 MB | 0.1/1.9 MB[0m
2026.03.09 20:44:27 INFO  Progress (5): 6.0/6.3 MB | 2.8/12 MB | 1.8/2.6 MB | 1.1 MB | 0.1/1.9 MB[0m
2026.03.09 20:44:27 INFO  Progress (5): 6.0/6.3 MB | 2.8/12 MB | 1.8/2.6 MB | 1.1 MB | 0.1/1.9 MB[0m
2026.03.09 20:44:27 INFO                                                                         [0m
2026.03.09 20:44:27 INFO  Downloaded from central: https://repo.maven.apache.org/maven2/org/scala-lang/modules/scala-parallel-collections_2.13/0.2.0/scala-parallel-collections_2.13-0.2.0.jar (1.1 MB at 54 kB/s)[0m
2026.03.09 20:44:27 INFO  Downloading from central: https://repo.maven.apache.org/maven2/net/java/dev/jna/jna-platform/5.12.0/jna-platform-5.12.0.jar[0m
2026.03.09 20:44:27 INFO  Progress (4): 6.0/6.3 MB | 2.8/12 MB | 1.8/2.6 MB | 0.1/1.9 MB[0m
2026.03.09 20:44:27 INFO  Progress (4): 6.0/6.3 MB | 2.8/12 MB | 1.8/2.6 MB | 0.1/1.9 MB[0m
2026.03.09 20:44:27 INFO  Progress (4): 6.0/6.3 MB | 2.8/12 MB | 1.8/2.6 MB | 0.1/1.9 MB[0m
2026.03.09 20:44:27 INFO  Progress (4): 6.0/6.3 MB | 2.8/12 MB | 1.8/2.6 MB | 0.1/1.9 MB[0m
2026.03.09 20:44:27 INFO  Progress (4): 6.0/6.3 MB | 2.8/12 MB | 1.8/2.6 MB | 0.1/1.9 MB[0m
2026.03.09 20:44:27 INFO  Progress (4): 6.0/6.3 MB | 2.9/12 MB | 1.8/2.6 MB | 0.1/1.9 MB[0m
2026.03.09 20:44:27 INFO  Progress (4): 6.0/6.3 MB | 2.9/12 MB | 1.8/2.6 MB | 0.1/1.9 MB[0m
2026.03.09 20:44:27 INFO  Progress (4): 6.0/6.3 MB | 2.9/12 MB | 1.8/2.6 MB | 0.1/1.9 MB[0m
2026.03.09 20:44:27 INFO  Progress (4): 6.1/6.3 MB | 2.9/12 MB | 1.8/2.6 MB | 0.1/1.9 MB[0m
2026.03.09 20:44:27 INFO  Progress (4): 6.1/6.3 MB | 2.9/12 MB | 1.8/2.6 MB | 0.1/1.9 MB[0m
2026.03.09 20:44:27 INFO  Progress (4): 6.1/6.3 MB | 2.9/12 MB | 1.8/2.6 MB | 0.1/1.9 MB[0m
2026.03.09 20:44:27 INFO  Progress (4): 6.1/6.3 MB | 2.9/12 MB | 1.8/2.6 MB | 0.1/1.9 MB[0m
2026.03.09 20:44:27 INFO  Progress (4): 6.1/6.3 MB | 2.9/12 MB | 1.8/2.6 MB | 0.1/1.9 MB[0m
2026.03.09 20:44:27 INFO  Progress (4): 6.1/6.3 MB | 2.9/12 MB | 1.8/2.6 MB | 0.1/1.9 MB[0m
2026.03.09 20:44:27 INFO  Progress (4): 6.1/6.3 MB | 2.9/12 MB | 1.8/2.6 MB | 0.1/1.9 MB[0m
2026.03.09 20:44:27 INFO  Progress (4): 6.1/6.3 MB | 2.9/12 MB | 1.8/2.6 MB | 0.1/1.9 MB[0m
2026.03.09 20:44:27 INFO  Progress (4): 6.1/6.3 MB | 2.9/12 MB | 1.8/2.6 MB | 0.2/1.9 MB[0m
2026.03.09 20:44:27 INFO  Progress (4): 6.1/6.3 MB | 2.9/12 MB | 1.8/2.6 MB | 0.2/1.9 MB[0m
2026.03.09 20:44:27 INFO  Progress (4): 6.1/6.3 MB | 2.9/12 MB | 1.9/2.6 MB | 0.2/1.9 MB[0m
2026.03.09 20:44:27 INFO  Progress (4): 6.1/6.3 MB | 2.9/12 MB | 1.9/2.6 MB | 0.2/1.9 MB[0m
2026.03.09 20:44:27 INFO  Progress (5): 6.1/6.3 MB | 2.9/12 MB | 1.9/2.6 MB | 0.2/1.9 MB | 0/1.4 MB[0m
2026.03.09 20:44:27 INFO  Progress (5): 6.1/6.3 MB | 2.9/12 MB | 1.9/2.6 MB | 0.2/1.9 MB | 0/1.4 MB[0m
2026.03.09 20:44:27 INFO  Progress (5): 6.2/6.3 MB | 2.9/12 MB | 1.9/2.6 MB | 0.2/1.9 MB | 0/1.4 MB[0m
2026.03.09 20:44:27 INFO  Progress (5): 6.2/6.3 MB | 2.9/12 MB | 1.9/2.6 MB | 0.2/1.9 MB | 0/1.4 MB[0m
2026.03.09 20:44:27 INFO  Progress (5): 6.2/6.3 MB | 2.9/12 MB | 1.9/2.6 MB | 0.2/1.9 MB | 0/1.4 MB[0m
2026.03.09 20:44:27 INFO  Progress (5): 6.2/6.3 MB | 2.9/12 MB | 1.9/2.6 MB | 0.2/1.9 MB | 0/1.4 MB[0m
2026.03.09 20:44:27 INFO  Progress (5): 6.2/6.3 MB | 2.9/12 MB | 1.9/2.6 MB | 0.2/1.9 MB | 0/1.4 MB[0m
2026.03.09 20:44:27 INFO  Progress (5): 6.2/6.3 MB | 2.9/12 MB | 1.9/2.6 MB | 0.2/1.9 MB | 0/1.4 MB[0m
2026.03.09 20:44:27 INFO  Progress (5): 6.2/6.3 MB | 2.9/12 MB | 1.9/2.6 MB | 0.2/1.9 MB | 0/1.4 MB[0m
2026.03.09 20:44:27 INFO  Progress (5): 6.2/6.3 MB | 2.9/12 MB | 1.9/2.6 MB | 0.2/1.9 MB | 0/1.4 MB[0m
2026.03.09 20:44:27 INFO  Progress (5): 6.2/6.3 MB | 2.9/12 MB | 1.9/2.6 MB | 0.2/1.9 MB | 0/1.4 MB[0m
2026.03.09 20:44:28 INFO  Progress (5): 6.2/6.3 MB | 3.0/12 MB | 1.9/2.6 MB | 0.2/1.9 MB | 0/1.4 MB[0m
2026.03.09 20:44:28 INFO  Progress (5): 6.2/6.3 MB | 3.0/12 MB | 1.9/2.6 MB | 0.2/1.9 MB | 0/1.4 MB[0m
2026.03.09 20:44:28 INFO  Progress (5): 6.2/6.3 MB | 3.0/12 MB | 1.9/2.6 MB | 0.2/1.9 MB | 0/1.4 MB[0m
2026.03.09 20:44:28 INFO  Progress (5): 6.2/6.3 MB | 3.0/12 MB | 1.9/2.6 MB | 0.2/1.9 MB | 0/1.4 MB[0m
2026.03.09 20:44:28 INFO  Progress (5): 6.2/6.3 MB | 3.0/12 MB | 1.9/2.6 MB | 0.2/1.9 MB | 0/1.4 MB[0m
2026.03.09 20:44:28 INFO  Progress (5): 6.2/6.3 MB | 3.0/12 MB | 1.9/2.6 MB | 0.2/1.9 MB | 0/1.4 MB[0m
2026.03.09 20:44:28 INFO  Progress (5): 6.2/6.3 MB | 3.0/12 MB | 1.9/2.6 MB | 0.2/1.9 MB | 0/1.4 MB[0m
2026.03.09 20:44:28 INFO  Progress (5): 6.2/6.3 MB | 3.0/12 MB | 1.9/2.6 MB | 0.2/1.9 MB | 0/1.4 MB[0m
2026.03.09 20:44:28 INFO  Progress (5): 6.2/6.3 MB | 3.0/12 MB | 1.9/2.6 MB | 0.2/1.9 MB | 0/1.4 MB[0m
2026.03.09 20:44:28 INFO  Progress (5): 6.3/6.3 MB | 3.0/12 MB | 1.9/2.6 MB | 0.2/1.9 MB | 0/1.4 MB[0m
2026.03.09 20:44:28 INFO  Progress (5): 6.3/6.3 MB | 3.0/12 MB | 1.9/2.6 MB | 0.2/1.9 MB | 0/1.4 MB[0m
2026.03.09 20:44:28 INFO  Progress (5): 6.3/6.3 MB | 3.0/12 MB | 1.9/2.6 MB | 0.2/1.9 MB | 0/1.4 MB[0m
2026.03.09 20:44:28 INFO  Progress (5): 6.3/6.3 MB | 3.0/12 MB | 1.9/2.6 MB | 0.2/1.9 MB | 0/1.4 MB[0m
2026.03.09 20:44:28 INFO  Progress (5): 6.3/6.3 MB | 3.0/12 MB | 1.9/2.6 MB | 0.2/1.9 MB | 0/1.4 MB[0m
2026.03.09 20:44:28 INFO  Progress (5): 6.3 MB | 3.0/12 MB | 1.9/2.6 MB | 0.2/1.9 MB | 0/1.4 MB    [0m
2026.03.09 20:44:28 INFO                                                                       [0m
2026.03.09 20:44:28 INFO  Downloaded from central: https://repo.maven.apache.org/maven2/com/github/luben/zstd-jni/1.5.2-5/zstd-jni-1.5.2-5.jar (6.3 MB at 297 kB/s)[0m
2026.03.09 20:44:28 INFO  Downloading from central: https://repo.maven.apache.org/maven2/org/scala-sbt/util-logging_2.13/1.8.0/util-logging_2.13-1.8.0.jar[0m
2026.03.09 20:44:28 INFO  Progress (4): 3.0/12 MB | 1.9/2.6 MB | 0.2/1.9 MB | 0/1.4 MB[0m
2026.03.09 20:44:28 INFO  Progress (4): 3.0/12 MB | 1.9/2.6 MB | 0.2/1.9 MB | 0/1.4 MB[0m
2026.03.09 20:44:28 INFO  Progress (4): 3.0/12 MB | 1.9/2.6 MB | 0.2/1.9 MB | 0.1/1.4 MB[0m
2026.03.09 20:44:28 INFO  Progress (4): 3.0/12 MB | 1.9/2.6 MB | 0.2/1.9 MB | 0.1/1.4 MB[0m
2026.03.09 20:44:28 INFO  Progress (4): 3.0/12 MB | 1.9/2.6 MB | 0.2/1.9 MB | 0.1/1.4 MB[0m
2026.03.09 20:44:28 INFO  Progress (4): 3.0/12 MB | 1.9/2.6 MB | 0.2/1.9 MB | 0.1/1.4 MB[0m
2026.03.09 20:44:28 INFO  Progress (4): 3.1/12 MB | 1.9/2.6 MB | 0.2/1.9 MB | 0.1/1.4 MB[0m
2026.03.09 20:44:28 INFO  Progress (4): 3.1/12 MB | 1.9/2.6 MB | 0.2/1.9 MB | 0.1/1.4 MB[0m
2026.03.09 20:44:28 INFO  Progress (4): 3.1/12 MB | 1.9/2.6 MB | 0.2/1.9 MB | 0.1/1.4 MB[0m
2026.03.09 20:44:28 INFO  Progress (4): 3.1/12 MB | 1.9/2.6 MB | 0.2/1.9 MB | 0.1/1.4 MB[0m
2026.03.09 20:44:28 INFO  Progress (4): 3.1/12 MB | 1.9/2.6 MB | 0.2/1.9 MB | 0.1/1.4 MB[0m
2026.03.09 20:44:28 INFO  Progress (4): 3.1/12 MB | 2.0/2.6 MB | 0.2/1.9 MB | 0.1/1.4 MB[0m
2026.03.09 20:44:28 INFO  Progress (5): 3.1/12 MB | 2.0/2.6 MB | 0.2/1.9 MB | 0.1/1.4 MB | 7.7/463 kB[0m
2026.03.09 20:44:28 INFO  Progress (5): 3.1/12 MB | 2.0/2.6 MB | 0.2/1.9 MB | 0.1/1.4 MB | 8.2/463 kB[0m
2026.03.09 20:44:28 INFO  Progress (5): 3.1/12 MB | 2.0/2.6 MB | 0.2/1.9 MB | 0.1/1.4 MB | 8.2/463 kB[0m
2026.03.09 20:44:28 INFO  Progress (5): 3.1/12 MB | 2.0/2.6 MB | 0.2/1.9 MB | 0.1/1.4 MB | 25/463 kB [0m
2026.03.09 20:44:29 INFO  Progress (5): 3.1/12 MB | 2.0/2.6 MB | 0.2/1.9 MB | 0.1/1.4 MB | 25/463 kB[0m
2026.03.09 20:44:29 INFO  Progress (5): 3.1/12 MB | 2.0/2.6 MB | 0.2/1.9 MB | 0.1/1.4 MB | 41/463 kB[0m
2026.03.09 20:44:29 INFO  Progress (5): 3.1/12 MB | 2.0/2.6 MB | 0.2/1.9 MB | 0.1/1.4 MB | 41/463 kB[0m
2026.03.09 20:44:29 INFO  Progress (5): 3.1/12 MB | 2.0/2.6 MB | 0.2/1.9 MB | 0.1/1.4 MB | 41/463 kB[0m
2026.03.09 20:44:29 INFO  Progress (5): 3.1/12 MB | 2.0/2.6 MB | 0.2/1.9 MB | 0.1/1.4 MB | 57/463 kB[0m
2026.03.09 20:44:29 INFO  Progress (5): 3.1/12 MB | 2.0/2.6 MB | 0.2/1.9 MB | 0.1/1.4 MB | 57/463 kB[0m
2026.03.09 20:44:29 INFO  Progress (5): 3.1/12 MB | 2.0/2.6 MB | 0.2/1.9 MB | 0.1/1.4 MB | 74/463 kB[0m
2026.03.09 20:44:29 INFO  Progress (5): 3.1/12 MB | 2.0/2.6 MB | 0.2/1.9 MB | 0.1/1.4 MB | 90/463 kB[0m
2026.03.09 20:44:29 INFO  Progress (5): 3.1/12 MB | 2.0/2.6 MB | 0.2/1.9 MB | 0.1/1.4 MB | 106/463 kB[0m
2026.03.09 20:44:29 INFO  Progress (5): 3.1/12 MB | 2.0/2.6 MB | 0.2/1.9 MB | 0.1/1.4 MB | 123/463 kB[0m
2026.03.09 20:44:29 INFO  Progress (5): 3.1/12 MB | 2.0/2.6 MB | 0.2/1.9 MB | 0.1/1.4 MB | 123/463 kB[0m
2026.03.09 20:44:29 INFO  Progress (5): 3.1/12 MB | 2.0/2.6 MB | 0.2/1.9 MB | 0.1/1.4 MB | 123/463 kB[0m
2026.03.09 20:44:29 INFO  Progress (5): 3.1/12 MB | 2.0/2.6 MB | 0.2/1.9 MB | 0.1/1.4 MB | 123/463 kB[0m
2026.03.09 20:44:29 INFO  Progress (5): 3.1/12 MB | 2.0/2.6 MB | 0.2/1.9 MB | 0.1/1.4 MB | 139/463 kB[0m
2026.03.09 20:44:30 INFO  Progress (5): 3.1/12 MB | 2.0/2.6 MB | 0.3/1.9 MB | 0.1/1.4 MB | 139/463 kB[0m
2026.03.09 20:44:30 INFO  Progress (5): 3.1/12 MB | 2.0/2.6 MB | 0.3/1.9 MB | 0.1/1.4 MB | 139/463 kB[0m
2026.03.09 20:44:30 INFO  Progress (5): 3.1/12 MB | 2.0/2.6 MB | 0.3/1.9 MB | 0.1/1.4 MB | 156/463 kB[0m
2026.03.09 20:44:30 INFO  Progress (5): 3.1/12 MB | 2.0/2.6 MB | 0.3/1.9 MB | 0.1/1.4 MB | 156/463 kB[0m
2026.03.09 20:44:30 INFO  Progress (5): 3.1/12 MB | 2.0/2.6 MB | 0.3/1.9 MB | 0.1/1.4 MB | 172/463 kB[0m
2026.03.09 20:44:30 INFO  Progress (5): 3.1/12 MB | 2.0/2.6 MB | 0.3/1.9 MB | 0.1/1.4 MB | 172/463 kB[0m
2026.03.09 20:44:30 INFO  Progress (5): 3.2/12 MB | 2.0/2.6 MB | 0.3/1.9 MB | 0.1/1.4 MB | 172/463 kB[0m
2026.03.09 20:44:30 INFO  Progress (5): 3.2/12 MB | 2.0/2.6 MB | 0.3/1.9 MB | 0.1/1.4 MB | 172/463 kB[0m
2026.03.09 20:44:30 INFO  Progress (5): 3.2/12 MB | 2.0/2.6 MB | 0.3/1.9 MB | 0.1/1.4 MB | 172/463 kB[0m
2026.03.09 20:44:30 INFO  Progress (5): 3.2/12 MB | 2.0/2.6 MB | 0.3/1.9 MB | 0.1/1.4 MB | 188/463 kB[0m
2026.03.09 20:44:30 INFO  Progress (5): 3.2/12 MB | 2.0/2.6 MB | 0.3/1.9 MB | 0.1/1.4 MB | 188/463 kB[0m
2026.03.09 20:44:30 INFO  Progress (5): 3.2/12 MB | 2.0/2.6 MB | 0.3/1.9 MB | 0.1/1.4 MB | 205/463 kB[0m
2026.03.09 20:44:30 INFO  Progress (5): 3.2/12 MB | 2.0/2.6 MB | 0.3/1.9 MB | 0.1/1.4 MB | 205/463 kB[0m
2026.03.09 20:44:30 INFO  Progress (5): 3.2/12 MB | 2.0/2.6 MB | 0.3/1.9 MB | 0.1/1.4 MB | 205/463 kB[0m
2026.03.09 20:44:30 INFO  Progress (5): 3.2/12 MB | 2.0/2.6 MB | 0.3/1.9 MB | 0.1/1.4 MB | 221/463 kB[0m
2026.03.09 20:44:30 INFO  Progress (5): 3.2/12 MB | 2.0/2.6 MB | 0.3/1.9 MB | 0.1/1.4 MB | 221/463 kB[0m
2026.03.09 20:44:30 INFO  Progress (5): 3.2/12 MB | 2.0/2.6 MB | 0.3/1.9 MB | 0.1/1.4 MB | 238/463 kB[0m
2026.03.09 20:44:30 INFO  Progress (5): 3.2/12 MB | 2.0/2.6 MB | 0.3/1.9 MB | 0.1/1.4 MB | 238/463 kB[0m
2026.03.09 20:44:30 INFO  Progress (5): 3.2/12 MB | 2.0/2.6 MB | 0.3/1.9 MB | 0.1/1.4 MB | 254/463 kB[0m
2026.03.09 20:44:31 INFO  Progress (5): 3.2/12 MB | 2.0/2.6 MB | 0.3/1.9 MB | 0.1/1.4 MB | 270/463 kB[0m
2026.03.09 20:44:31 INFO  Progress (5): 3.2/12 MB | 2.0/2.6 MB | 0.3/1.9 MB | 0.1/1.4 MB | 287/463 kB[0m
2026.03.09 20:44:31 INFO  Progress (5): 3.2/12 MB | 2.0/2.6 MB | 0.3/1.9 MB | 0.1/1.4 MB | 287/463 kB[0m
2026.03.09 20:44:31 INFO  Progress (5): 3.2/12 MB | 2.1/2.6 MB | 0.3/1.9 MB | 0.1/1.4 MB | 287/463 kB[0m
2026.03.09 20:44:31 INFO  Progress (5): 3.2/12 MB | 2.1/2.6 MB | 0.3/1.9 MB | 0.1/1.4 MB | 287/463 kB[0m
2026.03.09 20:44:31 INFO  Progress (5): 3.2/12 MB | 2.1/2.6 MB | 0.3/1.9 MB | 0.1/1.4 MB | 303/463 kB[0m
2026.03.09 20:44:31 INFO  Progress (5): 3.2/12 MB | 2.1/2.6 MB | 0.3/1.9 MB | 0.1/1.4 MB | 303/463 kB[0m
2026.03.09 20:44:31 INFO  Progress (5): 3.2/12 MB | 2.1/2.6 MB | 0.3/1.9 MB | 0.1/1.4 MB | 319/463 kB[0m
2026.03.09 20:44:31 INFO  Progress (5): 3.2/12 MB | 2.1/2.6 MB | 0.3/1.9 MB | 0.1/1.4 MB | 319/463 kB[0m
2026.03.09 20:44:31 INFO  Progress (5): 3.2/12 MB | 2.1/2.6 MB | 0.3/1.9 MB | 0.1/1.4 MB | 336/463 kB[0m
2026.03.09 20:44:31 INFO  Progress (5): 3.2/12 MB | 2.1/2.6 MB | 0.3/1.9 MB | 0.1/1.4 MB | 336/463 kB[0m
2026.03.09 20:44:31 INFO  Progress (5): 3.2/12 MB | 2.1/2.6 MB | 0.3/1.9 MB | 0.1/1.4 MB | 336/463 kB[0m
2026.03.09 20:44:31 INFO  Progress (5): 3.2/12 MB | 2.1/2.6 MB | 0.3/1.9 MB | 0.1/1.4 MB | 352/463 kB[0m
2026.03.09 20:44:31 INFO  Progress (5): 3.3/12 MB | 2.1/2.6 MB | 0.3/1.9 MB | 0.1/1.4 MB | 352/463 kB[0m
2026.03.09 20:44:31 INFO  Progress (5): 3.3/12 MB | 2.1/2.6 MB | 0.3/1.9 MB | 0.2/1.4 MB | 352/463 kB[0m
2026.03.09 20:44:32 INFO  Progress (5): 3.3/12 MB | 2.1/2.6 MB | 0.3/1.9 MB | 0.2/1.4 MB | 369/463 kB[0m
2026.03.09 20:44:32 INFO  Progress (5): 3.3/12 MB | 2.1/2.6 MB | 0.3/1.9 MB | 0.2/1.4 MB | 369/463 kB[0m
2026.03.09 20:44:32 INFO  Progress (5): 3.3/12 MB | 2.1/2.6 MB | 0.3/1.9 MB | 0.2/1.4 MB | 369/463 kB[0m
2026.03.09 20:44:32 INFO  Progress (5): 3.3/12 MB | 2.1/2.6 MB | 0.3/1.9 MB | 0.2/1.4 MB | 385/463 kB[0m
2026.03.09 20:44:32 INFO  Progress (5): 3.3/12 MB | 2.1/2.6 MB | 0.3/1.9 MB | 0.2/1.4 MB | 385/463 kB[0m
2026.03.09 20:44:32 INFO  Progress (5): 3.3/12 MB | 2.1/2.6 MB | 0.3/1.9 MB | 0.2/1.4 MB | 401/463 kB[0m
2026.03.09 20:44:32 INFO  Progress (5): 3.3/12 MB | 2.1/2.6 MB | 0.3/1.9 MB | 0.2/1.4 MB | 418/463 kB[0m
2026.03.09 20:44:32 INFO  Progress (5): 3.3/12 MB | 2.1/2.6 MB | 0.3/1.9 MB | 0.2/1.4 MB | 418/463 kB[0m
2026.03.09 20:44:32 INFO  Progress (5): 3.3/12 MB | 2.1/2.6 MB | 0.3/1.9 MB | 0.2/1.4 MB | 418/463 kB[0m
2026.03.09 20:44:32 INFO  Progress (5): 3.3/12 MB | 2.1/2.6 MB | 0.3/1.9 MB | 0.2/1.4 MB | 434/463 kB[0m
2026.03.09 20:44:32 INFO  Progress (5): 3.3/12 MB | 2.1/2.6 MB | 0.3/1.9 MB | 0.2/1.4 MB | 451/463 kB[0m
2026.03.09 20:44:32 INFO  Progress (5): 3.3/12 MB | 2.1/2.6 MB | 0.3/1.9 MB | 0.2/1.4 MB | 463 kB    [0m
2026.03.09 20:44:32 INFO  Progress (5): 3.3/12 MB | 2.1/2.6 MB | 0.3/1.9 MB | 0.2/1.4 MB | 463 kB[0m
2026.03.09 20:44:32 INFO  Progress (5): 3.3/12 MB | 2.1/2.6 MB | 0.3/1.9 MB | 0.2/1.4 MB | 463 kB[0m
2026.03.09 20:44:32 INFO                                                                         [0m
2026.03.09 20:44:32 INFO  Downloaded from central: https://repo.maven.apache.org/maven2/org/scala-sbt/util-logging_2.13/1.8.0/util-logging_2.13-1.8.0.jar (463 kB at 18 kB/s)[0m
2026.03.09 20:44:32 INFO  Downloading from central: https://repo.maven.apache.org/maven2/org/scala-sbt/collections_2.13/1.8.0/collections_2.13-1.8.0.jar[0m
2026.03.09 20:44:32 INFO  Progress (4): 3.3/12 MB | 2.1/2.6 MB | 0.3/1.9 MB | 0.2/1.4 MB[0m
2026.03.09 20:44:33 INFO  Progress (4): 3.3/12 MB | 2.1/2.6 MB | 0.3/1.9 MB | 0.2/1.4 MB[0m
2026.03.09 20:44:33 INFO  Progress (4): 3.3/12 MB | 2.1/2.6 MB | 0.3/1.9 MB | 0.2/1.4 MB[0m
2026.03.09 20:44:33 INFO  Progress (4): 3.3/12 MB | 2.1/2.6 MB | 0.3/1.9 MB | 0.2/1.4 MB[0m
2026.03.09 20:44:33 INFO  Progress (4): 3.3/12 MB | 2.1/2.6 MB | 0.3/1.9 MB | 0.2/1.4 MB[0m
2026.03.09 20:44:33 INFO  Progress (4): 3.3/12 MB | 2.1/2.6 MB | 0.3/1.9 MB | 0.2/1.4 MB[0m
2026.03.09 20:44:33 INFO  Progress (4): 3.3/12 MB | 2.1/2.6 MB | 0.3/1.9 MB | 0.2/1.4 MB[0m
2026.03.09 20:44:33 INFO  Progress (4): 3.4/12 MB | 2.1/2.6 MB | 0.3/1.9 MB | 0.2/1.4 MB[0m
2026.03.09 20:44:33 INFO  Progress (4): 3.4/12 MB | 2.1/2.6 MB | 0.4/1.9 MB | 0.2/1.4 MB[0m
2026.03.09 20:44:33 INFO  Progress (4): 3.4/12 MB | 2.1/2.6 MB | 0.4/1.9 MB | 0.2/1.4 MB[0m
2026.03.09 20:44:33 INFO  Progress (4): 3.4/12 MB | 2.2/2.6 MB | 0.4/1.9 MB | 0.2/1.4 MB[0m
2026.03.09 20:44:33 INFO  Progress (4): 3.4/12 MB | 2.2/2.6 MB | 0.4/1.9 MB | 0.2/1.4 MB[0m
2026.03.09 20:44:33 INFO  Progress (4): 3.4/12 MB | 2.2/2.6 MB | 0.4/1.9 MB | 0.2/1.4 MB[0m
2026.03.09 20:44:33 INFO  Progress (5): 3.4/12 MB | 2.2/2.6 MB | 0.4/1.9 MB | 0.2/1.4 MB | 7.7/365 kB[0m
2026.03.09 20:44:33 INFO  Progress (5): 3.4/12 MB | 2.2/2.6 MB | 0.4/1.9 MB | 0.2/1.4 MB | 8.2/365 kB[0m
2026.03.09 20:44:33 INFO  Progress (5): 3.4/12 MB | 2.2/2.6 MB | 0.4/1.9 MB | 0.2/1.4 MB | 16/365 kB [0m
2026.03.09 20:44:33 INFO  Progress (5): 3.4/12 MB | 2.2/2.6 MB | 0.4/1.9 MB | 0.2/1.4 MB | 33/365 kB[0m
2026.03.09 20:44:33 INFO  Progress (5): 3.4/12 MB | 2.2/2.6 MB | 0.4/1.9 MB | 0.2/1.4 MB | 49/365 kB[0m
2026.03.09 20:44:33 INFO  Progress (5): 3.4/12 MB | 2.2/2.6 MB | 0.4/1.9 MB | 0.2/1.4 MB | 66/365 kB[0m
2026.03.09 20:44:33 INFO  Progress (5): 3.4/12 MB | 2.2/2.6 MB | 0.4/1.9 MB | 0.2/1.4 MB | 82/365 kB[0m
2026.03.09 20:44:33 INFO  Progress (5): 3.4/12 MB | 2.2/2.6 MB | 0.4/1.9 MB | 0.2/1.4 MB | 98/365 kB[0m
2026.03.09 20:44:33 INFO  Progress (5): 3.4/12 MB | 2.2/2.6 MB | 0.4/1.9 MB | 0.2/1.4 MB | 115/365 kB[0m
2026.03.09 20:44:33 INFO  Progress (5): 3.4/12 MB | 2.2/2.6 MB | 0.4/1.9 MB | 0.2/1.4 MB | 131/365 kB[0m
2026.03.09 20:44:33 INFO  Progress (5): 3.4/12 MB | 2.2/2.6 MB | 0.4/1.9 MB | 0.2/1.4 MB | 131/365 kB[0m
2026.03.09 20:44:33 INFO  Progress (5): 3.4/12 MB | 2.2/2.6 MB | 0.4/1.9 MB | 0.2/1.4 MB | 131/365 kB[0m
2026.03.09 20:44:33 INFO  Progress (5): 3.4/12 MB | 2.2/2.6 MB | 0.4/1.9 MB | 0.2/1.4 MB | 131/365 kB[0m
2026.03.09 20:44:33 INFO  Progress (5): 3.4/12 MB | 2.2/2.6 MB | 0.4/1.9 MB | 0.2/1.4 MB | 131/365 kB[0m
2026.03.09 20:44:33 INFO  Progress (5): 3.4/12 MB | 2.2/2.6 MB | 0.4/1.9 MB | 0.2/1.4 MB | 147/365 kB[0m
2026.03.09 20:44:33 INFO  Progress (5): 3.4/12 MB | 2.2/2.6 MB | 0.4/1.9 MB | 0.2/1.4 MB | 156/365 kB[0m
2026.03.09 20:44:33 INFO  Progress (5): 3.4/12 MB | 2.2/2.6 MB | 0.4/1.9 MB | 0.2/1.4 MB | 156/365 kB[0m
2026.03.09 20:44:33 INFO  Progress (5): 3.4/12 MB | 2.2/2.6 MB | 0.4/1.9 MB | 0.2/1.4 MB | 156/365 kB[0m
2026.03.09 20:44:33 INFO  Progress (5): 3.4/12 MB | 2.2/2.6 MB | 0.4/1.9 MB | 0.2/1.4 MB | 172/365 kB[0m
2026.03.09 20:44:33 INFO  Progress (5): 3.4/12 MB | 2.2/2.6 MB | 0.4/1.9 MB | 0.2/1.4 MB | 172/365 kB[0m
2026.03.09 20:44:33 INFO  Progress (5): 3.4/12 MB | 2.2/2.6 MB | 0.4/1.9 MB | 0.2/1.4 MB | 188/365 kB[0m
2026.03.09 20:44:33 INFO  Progress (5): 3.4/12 MB | 2.2/2.6 MB | 0.4/1.9 MB | 0.2/1.4 MB | 188/365 kB[0m
2026.03.09 20:44:33 INFO  Progress (5): 3.4/12 MB | 2.2/2.6 MB | 0.4/1.9 MB | 0.2/1.4 MB | 197/365 kB[0m
2026.03.09 20:44:33 INFO  Progress (5): 3.4/12 MB | 2.2/2.6 MB | 0.4/1.9 MB | 0.2/1.4 MB | 197/365 kB[0m
2026.03.09 20:44:33 INFO  Progress (5): 3.4/12 MB | 2.2/2.6 MB | 0.4/1.9 MB | 0.2/1.4 MB | 213/365 kB[0m
2026.03.09 20:44:33 INFO  Progress (5): 3.4/12 MB | 2.2/2.6 MB | 0.4/1.9 MB | 0.2/1.4 MB | 213/365 kB[0m
2026.03.09 20:44:33 INFO  Progress (5): 3.4/12 MB | 2.2/2.6 MB | 0.4/1.9 MB | 0.2/1.4 MB | 229/365 kB[0m
2026.03.09 20:44:33 INFO  Progress (5): 3.4/12 MB | 2.2/2.6 MB | 0.4/1.9 MB | 0.2/1.4 MB | 229/365 kB[0m
2026.03.09 20:44:33 INFO  Progress (5): 3.4/12 MB | 2.2/2.6 MB | 0.4/1.9 MB | 0.2/1.4 MB | 246/365 kB[0m
2026.03.09 20:44:33 INFO  Progress (5): 3.5/12 MB | 2.2/2.6 MB | 0.4/1.9 MB | 0.2/1.4 MB | 246/365 kB[0m
2026.03.09 20:44:33 INFO  Progress (5): 3.5/12 MB | 2.2/2.6 MB | 0.4/1.9 MB | 0.2/1.4 MB | 262/365 kB[0m
2026.03.09 20:44:33 INFO  Progress (5): 3.5/12 MB | 2.2/2.6 MB | 0.4/1.9 MB | 0.2/1.4 MB | 262/365 kB[0m
2026.03.09 20:44:33 INFO  Progress (5): 3.5/12 MB | 2.2/2.6 MB | 0.4/1.9 MB | 0.2/1.4 MB | 262/365 kB[0m
2026.03.09 20:44:33 INFO  Progress (5): 3.5/12 MB | 2.2/2.6 MB | 0.4/1.9 MB | 0.2/1.4 MB | 262/365 kB[0m
2026.03.09 20:44:33 INFO  Progress (5): 3.5/12 MB | 2.2/2.6 MB | 0.4/1.9 MB | 0.2/1.4 MB | 279/365 kB[0m
2026.03.09 20:44:33 INFO  Progress (5): 3.5/12 MB | 2.2/2.6 MB | 0.4/1.9 MB | 0.2/1.4 MB | 295/365 kB[0m
2026.03.09 20:44:33 INFO  Progress (5): 3.5/12 MB | 2.2/2.6 MB | 0.4/1.9 MB | 0.2/1.4 MB | 311/365 kB[0m
2026.03.09 20:44:33 INFO  Progress (5): 3.5/12 MB | 2.2/2.6 MB | 0.4/1.9 MB | 0.2/1.4 MB | 311/365 kB[0m
2026.03.09 20:44:33 INFO  Progress (5): 3.5/12 MB | 2.2/2.6 MB | 0.4/1.9 MB | 0.2/1.4 MB | 311/365 kB[0m
2026.03.09 20:44:34 INFO  Progress (5): 3.5/12 MB | 2.2/2.6 MB | 0.4/1.9 MB | 0.2/1.4 MB | 311/365 kB[0m
2026.03.09 20:44:34 INFO  Progress (5): 3.5/12 MB | 2.2/2.6 MB | 0.4/1.9 MB | 0.2/1.4 MB | 311/365 kB[0m
2026.03.09 20:44:34 INFO  Progress (5): 3.5/12 MB | 2.2/2.6 MB | 0.4/1.9 MB | 0.2/1.4 MB | 328/365 kB[0m
2026.03.09 20:44:34 INFO  Progress (5): 3.5/12 MB | 2.3/2.6 MB | 0.4/1.9 MB | 0.2/1.4 MB | 328/365 kB[0m
2026.03.09 20:44:34 INFO  Progress (5): 3.5/12 MB | 2.3/2.6 MB | 0.4/1.9 MB | 0.2/1.4 MB | 328/365 kB[0m
2026.03.09 20:44:34 INFO  Progress (5): 3.5/12 MB | 2.3/2.6 MB | 0.4/1.9 MB | 0.2/1.4 MB | 344/365 kB[0m
2026.03.09 20:44:34 INFO  Progress (5): 3.5/12 MB | 2.3/2.6 MB | 0.4/1.9 MB | 0.3/1.4 MB | 344/365 kB[0m
2026.03.09 20:44:34 INFO  Progress (5): 3.5/12 MB | 2.3/2.6 MB | 0.4/1.9 MB | 0.3/1.4 MB | 360/365 kB[0m
2026.03.09 20:44:34 INFO  Progress (5): 3.5/12 MB | 2.3/2.6 MB | 0.4/1.9 MB | 0.3/1.4 MB | 365 kB    [0m
2026.03.09 20:44:34 INFO                                                                         [0m
2026.03.09 20:44:34 INFO  Downloaded from central: https://repo.maven.apache.org/maven2/org/scala-sbt/collections_2.13/1.8.0/collections_2.13-1.8.0.jar (365 kB at 13 kB/s)[0m
2026.03.09 20:44:34 INFO  Downloading from central: https://repo.maven.apache.org/maven2/org/scala-sbt/util-position_2.13/1.8.0/util-position_2.13-1.8.0.jar[0m
2026.03.09 20:44:34 INFO  Progress (4): 3.5/12 MB | 2.3/2.6 MB | 0.4/1.9 MB | 0.3/1.4 MB[0m
2026.03.09 20:44:34 INFO  Progress (4): 3.5/12 MB | 2.3/2.6 MB | 0.4/1.9 MB | 0.3/1.4 MB[0m
2026.03.09 20:44:34 INFO  Progress (4): 3.5/12 MB | 2.3/2.6 MB | 0.4/1.9 MB | 0.3/1.4 MB[0m
2026.03.09 20:44:34 INFO  Progress (4): 3.5/12 MB | 2.3/2.6 MB | 0.4/1.9 MB | 0.3/1.4 MB[0m
2026.03.09 20:44:34 INFO  Progress (4): 3.5/12 MB | 2.3/2.6 MB | 0.4/1.9 MB | 0.3/1.4 MB[0m
2026.03.09 20:44:34 INFO  Progress (4): 3.5/12 MB | 2.3/2.6 MB | 0.4/1.9 MB | 0.3/1.4 MB[0m
2026.03.09 20:44:34 INFO  Progress (4): 3.5/12 MB | 2.3/2.6 MB | 0.4/1.9 MB | 0.3/1.4 MB[0m
2026.03.09 20:44:34 INFO  Progress (4): 3.6/12 MB | 2.3/2.6 MB | 0.4/1.9 MB | 0.3/1.4 MB[0m
2026.03.09 20:44:34 INFO  Progress (5): 3.6/12 MB | 2.3/2.6 MB | 0.4/1.9 MB | 0.3/1.4 MB | 7.7/28 kB[0m
2026.03.09 20:44:34 INFO  Progress (5): 3.6/12 MB | 2.3/2.6 MB | 0.4/1.9 MB | 0.3/1.4 MB | 16/28 kB [0m
2026.03.09 20:44:34 INFO  Progress (5): 3.6/12 MB | 2.3/2.6 MB | 0.4/1.9 MB | 0.3/1.4 MB | 16/28 kB[0m
2026.03.09 20:44:34 INFO  Progress (5): 3.6/12 MB | 2.3/2.6 MB | 0.4/1.9 MB | 0.3/1.4 MB | 16/28 kB[0m
2026.03.09 20:44:34 INFO  Progress (5): 3.6/12 MB | 2.3/2.6 MB | 0.4/1.9 MB | 0.3/1.4 MB | 28 kB   [0m
2026.03.09 20:44:34 INFO                                                                        [0m
2026.03.09 20:44:34 INFO  Downloaded from central: https://repo.maven.apache.org/maven2/org/scala-sbt/util-position_2.13/1.8.0/util-position_2.13-1.8.0.jar (28 kB at 1.0 kB/s)[0m
2026.03.09 20:44:34 INFO  Downloading from central: https://repo.maven.apache.org/maven2/org/scala-sbt/core-macros_2.13/1.8.0/core-macros_2.13-1.8.0.jar[0m
2026.03.09 20:44:34 INFO  Progress (4): 3.6/12 MB | 2.3/2.6 MB | 0.5/1.9 MB | 0.3/1.4 MB[0m
2026.03.09 20:44:35 INFO  Progress (4): 3.6/12 MB | 2.3/2.6 MB | 0.5/1.9 MB | 0.3/1.4 MB[0m
2026.03.09 20:44:35 INFO  Progress (4): 3.6/12 MB | 2.3/2.6 MB | 0.5/1.9 MB | 0.3/1.4 MB[0m
2026.03.09 20:44:35 INFO  Progress (4): 3.6/12 MB | 2.3/2.6 MB | 0.5/1.9 MB | 0.3/1.4 MB[0m
2026.03.09 20:44:35 INFO  Progress (4): 3.6/12 MB | 2.3/2.6 MB | 0.5/1.9 MB | 0.3/1.4 MB[0m
2026.03.09 20:44:35 INFO  Progress (4): 3.6/12 MB | 2.3/2.6 MB | 0.5/1.9 MB | 0.3/1.4 MB[0m
2026.03.09 20:44:35 INFO  Progress (5): 3.6/12 MB | 2.3/2.6 MB | 0.5/1.9 MB | 0.3/1.4 MB | 7.7/87 kB[0m
2026.03.09 20:44:35 INFO  Progress (5): 3.6/12 MB | 2.3/2.6 MB | 0.5/1.9 MB | 0.3/1.4 MB | 8.2/87 kB[0m
2026.03.09 20:44:35 INFO  Progress (5): 3.6/12 MB | 2.3/2.6 MB | 0.5/1.9 MB | 0.3/1.4 MB | 8.2/87 kB[0m
2026.03.09 20:44:35 INFO  Progress (5): 3.6/12 MB | 2.4/2.6 MB | 0.5/1.9 MB | 0.3/1.4 MB | 8.2/87 kB[0m
2026.03.09 20:44:35 INFO  Progress (5): 3.6/12 MB | 2.4/2.6 MB | 0.5/1.9 MB | 0.3/1.4 MB | 16/87 kB [0m
2026.03.09 20:44:35 INFO  Progress (5): 3.6/12 MB | 2.4/2.6 MB | 0.5/1.9 MB | 0.3/1.4 MB | 16/87 kB[0m
2026.03.09 20:44:35 INFO  Progress (5): 3.6/12 MB | 2.4/2.6 MB | 0.5/1.9 MB | 0.3/1.4 MB | 33/87 kB[0m
2026.03.09 20:44:35 INFO  Progress (5): 3.6/12 MB | 2.4/2.6 MB | 0.5/1.9 MB | 0.3/1.4 MB | 33/87 kB[0m
2026.03.09 20:44:35 INFO  Progress (5): 3.6/12 MB | 2.4/2.6 MB | 0.5/1.9 MB | 0.3/1.4 MB | 33/87 kB[0m
2026.03.09 20:44:35 INFO  Progress (5): 3.6/12 MB | 2.4/2.6 MB | 0.5/1.9 MB | 0.3/1.4 MB | 49/87 kB[0m
2026.03.09 20:44:35 INFO  Progress (5): 3.6/12 MB | 2.4/2.6 MB | 0.5/1.9 MB | 0.3/1.4 MB | 57/87 kB[0m
2026.03.09 20:44:35 INFO  Progress (5): 3.6/12 MB | 2.4/2.6 MB | 0.5/1.9 MB | 0.3/1.4 MB | 57/87 kB[0m
2026.03.09 20:44:36 INFO  Progress (5): 3.6/12 MB | 2.4/2.6 MB | 0.5/1.9 MB | 0.3/1.4 MB | 57/87 kB[0m
2026.03.09 20:44:36 INFO  Progress (5): 3.6/12 MB | 2.4/2.6 MB | 0.5/1.9 MB | 0.3/1.4 MB | 57/87 kB[0m
2026.03.09 20:44:36 INFO  Progress (5): 3.6/12 MB | 2.4/2.6 MB | 0.5/1.9 MB | 0.3/1.4 MB | 74/87 kB[0m
2026.03.09 20:44:36 INFO  Progress (5): 3.6/12 MB | 2.4/2.6 MB | 0.5/1.9 MB | 0.3/1.4 MB | 74/87 kB[0m
2026.03.09 20:44:36 INFO  Progress (5): 3.6/12 MB | 2.4/2.6 MB | 0.5/1.9 MB | 0.3/1.4 MB | 87 kB   [0m
2026.03.09 20:44:36 INFO                                                                        [0m
2026.03.09 20:44:36 INFO  Downloaded from central: https://repo.maven.apache.org/maven2/org/scala-sbt/core-macros_2.13/1.8.0/core-macros_2.13-1.8.0.jar (87 kB at 2.9 kB/s)[0m
2026.03.09 20:44:36 INFO  Downloading from central: https://repo.maven.apache.org/maven2/org/jline/jline-terminal/3.19.0/jline-terminal-3.19.0.jar[0m
2026.03.09 20:44:36 INFO  Progress (4): 3.7/12 MB | 2.4/2.6 MB | 0.5/1.9 MB | 0.3/1.4 MB[0m
2026.03.09 20:44:36 INFO  Progress (4): 3.7/12 MB | 2.4/2.6 MB | 0.5/1.9 MB | 0.3/1.4 MB[0m
2026.03.09 20:44:36 INFO  Progress (4): 3.7/12 MB | 2.4/2.6 MB | 0.5/1.9 MB | 0.3/1.4 MB[0m
2026.03.09 20:44:36 INFO  Progress (4): 3.7/12 MB | 2.4/2.6 MB | 0.5/1.9 MB | 0.3/1.4 MB[0m
2026.03.09 20:44:36 INFO  Progress (5): 3.7/12 MB | 2.4/2.6 MB | 0.5/1.9 MB | 0.3/1.4 MB | 3.4/228 kB[0m
2026.03.09 20:44:36 INFO  Progress (5): 3.7/12 MB | 2.4/2.6 MB | 0.5/1.9 MB | 0.3/1.4 MB | 12/228 kB [0m
2026.03.09 20:44:36 INFO  Progress (5): 3.7/12 MB | 2.4/2.6 MB | 0.5/1.9 MB | 0.3/1.4 MB | 28/228 kB[0m
2026.03.09 20:44:36 INFO  Progress (5): 3.7/12 MB | 2.4/2.6 MB | 0.5/1.9 MB | 0.3/1.4 MB | 28/228 kB[0m
2026.03.09 20:44:36 INFO  Progress (5): 3.7/12 MB | 2.4/2.6 MB | 0.5/1.9 MB | 0.3/1.4 MB | 44/228 kB[0m
2026.03.09 20:44:36 INFO  Progress (5): 3.7/12 MB | 2.4/2.6 MB | 0.5/1.9 MB | 0.3/1.4 MB | 61/228 kB[0m
2026.03.09 20:44:36 INFO  Progress (5): 3.7/12 MB | 2.4/2.6 MB | 0.5/1.9 MB | 0.3/1.4 MB | 61/228 kB[0m
2026.03.09 20:44:36 INFO  Progress (5): 3.7/12 MB | 2.4/2.6 MB | 0.5/1.9 MB | 0.3/1.4 MB | 77/228 kB[0m
2026.03.09 20:44:37 INFO  Progress (5): 3.7/12 MB | 2.4/2.6 MB | 0.5/1.9 MB | 0.3/1.4 MB | 93/228 kB[0m
2026.03.09 20:44:37 INFO  Progress (5): 3.7/12 MB | 2.4/2.6 MB | 0.5/1.9 MB | 0.3/1.4 MB | 93/228 kB[0m
2026.03.09 20:44:37 INFO  Progress (5): 3.7/12 MB | 2.4/2.6 MB | 0.5/1.9 MB | 0.3/1.4 MB | 93/228 kB[0m
2026.03.09 20:44:37 INFO  Progress (5): 3.7/12 MB | 2.4/2.6 MB | 0.5/1.9 MB | 0.3/1.4 MB | 110/228 kB[0m
2026.03.09 20:44:37 INFO  Progress (5): 3.7/12 MB | 2.4/2.6 MB | 0.5/1.9 MB | 0.4/1.4 MB | 110/228 kB[0m
2026.03.09 20:44:37 INFO  Progress (5): 3.7/12 MB | 2.4/2.6 MB | 0.5/1.9 MB | 0.4/1.4 MB | 126/228 kB[0m
2026.03.09 20:44:37 INFO  Progress (5): 3.7/12 MB | 2.4/2.6 MB | 0.5/1.9 MB | 0.4/1.4 MB | 126/228 kB[0m
2026.03.09 20:44:37 INFO  Progress (5): 3.7/12 MB | 2.4/2.6 MB | 0.5/1.9 MB | 0.4/1.4 MB | 126/228 kB[0m
2026.03.09 20:44:37 INFO  Progress (5): 3.7/12 MB | 2.4/2.6 MB | 0.5/1.9 MB | 0.4/1.4 MB | 143/228 kB[0m
2026.03.09 20:44:37 INFO  Progress (5): 3.7/12 MB | 2.4/2.6 MB | 0.5/1.9 MB | 0.4/1.4 MB | 143/228 kB[0m
2026.03.09 20:44:37 INFO  Progress (5): 3.7/12 MB | 2.4/2.6 MB | 0.5/1.9 MB | 0.4/1.4 MB | 143/228 kB[0m
2026.03.09 20:44:37 INFO  Progress (5): 3.7/12 MB | 2.4/2.6 MB | 0.5/1.9 MB | 0.4/1.4 MB | 143/228 kB[0m
2026.03.09 20:44:37 INFO  Progress (5): 3.7/12 MB | 2.4/2.6 MB | 0.5/1.9 MB | 0.4/1.4 MB | 143/228 kB[0m
2026.03.09 20:44:37 INFO  Progress (5): 3.8/12 MB | 2.4/2.6 MB | 0.5/1.9 MB | 0.4/1.4 MB | 143/228 kB[0m
2026.03.09 20:44:37 INFO  Progress (5): 3.8/12 MB | 2.4/2.6 MB | 0.6/1.9 MB | 0.4/1.4 MB | 143/228 kB[0m
2026.03.09 20:44:37 INFO  Progress (5): 3.8/12 MB | 2.4/2.6 MB | 0.6/1.9 MB | 0.4/1.4 MB | 159/228 kB[0m
2026.03.09 20:44:37 INFO  Progress (5): 3.8/12 MB | 2.4/2.6 MB | 0.6/1.9 MB | 0.4/1.4 MB | 159/228 kB[0m
2026.03.09 20:44:37 INFO  Progress (5): 3.8/12 MB | 2.4/2.6 MB | 0.6/1.9 MB | 0.4/1.4 MB | 159/228 kB[0m
2026.03.09 20:44:37 INFO  Progress (5): 3.8/12 MB | 2.4/2.6 MB | 0.6/1.9 MB | 0.4/1.4 MB | 175/228 kB[0m
2026.03.09 20:44:38 INFO  Progress (5): 3.8/12 MB | 2.4/2.6 MB | 0.6/1.9 MB | 0.4/1.4 MB | 192/228 kB[0m
2026.03.09 20:44:38 INFO  Progress (5): 3.8/12 MB | 2.4/2.6 MB | 0.6/1.9 MB | 0.4/1.4 MB | 192/228 kB[0m
2026.03.09 20:44:38 INFO  Progress (5): 3.8/12 MB | 2.4/2.6 MB | 0.6/1.9 MB | 0.4/1.4 MB | 208/228 kB[0m
2026.03.09 20:44:38 INFO  Progress (5): 3.8/12 MB | 2.4/2.6 MB | 0.6/1.9 MB | 0.4/1.4 MB | 225/228 kB[0m
2026.03.09 20:44:38 INFO  Progress (5): 3.8/12 MB | 2.4/2.6 MB | 0.6/1.9 MB | 0.4/1.4 MB | 225/228 kB[0m
2026.03.09 20:44:38 INFO  Progress (5): 3.8/12 MB | 2.4/2.6 MB | 0.6/1.9 MB | 0.4/1.4 MB | 225/228 kB[0m
2026.03.09 20:44:38 INFO  Progress (5): 3.8/12 MB | 2.4/2.6 MB | 0.6/1.9 MB | 0.4/1.4 MB | 228 kB    [0m
2026.03.09 20:44:38 INFO                                                                         [0m
2026.03.09 20:44:38 INFO  Downloaded from central: https://repo.maven.apache.org/maven2/org/jline/jline-terminal/3.19.0/jline-terminal-3.19.0.jar (228 kB at 7.1 kB/s)[0m
2026.03.09 20:44:38 INFO  Downloading from central: https://repo.maven.apache.org/maven2/org/scala-lang/scala-reflect/2.13.8/scala-reflect-2.13.8.jar[0m
2026.03.09 20:44:38 INFO  Progress (4): 3.8/12 MB | 2.4/2.6 MB | 0.6/1.9 MB | 0.4/1.4 MB[0m
2026.03.09 20:44:38 INFO  Progress (4): 3.8/12 MB | 2.4/2.6 MB | 0.6/1.9 MB | 0.4/1.4 MB[0m
2026.03.09 20:44:39 INFO  no build target found for C:\Users\neoat\repos\movie-service-bugfix\src\main\java\com\example\movieservice\configuration\SwaggerConfig.java. Using fallback presentation compiler.[0m
2026.03.09 20:44:39 INFO  no build target found for C:\Users\neoat\repos\movie-service-bugfix\src\main\java\com\example\movieservice\configuration\WebConfig.java. Using fallback presentation compiler.[0m
2026.03.09 20:44:38 INFO  Progress (4): 3.8/12 MB | 2.4/2.6 MB | 0.6/1.9 MB | 0.4/1.4 MB[0m
2026.03.09 20:44:38 INFO  Progress (4): 3.8/12 MB | 2.4/2.6 MB | 0.6/1.9 MB | 0.4/1.4 MB[0m
2026.03.09 20:44:38 INFO  Progress (4): 3.8/12 MB | 2.4/2.6 MB | 0.6/1.9 MB | 0.4/1.4 MB[0m
mars 09, 2026 8:44:39 PM org.eclipse.lsp4j.jsonrpc.RemoteEndpoint handleCancellation
AVERTISSEMENT: Unmatched cancel notification for request id 16
2026.03.09 20:44:39 INFO  no build target found for C:\Users\neoat\repos\movie-service-bugfix\src\main\java\com\example\movieservice\configuration\WebConfig.java. Using fallback presentation compiler.[0m
2026.03.09 20:44:40 INFO  Progress (4): 3.8/12 MB | 2.4/2.6 MB | 0.6/1.9 MB | 0.4/1.4 MB[0m
2026.03.09 20:44:40 INFO  Progress (4): 3.8/12 MB | 2.4/2.6 MB | 0.6/1.9 MB | 0.4/1.4 MB[0m
2026.03.09 20:44:40 INFO  Progress (4): 3.8/12 MB | 2.4/2.6 MB | 0.6/1.9 MB | 0.4/1.4 MB[0m
2026.03.09 20:44:40 INFO  Progress (4): 3.8/12 MB | 2.5/2.6 MB | 0.6/1.9 MB | 0.4/1.4 MB[0m
2026.03.09 20:44:40 INFO  Progress (4): 3.8/12 MB | 2.5/2.6 MB | 0.6/1.9 MB | 0.4/1.4 MB[0m
2026.03.09 20:44:40 INFO  Progress (4): 3.8/12 MB | 2.5/2.6 MB | 0.6/1.9 MB | 0.4/1.4 MB[0m
2026.03.09 20:44:40 INFO  Progress (4): 3.8/12 MB | 2.5/2.6 MB | 0.6/1.9 MB | 0.4/1.4 MB[0m
2026.03.09 20:44:40 INFO  Progress (4): 3.8/12 MB | 2.5/2.6 MB | 0.6/1.9 MB | 0.4/1.4 MB[0m
2026.03.09 20:44:40 INFO  Progress (4): 3.8/12 MB | 2.5/2.6 MB | 0.6/1.9 MB | 0.4/1.4 MB[0m
2026.03.09 20:44:41 INFO  Progress (5): 3.8/12 MB | 2.5/2.6 MB | 0.6/1.9 MB | 0.4/1.4 MB | 0/3.8 MB[0m
2026.03.09 20:44:41 INFO  Progress (5): 3.8/12 MB | 2.5/2.6 MB | 0.6/1.9 MB | 0.4/1.4 MB | 0/3.8 MB[0m
2026.03.09 20:44:41 INFO  Progress (5): 3.8/12 MB | 2.5/2.6 MB | 0.6/1.9 MB | 0.4/1.4 MB | 0/3.8 MB[0m
2026.03.09 20:44:41 INFO  Progress (5): 3.8/12 MB | 2.5/2.6 MB | 0.6/1.9 MB | 0.5/1.4 MB | 0/3.8 MB[0m
2026.03.09 20:44:41 INFO  Progress (5): 3.8/12 MB | 2.5/2.6 MB | 0.6/1.9 MB | 0.5/1.4 MB | 0/3.8 MB[0m
2026.03.09 20:44:41 INFO  Progress (5): 3.8/12 MB | 2.5/2.6 MB | 0.6/1.9 MB | 0.5/1.4 MB | 0/3.8 MB[0m
2026.03.09 20:44:41 INFO  Progress (5): 3.8/12 MB | 2.5/2.6 MB | 0.6/1.9 MB | 0.5/1.4 MB | 0.1/3.8 MB[0m
2026.03.09 20:44:42 INFO  Progress (5): 3.9/12 MB | 2.5/2.6 MB | 0.6/1.9 MB | 0.5/1.4 MB | 0.1/3.8 MB[0m
2026.03.09 20:44:42 INFO  Progress (5): 3.9/12 MB | 2.5/2.6 MB | 0.6/1.9 MB | 0.5/1.4 MB | 0.1/3.8 MB[0m
2026.03.09 20:44:42 INFO  Progress (5): 3.9/12 MB | 2.5/2.6 MB | 0.6/1.9 MB | 0.5/1.4 MB | 0.1/3.8 MB[0m
2026.03.09 20:44:42 INFO  Progress (5): 3.9/12 MB | 2.5/2.6 MB | 0.6/1.9 MB | 0.5/1.4 MB | 0.1/3.8 MB[0m
2026.03.09 20:44:42 INFO  Progress (5): 3.9/12 MB | 2.5/2.6 MB | 0.6/1.9 MB | 0.5/1.4 MB | 0.1/3.8 MB[0m
2026.03.09 20:44:42 INFO  Progress (5): 3.9/12 MB | 2.5/2.6 MB | 0.6/1.9 MB | 0.5/1.4 MB | 0.1/3.8 MB[0m
2026.03.09 20:44:42 INFO  Progress (5): 4.0/12 MB | 2.5/2.6 MB | 0.6/1.9 MB | 0.5/1.4 MB | 0.1/3.8 MB[0m
2026.03.09 20:44:42 INFO  Progress (5): 4.0/12 MB | 2.5/2.6 MB | 0.6/1.9 MB | 0.5/1.4 MB | 0.1/3.8 MB[0m
2026.03.09 20:44:42 INFO  Progress (5): 4.0/12 MB | 2.5/2.6 MB | 0.6/1.9 MB | 0.5/1.4 MB | 0.1/3.8 MB[0m
2026.03.09 20:44:42 INFO  Progress (5): 4.0/12 MB | 2.5/2.6 MB | 0.6/1.9 MB | 0.5/1.4 MB | 0.1/3.8 MB[0m
2026.03.09 20:44:42 INFO  Progress (5): 4.0/12 MB | 2.5/2.6 MB | 0.6/1.9 MB | 0.5/1.4 MB | 0.1/3.8 MB[0m
2026.03.09 20:44:42 INFO  Progress (5): 4.0/12 MB | 2.5/2.6 MB | 0.6/1.9 MB | 0.5/1.4 MB | 0.1/3.8 MB[0m
2026.03.09 20:44:42 INFO  Progress (5): 4.0/12 MB | 2.5/2.6 MB | 0.6/1.9 MB | 0.5/1.4 MB | 0.1/3.8 MB[0m
2026.03.09 20:44:42 INFO  Progress (5): 4.0/12 MB | 2.5/2.6 MB | 0.6/1.9 MB | 0.5/1.4 MB | 0.1/3.8 MB[0m
2026.03.09 20:44:42 INFO  Progress (5): 4.0/12 MB | 2.5/2.6 MB | 0.6/1.9 MB | 0.5/1.4 MB | 0.1/3.8 MB[0m
2026.03.09 20:44:42 INFO  Progress (5): 4.0/12 MB | 2.5/2.6 MB | 0.6/1.9 MB | 0.5/1.4 MB | 0.1/3.8 MB[0m
2026.03.09 20:44:42 INFO  Progress (5): 4.0/12 MB | 2.5/2.6 MB | 0.6/1.9 MB | 0.5/1.4 MB | 0.2/3.8 MB[0m
2026.03.09 20:44:42 INFO  Progress (5): 4.0/12 MB | 2.5/2.6 MB | 0.6/1.9 MB | 0.5/1.4 MB | 0.2/3.8 MB[0m
2026.03.09 20:44:42 INFO  Progress (5): 4.0/12 MB | 2.5/2.6 MB | 0.6/1.9 MB | 0.5/1.4 MB | 0.2/3.8 MB[0m
2026.03.09 20:44:43 INFO  Progress (5): 4.0/12 MB | 2.5/2.6 MB | 0.6/1.9 MB | 0.5/1.4 MB | 0.2/3.8 MB[0m
2026.03.09 20:44:46 INFO  Progress (5): 4.0/12 MB | 2.5/2.6 MB | 0.7/1.9 MB | 0.5/1.4 MB | 0.2/3.8 MB[0m
2026.03.09 20:44:46 INFO  Progress (5): 4.0/12 MB | 2.5/2.6 MB | 0.7/1.9 MB | 0.5/1.4 MB | 0.2/3.8 MB[0m
2026.03.09 20:44:46 INFO  Progress (5): 4.0/12 MB | 2.5/2.6 MB | 0.7/1.9 MB | 0.5/1.4 MB | 0.2/3.8 MB[0m
2026.03.09 20:44:46 INFO  Progress (5): 4.0/12 MB | 2.5/2.6 MB | 0.7/1.9 MB | 0.5/1.4 MB | 0.2/3.8 MB[0m
2026.03.09 20:44:46 INFO  Progress (5): 4.0/12 MB | 2.5/2.6 MB | 0.7/1.9 MB | 0.5/1.4 MB | 0.2/3.8 MB[0m
2026.03.09 20:44:46 INFO  Progress (5): 4.0/12 MB | 2.5/2.6 MB | 0.7/1.9 MB | 0.5/1.4 MB | 0.2/3.8 MB[0m
2026.03.09 20:44:46 INFO  Progress (5): 4.0/12 MB | 2.5/2.6 MB | 0.7/1.9 MB | 0.5/1.4 MB | 0.2/3.8 MB[0m
2026.03.09 20:44:46 INFO  Progress (5): 4.0/12 MB | 2.5/2.6 MB | 0.7/1.9 MB | 0.5/1.4 MB | 0.2/3.8 MB[0m
2026.03.09 20:44:46 INFO  Progress (5): 4.0/12 MB | 2.5/2.6 MB | 0.7/1.9 MB | 0.5/1.4 MB | 0.2/3.8 MB[0m
2026.03.09 20:44:46 INFO  Progress (5): 4.0/12 MB | 2.5/2.6 MB | 0.7/1.9 MB | 0.5/1.4 MB | 0.2/3.8 MB[0m
2026.03.09 20:44:46 INFO  Progress (5): 4.0/12 MB | 2.5/2.6 MB | 0.7/1.9 MB | 0.5/1.4 MB | 0.2/3.8 MB[0m
2026.03.09 20:44:46 INFO  Progress (5): 4.0/12 MB | 2.6/2.6 MB | 0.7/1.9 MB | 0.5/1.4 MB | 0.2/3.8 MB[0m
2026.03.09 20:44:46 INFO  Progress (5): 4.0/12 MB | 2.6/2.6 MB | 0.7/1.9 MB | 0.5/1.4 MB | 0.2/3.8 MB[0m
2026.03.09 20:44:46 INFO  Progress (5): 4.0/12 MB | 2.6/2.6 MB | 0.7/1.9 MB | 0.5/1.4 MB | 0.2/3.8 MB[0m
2026.03.09 20:44:46 INFO  Progress (5): 4.0/12 MB | 2.6/2.6 MB | 0.7/1.9 MB | 0.5/1.4 MB | 0.2/3.8 MB[0m
2026.03.09 20:44:46 INFO  Progress (5): 4.0/12 MB | 2.6/2.6 MB | 0.7/1.9 MB | 0.5/1.4 MB | 0.2/3.8 MB[0m
2026.03.09 20:44:46 INFO  Progress (5): 4.1/12 MB | 2.6/2.6 MB | 0.7/1.9 MB | 0.5/1.4 MB | 0.2/3.8 MB[0m
2026.03.09 20:44:46 INFO  Progress (5): 4.1/12 MB | 2.6/2.6 MB | 0.7/1.9 MB | 0.5/1.4 MB | 0.2/3.8 MB[0m
2026.03.09 20:44:46 INFO  Progress (5): 4.1/12 MB | 2.6/2.6 MB | 0.7/1.9 MB | 0.5/1.4 MB | 0.2/3.8 MB[0m
2026.03.09 20:44:46 INFO  Progress (5): 4.1/12 MB | 2.6/2.6 MB | 0.7/1.9 MB | 0.5/1.4 MB | 0.2/3.8 MB[0m
2026.03.09 20:44:46 INFO  Progress (5): 4.1/12 MB | 2.6/2.6 MB | 0.7/1.9 MB | 0.5/1.4 MB | 0.2/3.8 MB[0m
2026.03.09 20:44:46 INFO  Progress (5): 4.1/12 MB | 2.6/2.6 MB | 0.7/1.9 MB | 0.5/1.4 MB | 0.2/3.8 MB[0m
2026.03.09 20:44:46 INFO  Progress (5): 4.1/12 MB | 2.6/2.6 MB | 0.7/1.9 MB | 0.5/1.4 MB | 0.2/3.8 MB[0m
2026.03.09 20:44:47 INFO  Progress (5): 4.1/12 MB | 2.6/2.6 MB | 0.7/1.9 MB | 0.5/1.4 MB | 0.2/3.8 MB[0m
2026.03.09 20:44:47 INFO  Progress (5): 4.1/12 MB | 2.6/2.6 MB | 0.7/1.9 MB | 0.5/1.4 MB | 0.2/3.8 MB[0m
2026.03.09 20:44:47 INFO  Progress (5): 4.1/12 MB | 2.6/2.6 MB | 0.7/1.9 MB | 0.6/1.4 MB | 0.2/3.8 MB[0m
2026.03.09 20:44:47 INFO  Progress (5): 4.1/12 MB | 2.6/2.6 MB | 0.7/1.9 MB | 0.6/1.4 MB | 0.3/3.8 MB[0m
2026.03.09 20:44:47 INFO  Progress (5): 4.1/12 MB | 2.6/2.6 MB | 0.7/1.9 MB | 0.6/1.4 MB | 0.3/3.8 MB[0m
2026.03.09 20:44:47 INFO  Progress (5): 4.1/12 MB | 2.6/2.6 MB | 0.7/1.9 MB | 0.6/1.4 MB | 0.3/3.8 MB[0m
2026.03.09 20:44:47 INFO  Progress (5): 4.1/12 MB | 2.6/2.6 MB | 0.7/1.9 MB | 0.6/1.4 MB | 0.3/3.8 MB[0m
2026.03.09 20:44:47 INFO  Progress (5): 4.1/12 MB | 2.6/2.6 MB | 0.7/1.9 MB | 0.6/1.4 MB | 0.3/3.8 MB[0m
2026.03.09 20:44:47 INFO  Progress (5): 4.1/12 MB | 2.6/2.6 MB | 0.7/1.9 MB | 0.6/1.4 MB | 0.3/3.8 MB[0m
2026.03.09 20:44:47 INFO  Progress (5): 4.1/12 MB | 2.6/2.6 MB | 0.7/1.9 MB | 0.6/1.4 MB | 0.4/3.8 MB[0m
2026.03.09 20:44:47 INFO  Progress (5): 4.1/12 MB | 2.6/2.6 MB | 0.7/1.9 MB | 0.6/1.4 MB | 0.4/3.8 MB[0m
2026.03.09 20:44:47 INFO  Progress (5): 4.1/12 MB | 2.6/2.6 MB | 0.7/1.9 MB | 0.6/1.4 MB | 0.4/3.8 MB[0m
2026.03.09 20:44:47 INFO  Progress (5): 4.1/12 MB | 2.6/2.6 MB | 0.7/1.9 MB | 0.6/1.4 MB | 0.4/3.8 MB[0m
2026.03.09 20:44:47 INFO  Progress (5): 4.1/12 MB | 2.6/2.6 MB | 0.7/1.9 MB | 0.6/1.4 MB | 0.4/3.8 MB[0m
2026.03.09 20:44:47 INFO  Progress (5): 4.1/12 MB | 2.6/2.6 MB | 0.7/1.9 MB | 0.6/1.4 MB | 0.4/3.8 MB[0m
2026.03.09 20:44:48 INFO  Progress (5): 4.1/12 MB | 2.6/2.6 MB | 0.7/1.9 MB | 0.6/1.4 MB | 0.5/3.8 MB[0m
2026.03.09 20:44:48 INFO  Progress (5): 4.1/12 MB | 2.6/2.6 MB | 0.7/1.9 MB | 0.6/1.4 MB | 0.5/3.8 MB[0m
2026.03.09 20:44:48 INFO  Progress (5): 4.1/12 MB | 2.6/2.6 MB | 0.7/1.9 MB | 0.6/1.4 MB | 0.5/3.8 MB[0m
2026.03.09 20:44:48 INFO  Progress (5): 4.1/12 MB | 2.6/2.6 MB | 0.7/1.9 MB | 0.6/1.4 MB | 0.5/3.8 MB[0m
2026.03.09 20:44:48 INFO  Progress (5): 4.1/12 MB | 2.6 MB | 0.7/1.9 MB | 0.6/1.4 MB | 0.5/3.8 MB    [0m
2026.03.09 20:44:48 INFO                                                                         [0m
2026.03.09 20:44:48 INFO  Downloaded from central: https://repo.maven.apache.org/maven2/org/scala-sbt/zinc-persist-core-assembly/1.8.0/zinc-persist-core-assembly-1.8.0.jar (2.6 MB at 63 kB/s)[0m
2026.03.09 20:44:48 INFO  Downloading from central: https://repo.maven.apache.org/maven2/org/scala-sbt/util-relation_2.13/1.8.0/util-relation_2.13-1.8.0.jar[0m
2026.03.09 20:44:48 INFO  Progress (4): 4.1/12 MB | 0.7/1.9 MB | 0.6/1.4 MB | 0.5/3.8 MB[0m
2026.03.09 20:44:48 INFO  Progress (4): 4.1/12 MB | 0.7/1.9 MB | 0.6/1.4 MB | 0.5/3.8 MB[0m
2026.03.09 20:44:48 INFO  Progress (4): 4.1/12 MB | 0.7/1.9 MB | 0.6/1.4 MB | 0.5/3.8 MB[0m
2026.03.09 20:44:48 INFO  Progress (4): 4.1/12 MB | 0.8/1.9 MB | 0.6/1.4 MB | 0.5/3.8 MB[0m
2026.03.09 20:44:48 INFO  Progress (4): 4.1/12 MB | 0.8/1.9 MB | 0.6/1.4 MB | 0.5/3.8 MB[0m
2026.03.09 20:44:48 INFO  Progress (4): 4.1/12 MB | 0.8/1.9 MB | 0.6/1.4 MB | 0.5/3.8 MB[0m
2026.03.09 20:44:48 INFO  Progress (4): 4.1/12 MB | 0.8/1.9 MB | 0.6/1.4 MB | 0.5/3.8 MB[0m
2026.03.09 20:44:48 INFO  Progress (4): 4.1/12 MB | 0.8/1.9 MB | 0.6/1.4 MB | 0.5/3.8 MB[0m
2026.03.09 20:44:48 INFO  Progress (4): 4.1/12 MB | 0.8/1.9 MB | 0.6/1.4 MB | 0.5/3.8 MB[0m
2026.03.09 20:44:48 INFO  Progress (5): 4.1/12 MB | 0.8/1.9 MB | 0.6/1.4 MB | 0.5/3.8 MB | 7.7/15 kB[0m
2026.03.09 20:44:48 INFO  Progress (5): 4.1/12 MB | 0.8/1.9 MB | 0.6/1.4 MB | 0.5/3.8 MB | 15 kB    [0m
2026.03.09 20:44:48 INFO                                                                        [0m
2026.03.09 20:44:48 INFO  Downloaded from central: https://repo.maven.apache.org/maven2/org/scala-sbt/util-relation_2.13/1.8.0/util-relation_2.13-1.8.0.jar (15 kB at 358 B/s)[0m
2026.03.09 20:44:48 INFO  Downloading from central: https://repo.maven.apache.org/maven2/org/scala-sbt/zinc-persist_2.13/1.8.0/zinc-persist_2.13-1.8.0.jar[0m
2026.03.09 20:44:48 INFO  Progress (4): 4.1/12 MB | 0.8/1.9 MB | 0.6/1.4 MB | 0.5/3.8 MB[0m
2026.03.09 20:44:49 INFO  Progress (4): 4.1/12 MB | 0.8/1.9 MB | 0.6/1.4 MB | 0.5/3.8 MB[0m
2026.03.09 20:44:49 INFO  Progress (4): 4.2/12 MB | 0.8/1.9 MB | 0.6/1.4 MB | 0.5/3.8 MB[0m
2026.03.09 20:44:49 INFO  Progress (4): 4.2/12 MB | 0.8/1.9 MB | 0.6/1.4 MB | 0.6/3.8 MB[0m
2026.03.09 20:44:49 INFO  Progress (4): 4.2/12 MB | 0.8/1.9 MB | 0.6/1.4 MB | 0.6/3.8 MB[0m
2026.03.09 20:44:49 INFO  Progress (4): 4.2/12 MB | 0.8/1.9 MB | 0.6/1.4 MB | 0.6/3.8 MB[0m
2026.03.09 20:44:49 INFO  Progress (4): 4.2/12 MB | 0.8/1.9 MB | 0.6/1.4 MB | 0.6/3.8 MB[0m
2026.03.09 20:44:49 INFO  Progress (4): 4.2/12 MB | 0.8/1.9 MB | 0.6/1.4 MB | 0.6/3.8 MB[0m
2026.03.09 20:44:49 INFO  Progress (4): 4.2/12 MB | 0.8/1.9 MB | 0.6/1.4 MB | 0.6/3.8 MB[0m
2026.03.09 20:44:49 INFO  Progress (4): 4.2/12 MB | 0.8/1.9 MB | 0.6/1.4 MB | 0.6/3.8 MB[0m
2026.03.09 20:44:49 INFO  Progress (4): 4.2/12 MB | 0.8/1.9 MB | 0.6/1.4 MB | 0.6/3.8 MB[0m
2026.03.09 20:44:49 INFO  Progress (4): 4.2/12 MB | 0.8/1.9 MB | 0.6/1.4 MB | 0.6/3.8 MB[0m
2026.03.09 20:44:49 INFO  Progress (4): 4.2/12 MB | 0.8/1.9 MB | 0.6/1.4 MB | 0.6/3.8 MB[0m
2026.03.09 20:44:49 INFO  Progress (4): 4.2/12 MB | 0.8/1.9 MB | 0.6/1.4 MB | 0.7/3.8 MB[0m
2026.03.09 20:44:49 INFO  Progress (4): 4.2/12 MB | 0.8/1.9 MB | 0.6/1.4 MB | 0.7/3.8 MB[0m
2026.03.09 20:44:49 INFO  Progress (4): 4.2/12 MB | 0.8/1.9 MB | 0.6/1.4 MB | 0.7/3.8 MB[0m
2026.03.09 20:44:49 INFO  Progress (5): 4.2/12 MB | 0.8/1.9 MB | 0.6/1.4 MB | 0.7/3.8 MB | 7.7/270 kB[0m
2026.03.09 20:44:49 INFO  Progress (5): 4.2/12 MB | 0.8/1.9 MB | 0.6/1.4 MB | 0.7/3.8 MB | 8.2/270 kB[0m
2026.03.09 20:44:49 INFO  Progress (5): 4.2/12 MB | 0.8/1.9 MB | 0.6/1.4 MB | 0.7/3.8 MB | 8.2/270 kB[0m
2026.03.09 20:44:49 INFO  Progress (5): 4.2/12 MB | 0.8/1.9 MB | 0.6/1.4 MB | 0.7/3.8 MB | 8.2/270 kB[0m
2026.03.09 20:44:49 INFO  Progress (5): 4.2/12 MB | 0.8/1.9 MB | 0.6/1.4 MB | 0.7/3.8 MB | 8.2/270 kB[0m
2026.03.09 20:44:50 INFO  Progress (5): 4.2/12 MB | 0.8/1.9 MB | 0.6/1.4 MB | 0.7/3.8 MB | 8.2/270 kB[0m
2026.03.09 20:44:50 INFO  Progress (5): 4.2/12 MB | 0.8/1.9 MB | 0.6/1.4 MB | 0.7/3.8 MB | 8.2/270 kB[0m
2026.03.09 20:44:50 INFO  Progress (5): 4.2/12 MB | 0.8/1.9 MB | 0.6/1.4 MB | 0.7/3.8 MB | 8.2/270 kB[0m
2026.03.09 20:44:50 INFO  Progress (5): 4.2/12 MB | 0.8/1.9 MB | 0.6/1.4 MB | 0.7/3.8 MB | 8.2/270 kB[0m
2026.03.09 20:44:50 INFO  Progress (5): 4.2/12 MB | 0.8/1.9 MB | 0.6/1.4 MB | 0.7/3.8 MB | 25/270 kB [0m
2026.03.09 20:44:50 INFO  Progress (5): 4.2/12 MB | 0.8/1.9 MB | 0.6/1.4 MB | 0.7/3.8 MB | 41/270 kB[0m
2026.03.09 20:44:50 INFO  Progress (5): 4.2/12 MB | 0.8/1.9 MB | 0.6/1.4 MB | 0.7/3.8 MB | 57/270 kB[0m
2026.03.09 20:44:50 INFO  Progress (5): 4.2/12 MB | 0.8/1.9 MB | 0.6/1.4 MB | 0.7/3.8 MB | 57/270 kB[0m
2026.03.09 20:44:50 INFO  Progress (5): 4.2/12 MB | 0.8/1.9 MB | 0.6/1.4 MB | 0.7/3.8 MB | 57/270 kB[0m
2026.03.09 20:44:50 INFO  Progress (5): 4.2/12 MB | 0.8/1.9 MB | 0.6/1.4 MB | 0.7/3.8 MB | 57/270 kB[0m
2026.03.09 20:44:50 INFO  Progress (5): 4.2/12 MB | 0.8/1.9 MB | 0.6/1.4 MB | 0.8/3.8 MB | 57/270 kB[0m
2026.03.09 20:44:50 INFO  Progress (5): 4.2/12 MB | 0.8/1.9 MB | 0.6/1.4 MB | 0.8/3.8 MB | 57/270 kB[0m
2026.03.09 20:44:50 INFO  Progress (5): 4.2/12 MB | 0.8/1.9 MB | 0.6/1.4 MB | 0.8/3.8 MB | 57/270 kB[0m
2026.03.09 20:44:50 INFO  Progress (5): 4.2/12 MB | 0.8/1.9 MB | 0.7/1.4 MB | 0.8/3.8 MB | 57/270 kB[0m
2026.03.09 20:44:50 INFO  Progress (5): 4.2/12 MB | 0.8/1.9 MB | 0.7/1.4 MB | 0.8/3.8 MB | 57/270 kB[0m
2026.03.09 20:44:50 INFO  Progress (5): 4.2/12 MB | 0.8/1.9 MB | 0.7/1.4 MB | 0.8/3.8 MB | 74/270 kB[0m
2026.03.09 20:44:50 INFO  Progress (5): 4.2/12 MB | 0.8/1.9 MB | 0.7/1.4 MB | 0.8/3.8 MB | 74/270 kB[0m
2026.03.09 20:44:50 INFO  Progress (5): 4.2/12 MB | 0.8/1.9 MB | 0.7/1.4 MB | 0.8/3.8 MB | 74/270 kB[0m
2026.03.09 20:44:50 INFO  Progress (5): 4.2/12 MB | 0.8/1.9 MB | 0.7/1.4 MB | 0.8/3.8 MB | 74/270 kB[0m
2026.03.09 20:44:50 INFO  Progress (5): 4.2/12 MB | 0.8/1.9 MB | 0.7/1.4 MB | 0.8/3.8 MB | 74/270 kB[0m
2026.03.09 20:44:50 INFO  Progress (5): 4.2/12 MB | 0.8/1.9 MB | 0.7/1.4 MB | 0.8/3.8 MB | 74/270 kB[0m
2026.03.09 20:44:50 INFO  Progress (5): 4.3/12 MB | 0.8/1.9 MB | 0.7/1.4 MB | 0.8/3.8 MB | 74/270 kB[0m
2026.03.09 20:44:50 INFO  Progress (5): 4.3/12 MB | 0.8/1.9 MB | 0.7/1.4 MB | 0.8/3.8 MB | 74/270 kB[0m
2026.03.09 20:44:50 INFO  Progress (5): 4.3/12 MB | 0.8/1.9 MB | 0.7/1.4 MB | 0.8/3.8 MB | 90/270 kB[0m
2026.03.09 20:44:50 INFO  Progress (5): 4.3/12 MB | 0.8/1.9 MB | 0.7/1.4 MB | 0.9/3.8 MB | 90/270 kB[0m
2026.03.09 20:44:50 INFO  Progress (5): 4.3/12 MB | 0.8/1.9 MB | 0.7/1.4 MB | 0.9/3.8 MB | 90/270 kB[0m
2026.03.09 20:44:50 INFO  Progress (5): 4.3/12 MB | 0.8/1.9 MB | 0.7/1.4 MB | 0.9/3.8 MB | 90/270 kB[0m
2026.03.09 20:44:50 INFO  Progress (5): 4.3/12 MB | 0.8/1.9 MB | 0.7/1.4 MB | 0.9/3.8 MB | 90/270 kB[0m
2026.03.09 20:44:50 INFO  Progress (5): 4.3/12 MB | 0.8/1.9 MB | 0.7/1.4 MB | 0.9/3.8 MB | 106/270 kB[0m
2026.03.09 20:44:50 INFO  Progress (5): 4.3/12 MB | 0.8/1.9 MB | 0.7/1.4 MB | 0.9/3.8 MB | 106/270 kB[0m
2026.03.09 20:44:50 INFO  Progress (5): 4.3/12 MB | 0.8/1.9 MB | 0.7/1.4 MB | 0.9/3.8 MB | 106/270 kB[0m
2026.03.09 20:44:50 INFO  Progress (5): 4.3/12 MB | 0.8/1.9 MB | 0.7/1.4 MB | 0.9/3.8 MB | 106/270 kB[0m
2026.03.09 20:44:50 INFO  Progress (5): 4.3/12 MB | 0.8/1.9 MB | 0.7/1.4 MB | 0.9/3.8 MB | 106/270 kB[0m
2026.03.09 20:44:50 INFO  Progress (5): 4.3/12 MB | 0.8/1.9 MB | 0.7/1.4 MB | 0.9/3.8 MB | 106/270 kB[0m
2026.03.09 20:44:50 INFO  Progress (5): 4.3/12 MB | 0.8/1.9 MB | 0.7/1.4 MB | 0.9/3.8 MB | 123/270 kB[0m
2026.03.09 20:44:50 INFO  Progress (5): 4.3/12 MB | 0.8/1.9 MB | 0.7/1.4 MB | 0.9/3.8 MB | 123/270 kB[0m
2026.03.09 20:44:50 INFO  Progress (5): 4.3/12 MB | 0.8/1.9 MB | 0.7/1.4 MB | 0.9/3.8 MB | 123/270 kB[0m
2026.03.09 20:44:50 INFO  Progress (5): 4.3/12 MB | 0.8/1.9 MB | 0.7/1.4 MB | 0.9/3.8 MB | 123/270 kB[0m
2026.03.09 20:44:50 INFO  Progress (5): 4.3/12 MB | 0.9/1.9 MB | 0.7/1.4 MB | 0.9/3.8 MB | 123/270 kB[0m
2026.03.09 20:44:50 INFO  Progress (5): 4.3/12 MB | 0.9/1.9 MB | 0.7/1.4 MB | 0.9/3.8 MB | 123/270 kB[0m
2026.03.09 20:44:50 INFO  Progress (5): 4.3/12 MB | 0.9/1.9 MB | 0.7/1.4 MB | 0.9/3.8 MB | 139/270 kB[0m
2026.03.09 20:44:50 INFO  Progress (5): 4.3/12 MB | 0.9/1.9 MB | 0.7/1.4 MB | 0.9/3.8 MB | 139/270 kB[0m
2026.03.09 20:44:50 INFO  Progress (5): 4.3/12 MB | 0.9/1.9 MB | 0.7/1.4 MB | 1.0/3.8 MB | 139/270 kB[0m
2026.03.09 20:44:50 INFO  Progress (5): 4.3/12 MB | 0.9/1.9 MB | 0.7/1.4 MB | 1.0/3.8 MB | 139/270 kB[0m
2026.03.09 20:44:50 INFO  Progress (5): 4.3/12 MB | 0.9/1.9 MB | 0.7/1.4 MB | 1.0/3.8 MB | 139/270 kB[0m
2026.03.09 20:44:50 INFO  Progress (5): 4.3/12 MB | 0.9/1.9 MB | 0.7/1.4 MB | 1.0/3.8 MB | 156/270 kB[0m
2026.03.09 20:44:50 INFO  Progress (5): 4.3/12 MB | 0.9/1.9 MB | 0.7/1.4 MB | 1.0/3.8 MB | 156/270 kB[0m
2026.03.09 20:44:50 INFO  Progress (5): 4.3/12 MB | 0.9/1.9 MB | 0.7/1.4 MB | 1.0/3.8 MB | 156/270 kB[0m
2026.03.09 20:44:50 INFO  Progress (5): 4.3/12 MB | 0.9/1.9 MB | 0.7/1.4 MB | 1.0/3.8 MB | 156/270 kB[0m
2026.03.09 20:44:50 INFO  Progress (5): 4.4/12 MB | 0.9/1.9 MB | 0.7/1.4 MB | 1.0/3.8 MB | 156/270 kB[0m
2026.03.09 20:44:50 INFO  Progress (5): 4.4/12 MB | 0.9/1.9 MB | 0.7/1.4 MB | 1.0/3.8 MB | 172/270 kB[0m
2026.03.09 20:44:51 INFO  Progress (5): 4.4/12 MB | 0.9/1.9 MB | 0.7/1.4 MB | 1.0/3.8 MB | 172/270 kB[0m
2026.03.09 20:44:51 INFO  Progress (5): 4.4/12 MB | 0.9/1.9 MB | 0.7/1.4 MB | 1.0/3.8 MB | 172/270 kB[0m
2026.03.09 20:44:51 INFO  Progress (5): 4.4/12 MB | 0.9/1.9 MB | 0.7/1.4 MB | 1.0/3.8 MB | 172/270 kB[0m
2026.03.09 20:44:51 INFO  Progress (5): 4.4/12 MB | 0.9/1.9 MB | 0.7/1.4 MB | 1.0/3.8 MB | 172/270 kB[0m
2026.03.09 20:44:51 INFO  Progress (5): 4.4/12 MB | 0.9/1.9 MB | 0.7/1.4 MB | 1.0/3.8 MB | 172/270 kB[0m
2026.03.09 20:44:51 INFO  Progress (5): 4.4/12 MB | 0.9/1.9 MB | 0.7/1.4 MB | 1.0/3.8 MB | 188/270 kB[0m
2026.03.09 20:44:51 INFO  Progress (5): 4.4/12 MB | 0.9/1.9 MB | 0.7/1.4 MB | 1.0/3.8 MB | 188/270 kB[0m
2026.03.09 20:44:51 INFO  Progress (5): 4.4/12 MB | 0.9/1.9 MB | 0.7/1.4 MB | 1.1/3.8 MB | 188/270 kB[0m
2026.03.09 20:44:51 INFO  Progress (5): 4.4/12 MB | 0.9/1.9 MB | 0.7/1.4 MB | 1.1/3.8 MB | 188/270 kB[0m
2026.03.09 20:44:51 INFO  Progress (5): 4.4/12 MB | 0.9/1.9 MB | 0.7/1.4 MB | 1.1/3.8 MB | 196/270 kB[0m
2026.03.09 20:44:51 INFO  Progress (5): 4.4/12 MB | 0.9/1.9 MB | 0.7/1.4 MB | 1.1/3.8 MB | 196/270 kB[0m
2026.03.09 20:44:51 INFO  Progress (5): 4.4/12 MB | 0.9/1.9 MB | 0.7/1.4 MB | 1.1/3.8 MB | 196/270 kB[0m
2026.03.09 20:44:51 INFO  Progress (5): 4.4/12 MB | 0.9/1.9 MB | 0.7/1.4 MB | 1.1/3.8 MB | 212/270 kB[0m
2026.03.09 20:44:51 INFO  Progress (5): 4.4/12 MB | 0.9/1.9 MB | 0.7/1.4 MB | 1.1/3.8 MB | 212/270 kB[0m
2026.03.09 20:44:51 INFO  Progress (5): 4.4/12 MB | 0.9/1.9 MB | 0.7/1.4 MB | 1.1/3.8 MB | 212/270 kB[0m
2026.03.09 20:44:51 INFO  Progress (5): 4.4/12 MB | 0.9/1.9 MB | 0.7/1.4 MB | 1.1/3.8 MB | 212/270 kB[0m
2026.03.09 20:44:51 INFO  Progress (5): 4.4/12 MB | 0.9/1.9 MB | 0.7/1.4 MB | 1.1/3.8 MB | 212/270 kB[0m
2026.03.09 20:44:51 INFO  Progress (5): 4.4/12 MB | 0.9/1.9 MB | 0.7/1.4 MB | 1.1/3.8 MB | 212/270 kB[0m
2026.03.09 20:44:51 INFO  Progress (5): 4.4/12 MB | 0.9/1.9 MB | 0.7/1.4 MB | 1.1/3.8 MB | 212/270 kB[0m
2026.03.09 20:44:51 INFO  Progress (5): 4.4/12 MB | 0.9/1.9 MB | 0.7/1.4 MB | 1.1/3.8 MB | 229/270 kB[0m
2026.03.09 20:44:51 INFO  Progress (5): 4.4/12 MB | 0.9/1.9 MB | 0.7/1.4 MB | 1.1/3.8 MB | 229/270 kB[0m
2026.03.09 20:44:51 INFO  Progress (5): 4.4/12 MB | 0.9/1.9 MB | 0.7/1.4 MB | 1.2/3.8 MB | 229/270 kB[0m
2026.03.09 20:44:51 INFO  Progress (5): 4.5/12 MB | 0.9/1.9 MB | 0.7/1.4 MB | 1.2/3.8 MB | 229/270 kB[0m
2026.03.09 20:44:51 INFO  Progress (5): 4.5/12 MB | 0.9/1.9 MB | 0.8/1.4 MB | 1.2/3.8 MB | 229/270 kB[0m
2026.03.09 20:44:51 INFO  Progress (5): 4.5/12 MB | 0.9/1.9 MB | 0.8/1.4 MB | 1.2/3.8 MB | 229/270 kB[0m
2026.03.09 20:44:51 INFO  Progress (5): 4.5/12 MB | 0.9/1.9 MB | 0.8/1.4 MB | 1.2/3.8 MB | 245/270 kB[0m
2026.03.09 20:44:51 INFO  Progress (5): 4.5/12 MB | 0.9/1.9 MB | 0.8/1.4 MB | 1.2/3.8 MB | 245/270 kB[0m
2026.03.09 20:44:51 INFO  Progress (5): 4.5/12 MB | 0.9/1.9 MB | 0.8/1.4 MB | 1.2/3.8 MB | 245/270 kB[0m
2026.03.09 20:44:51 INFO  Progress (5): 4.5/12 MB | 0.9/1.9 MB | 0.8/1.4 MB | 1.2/3.8 MB | 245/270 kB[0m
2026.03.09 20:44:51 INFO  Progress (5): 4.5/12 MB | 0.9/1.9 MB | 0.8/1.4 MB | 1.2/3.8 MB | 262/270 kB[0m
2026.03.09 20:44:51 INFO  Progress (5): 4.5/12 MB | 0.9/1.9 MB | 0.8/1.4 MB | 1.2/3.8 MB | 270 kB    [0m
2026.03.09 20:44:51 INFO  Progress (5): 4.5/12 MB | 0.9/1.9 MB | 0.8/1.4 MB | 1.2/3.8 MB | 270 kB[0m
2026.03.09 20:44:51 INFO                                                                         [0m
2026.03.09 20:44:51 INFO  Downloaded from central: https://repo.maven.apache.org/maven2/org/scala-sbt/zinc-persist_2.13/1.8.0/zinc-persist_2.13-1.8.0.jar (270 kB at 6.0 kB/s)[0m
2026.03.09 20:44:51 INFO  Downloading from central: https://repo.maven.apache.org/maven2/org/scala-sbt/zinc-compile-core_2.13/1.8.0/zinc-compile-core_2.13-1.8.0.jar[0m
2026.03.09 20:44:51 INFO  Progress (4): 4.5/12 MB | 0.9/1.9 MB | 0.8/1.4 MB | 1.2/3.8 MB[0m
2026.03.09 20:44:51 INFO  Progress (4): 4.5/12 MB | 0.9/1.9 MB | 0.8/1.4 MB | 1.2/3.8 MB[0m
2026.03.09 20:44:51 INFO  Progress (4): 4.5/12 MB | 0.9/1.9 MB | 0.8/1.4 MB | 1.2/3.8 MB[0m
2026.03.09 20:44:51 INFO  Progress (4): 4.5/12 MB | 0.9/1.9 MB | 0.8/1.4 MB | 1.2/3.8 MB[0m
2026.03.09 20:44:51 INFO  Progress (4): 4.5/12 MB | 0.9/1.9 MB | 0.8/1.4 MB | 1.2/3.8 MB[0m
2026.03.09 20:44:51 INFO  Progress (5): 4.5/12 MB | 0.9/1.9 MB | 0.8/1.4 MB | 1.2/3.8 MB | 7.7/254 kB[0m
2026.03.09 20:44:51 INFO  Progress (5): 4.5/12 MB | 0.9/1.9 MB | 0.8/1.4 MB | 1.2/3.8 MB | 16/254 kB [0m
2026.03.09 20:44:51 INFO  Progress (5): 4.5/12 MB | 0.9/1.9 MB | 0.8/1.4 MB | 1.3/3.8 MB | 16/254 kB[0m
2026.03.09 20:44:51 INFO  Progress (5): 4.5/12 MB | 0.9/1.9 MB | 0.8/1.4 MB | 1.3/3.8 MB | 16/254 kB[0m
2026.03.09 20:44:51 INFO  Progress (5): 4.5/12 MB | 0.9/1.9 MB | 0.8/1.4 MB | 1.3/3.8 MB | 25/254 kB[0m
2026.03.09 20:44:51 INFO  Progress (5): 4.5/12 MB | 0.9/1.9 MB | 0.8/1.4 MB | 1.3/3.8 MB | 25/254 kB[0m
2026.03.09 20:44:51 INFO  Progress (5): 4.5/12 MB | 0.9/1.9 MB | 0.8/1.4 MB | 1.3/3.8 MB | 25/254 kB[0m
2026.03.09 20:44:51 INFO  Progress (5): 4.5/12 MB | 0.9/1.9 MB | 0.8/1.4 MB | 1.3/3.8 MB | 25/254 kB[0m
2026.03.09 20:44:51 INFO  Progress (5): 4.5/12 MB | 0.9/1.9 MB | 0.8/1.4 MB | 1.3/3.8 MB | 25/254 kB[0m
2026.03.09 20:44:51 INFO  Progress (5): 4.5/12 MB | 0.9/1.9 MB | 0.8/1.4 MB | 1.3/3.8 MB | 25/254 kB[0m
2026.03.09 20:44:51 INFO  Progress (5): 4.5/12 MB | 0.9/1.9 MB | 0.8/1.4 MB | 1.3/3.8 MB | 25/254 kB[0m
2026.03.09 20:44:51 INFO  Progress (5): 4.5/12 MB | 0.9/1.9 MB | 0.8/1.4 MB | 1.3/3.8 MB | 25/254 kB[0m
2026.03.09 20:44:51 INFO  Progress (5): 4.6/12 MB | 0.9/1.9 MB | 0.8/1.4 MB | 1.3/3.8 MB | 25/254 kB[0m
2026.03.09 20:44:51 INFO  Progress (5): 4.6/12 MB | 0.9/1.9 MB | 0.8/1.4 MB | 1.3/3.8 MB | 41/254 kB[0m
2026.03.09 20:44:51 INFO  Progress (5): 4.6/12 MB | 0.9/1.9 MB | 0.8/1.4 MB | 1.3/3.8 MB | 41/254 kB[0m
2026.03.09 20:44:51 INFO  Progress (5): 4.6/12 MB | 0.9/1.9 MB | 0.8/1.4 MB | 1.3/3.8 MB | 57/254 kB[0m
2026.03.09 20:44:51 INFO  Progress (5): 4.6/12 MB | 0.9/1.9 MB | 0.8/1.4 MB | 1.3/3.8 MB | 57/254 kB[0m
2026.03.09 20:44:51 INFO  Progress (5): 4.6/12 MB | 0.9/1.9 MB | 0.8/1.4 MB | 1.4/3.8 MB | 57/254 kB[0m
2026.03.09 20:44:51 INFO  Progress (5): 4.6/12 MB | 0.9/1.9 MB | 0.8/1.4 MB | 1.4/3.8 MB | 57/254 kB[0m
2026.03.09 20:44:51 INFO  Progress (5): 4.6/12 MB | 0.9/1.9 MB | 0.8/1.4 MB | 1.4/3.8 MB | 57/254 kB[0m
2026.03.09 20:44:51 INFO  Progress (5): 4.6/12 MB | 0.9/1.9 MB | 0.8/1.4 MB | 1.4/3.8 MB | 57/254 kB[0m
2026.03.09 20:44:51 INFO  Progress (5): 4.6/12 MB | 0.9/1.9 MB | 0.8/1.4 MB | 1.4/3.8 MB | 57/254 kB[0m
2026.03.09 20:44:51 INFO  Progress (5): 4.6/12 MB | 0.9/1.9 MB | 0.8/1.4 MB | 1.4/3.8 MB | 74/254 kB[0m
2026.03.09 20:44:51 INFO  Progress (5): 4.6/12 MB | 0.9/1.9 MB | 0.8/1.4 MB | 1.4/3.8 MB | 74/254 kB[0m
2026.03.09 20:44:51 INFO  Progress (5): 4.6/12 MB | 0.9/1.9 MB | 0.8/1.4 MB | 1.4/3.8 MB | 74/254 kB[0m
2026.03.09 20:44:51 INFO  Progress (5): 4.6/12 MB | 0.9/1.9 MB | 0.8/1.4 MB | 1.4/3.8 MB | 74/254 kB[0m
2026.03.09 20:44:51 INFO  Progress (5): 4.6/12 MB | 0.9/1.9 MB | 0.8/1.4 MB | 1.4/3.8 MB | 74/254 kB[0m
2026.03.09 20:44:51 INFO  Progress (5): 4.6/12 MB | 0.9/1.9 MB | 0.8/1.4 MB | 1.4/3.8 MB | 90/254 kB[0m
2026.03.09 20:44:51 INFO  Progress (5): 4.6/12 MB | 0.9/1.9 MB | 0.8/1.4 MB | 1.4/3.8 MB | 90/254 kB[0m
2026.03.09 20:44:51 INFO  Progress (5): 4.6/12 MB | 0.9/1.9 MB | 0.8/1.4 MB | 1.4/3.8 MB | 90/254 kB[0m
2026.03.09 20:44:51 INFO  Progress (5): 4.6/12 MB | 0.9/1.9 MB | 0.8/1.4 MB | 1.4/3.8 MB | 90/254 kB[0m
2026.03.09 20:44:51 INFO  Progress (5): 4.6/12 MB | 0.9/1.9 MB | 0.8/1.4 MB | 1.4/3.8 MB | 90/254 kB[0m
2026.03.09 20:44:51 INFO  Progress (5): 4.6/12 MB | 0.9/1.9 MB | 0.8/1.4 MB | 1.4/3.8 MB | 106/254 kB[0m
2026.03.09 20:44:52 INFO  Progress (5): 4.6/12 MB | 0.9/1.9 MB | 0.8/1.4 MB | 1.5/3.8 MB | 106/254 kB[0m
2026.03.09 20:44:52 INFO  Progress (5): 4.6/12 MB | 0.9/1.9 MB | 0.8/1.4 MB | 1.5/3.8 MB | 106/254 kB[0m
2026.03.09 20:44:52 INFO  Progress (5): 4.6/12 MB | 1.0/1.9 MB | 0.8/1.4 MB | 1.5/3.8 MB | 106/254 kB[0m
2026.03.09 20:44:52 INFO  Progress (5): 4.6/12 MB | 1.0/1.9 MB | 0.8/1.4 MB | 1.5/3.8 MB | 106/254 kB[0m
2026.03.09 20:44:52 INFO  Progress (5): 4.6/12 MB | 1.0/1.9 MB | 0.8/1.4 MB | 1.5/3.8 MB | 106/254 kB[0m
2026.03.09 20:44:52 INFO  Progress (5): 4.7/12 MB | 1.0/1.9 MB | 0.8/1.4 MB | 1.5/3.8 MB | 106/254 kB[0m
2026.03.09 20:44:52 INFO  Progress (5): 4.7/12 MB | 1.0/1.9 MB | 0.8/1.4 MB | 1.5/3.8 MB | 106/254 kB[0m
2026.03.09 20:44:52 INFO  Progress (5): 4.7/12 MB | 1.0/1.9 MB | 0.8/1.4 MB | 1.5/3.8 MB | 123/254 kB[0m
2026.03.09 20:44:52 INFO  Progress (5): 4.7/12 MB | 1.0/1.9 MB | 0.8/1.4 MB | 1.5/3.8 MB | 123/254 kB[0m
2026.03.09 20:44:52 INFO  Progress (5): 4.7/12 MB | 1.0/1.9 MB | 0.9/1.4 MB | 1.5/3.8 MB | 123/254 kB[0m
2026.03.09 20:44:52 INFO  Progress (5): 4.7/12 MB | 1.0/1.9 MB | 0.9/1.4 MB | 1.5/3.8 MB | 139/254 kB[0m
2026.03.09 20:44:52 INFO  Progress (5): 4.7/12 MB | 1.0/1.9 MB | 0.9/1.4 MB | 1.5/3.8 MB | 139/254 kB[0m
2026.03.09 20:44:52 INFO  Progress (5): 4.7/12 MB | 1.0/1.9 MB | 0.9/1.4 MB | 1.5/3.8 MB | 139/254 kB[0m
2026.03.09 20:44:52 INFO  Progress (5): 4.7/12 MB | 1.0/1.9 MB | 0.9/1.4 MB | 1.5/3.8 MB | 139/254 kB[0m
2026.03.09 20:44:52 INFO  Progress (5): 4.7/12 MB | 1.0/1.9 MB | 0.9/1.4 MB | 1.5/3.8 MB | 139/254 kB[0m
2026.03.09 20:44:52 INFO  Progress (5): 4.7/12 MB | 1.0/1.9 MB | 0.9/1.4 MB | 1.5/3.8 MB | 139/254 kB[0m
2026.03.09 20:44:52 INFO  Progress (5): 4.7/12 MB | 1.0/1.9 MB | 0.9/1.4 MB | 1.5/3.8 MB | 156/254 kB[0m
2026.03.09 20:44:52 INFO  Progress (5): 4.7/12 MB | 1.0/1.9 MB | 0.9/1.4 MB | 1.6/3.8 MB | 156/254 kB[0m
2026.03.09 20:44:52 INFO  Progress (5): 4.7/12 MB | 1.0/1.9 MB | 0.9/1.4 MB | 1.6/3.8 MB | 164/254 kB[0m
2026.03.09 20:44:52 INFO  Progress (5): 4.7/12 MB | 1.0/1.9 MB | 0.9/1.4 MB | 1.6/3.8 MB | 164/254 kB[0m
2026.03.09 20:44:52 INFO  Progress (5): 4.7/12 MB | 1.0/1.9 MB | 0.9/1.4 MB | 1.6/3.8 MB | 164/254 kB[0m
2026.03.09 20:44:52 INFO  Progress (5): 4.7/12 MB | 1.0/1.9 MB | 0.9/1.4 MB | 1.6/3.8 MB | 164/254 kB[0m
2026.03.09 20:44:52 INFO  Progress (5): 4.7/12 MB | 1.0/1.9 MB | 0.9/1.4 MB | 1.6/3.8 MB | 172/254 kB[0m
2026.03.09 20:44:52 INFO  Progress (5): 4.7/12 MB | 1.0/1.9 MB | 0.9/1.4 MB | 1.6/3.8 MB | 172/254 kB[0m
2026.03.09 20:44:52 INFO  Progress (5): 4.7/12 MB | 1.0/1.9 MB | 0.9/1.4 MB | 1.6/3.8 MB | 172/254 kB[0m
2026.03.09 20:44:52 INFO  Progress (5): 4.7/12 MB | 1.0/1.9 MB | 0.9/1.4 MB | 1.6/3.8 MB | 172/254 kB[0m
2026.03.09 20:44:52 INFO  Progress (5): 4.7/12 MB | 1.0/1.9 MB | 0.9/1.4 MB | 1.6/3.8 MB | 172/254 kB[0m
2026.03.09 20:44:52 INFO  Progress (5): 4.7/12 MB | 1.0/1.9 MB | 0.9/1.4 MB | 1.6/3.8 MB | 188/254 kB[0m
2026.03.09 20:44:52 INFO  Progress (5): 4.7/12 MB | 1.0/1.9 MB | 0.9/1.4 MB | 1.6/3.8 MB | 188/254 kB[0m
2026.03.09 20:44:52 INFO  Progress (5): 4.7/12 MB | 1.0/1.9 MB | 0.9/1.4 MB | 1.6/3.8 MB | 188/254 kB[0m
2026.03.09 20:44:52 INFO  Progress (5): 4.7/12 MB | 1.0/1.9 MB | 0.9/1.4 MB | 1.6/3.8 MB | 197/254 kB[0m
2026.03.09 20:44:52 INFO  Progress (5): 4.7/12 MB | 1.0/1.9 MB | 0.9/1.4 MB | 1.6/3.8 MB | 197/254 kB[0m
2026.03.09 20:44:52 INFO  Progress (5): 4.7/12 MB | 1.0/1.9 MB | 0.9/1.4 MB | 1.6/3.8 MB | 197/254 kB[0m
2026.03.09 20:44:52 INFO  Progress (5): 4.8/12 MB | 1.0/1.9 MB | 0.9/1.4 MB | 1.6/3.8 MB | 197/254 kB[0m
2026.03.09 20:44:52 INFO  Progress (5): 4.8/12 MB | 1.0/1.9 MB | 0.9/1.4 MB | 1.6/3.8 MB | 197/254 kB[0m
2026.03.09 20:44:52 INFO  Progress (5): 4.8/12 MB | 1.0/1.9 MB | 0.9/1.4 MB | 1.7/3.8 MB | 197/254 kB[0m
2026.03.09 20:44:52 INFO  Progress (5): 4.8/12 MB | 1.0/1.9 MB | 0.9/1.4 MB | 1.7/3.8 MB | 213/254 kB[0m
2026.03.09 20:44:52 INFO  Progress (5): 4.8/12 MB | 1.0/1.9 MB | 0.9/1.4 MB | 1.7/3.8 MB | 213/254 kB[0m
2026.03.09 20:44:52 INFO  Progress (5): 4.8/12 MB | 1.0/1.9 MB | 0.9/1.4 MB | 1.7/3.8 MB | 213/254 kB[0m
2026.03.09 20:44:52 INFO  Progress (5): 4.8/12 MB | 1.0/1.9 MB | 0.9/1.4 MB | 1.7/3.8 MB | 213/254 kB[0m
2026.03.09 20:44:52 INFO  Progress (5): 4.8/12 MB | 1.0/1.9 MB | 0.9/1.4 MB | 1.7/3.8 MB | 229/254 kB[0m
2026.03.09 20:44:52 INFO  Progress (5): 4.8/12 MB | 1.0/1.9 MB | 0.9/1.4 MB | 1.7/3.8 MB | 229/254 kB[0m
2026.03.09 20:44:52 INFO  Progress (5): 4.8/12 MB | 1.0/1.9 MB | 0.9/1.4 MB | 1.7/3.8 MB | 229/254 kB[0m
2026.03.09 20:44:52 INFO  Progress (5): 4.8/12 MB | 1.0/1.9 MB | 0.9/1.4 MB | 1.7/3.8 MB | 229/254 kB[0m
2026.03.09 20:44:52 INFO  Progress (5): 4.8/12 MB | 1.0/1.9 MB | 0.9/1.4 MB | 1.7/3.8 MB | 229/254 kB[0m
2026.03.09 20:44:52 INFO  Progress (5): 4.8/12 MB | 1.0/1.9 MB | 0.9/1.4 MB | 1.7/3.8 MB | 246/254 kB[0m
2026.03.09 20:44:52 INFO  Progress (5): 4.8/12 MB | 1.0/1.9 MB | 0.9/1.4 MB | 1.7/3.8 MB | 246/254 kB[0m
2026.03.09 20:44:52 INFO  Progress (5): 4.8/12 MB | 1.0/1.9 MB | 0.9/1.4 MB | 1.7/3.8 MB | 254 kB    [0m
2026.03.09 20:44:52 INFO  Progress (5): 4.8/12 MB | 1.0/1.9 MB | 0.9/1.4 MB | 1.7/3.8 MB | 254 kB[0m
2026.03.09 20:44:52 INFO  Progress (5): 4.8/12 MB | 1.0/1.9 MB | 0.9/1.4 MB | 1.7/3.8 MB | 254 kB[0m
2026.03.09 20:44:52 INFO  Progress (5): 4.8/12 MB | 1.0/1.9 MB | 0.9/1.4 MB | 1.7/3.8 MB | 254 kB[0m
2026.03.09 20:44:52 INFO                                                                         [0m
2026.03.09 20:44:52 INFO  Downloaded from central: https://repo.maven.apache.org/maven2/org/scala-sbt/zinc-compile-core_2.13/1.8.0/zinc-compile-core_2.13-1.8.0.jar (254 kB at 5.5 kB/s)[0m
2026.03.09 20:44:52 INFO  Downloading from central: https://repo.maven.apache.org/maven2/org/scala-lang/modules/scala-parser-combinators_2.13/1.1.2/scala-parser-combinators_2.13-1.1.2.jar[0m
2026.03.09 20:44:52 INFO  Progress (4): 4.8/12 MB | 1.0/1.9 MB | 0.9/1.4 MB | 1.7/3.8 MB[0m
2026.03.09 20:44:52 INFO  Progress (4): 4.8/12 MB | 1.0/1.9 MB | 0.9/1.4 MB | 1.7/3.8 MB[0m
2026.03.09 20:44:52 INFO  Progress (4): 4.8/12 MB | 1.0/1.9 MB | 0.9/1.4 MB | 1.7/3.8 MB[0m
2026.03.09 20:44:52 INFO  Progress (4): 4.8/12 MB | 1.0/1.9 MB | 0.9/1.4 MB | 1.8/3.8 MB[0m
2026.03.09 20:44:52 INFO  Progress (4): 4.9/12 MB | 1.0/1.9 MB | 0.9/1.4 MB | 1.8/3.8 MB[0m
2026.03.09 20:44:52 INFO  Progress (4): 4.9/12 MB | 1.0/1.9 MB | 0.9/1.4 MB | 1.8/3.8 MB[0m
2026.03.09 20:44:52 INFO  Progress (4): 4.9/12 MB | 1.0/1.9 MB | 1.0/1.4 MB | 1.8/3.8 MB[0m
2026.03.09 20:44:52 INFO  Progress (4): 4.9/12 MB | 1.0/1.9 MB | 1.0/1.4 MB | 1.8/3.8 MB[0m
2026.03.09 20:44:52 INFO  Progress (4): 4.9/12 MB | 1.0/1.9 MB | 1.0/1.4 MB | 1.8/3.8 MB[0m
2026.03.09 20:44:52 INFO  Progress (4): 4.9/12 MB | 1.0/1.9 MB | 1.0/1.4 MB | 1.8/3.8 MB[0m
2026.03.09 20:44:52 INFO  Progress (4): 4.9/12 MB | 1.0/1.9 MB | 1.0/1.4 MB | 1.8/3.8 MB[0m
2026.03.09 20:44:52 INFO  Progress (4): 4.9/12 MB | 1.0/1.9 MB | 1.0/1.4 MB | 1.8/3.8 MB[0m
2026.03.09 20:44:52 INFO  Progress (4): 4.9/12 MB | 1.0/1.9 MB | 1.0/1.4 MB | 1.8/3.8 MB[0m
2026.03.09 20:44:52 INFO  Progress (4): 4.9/12 MB | 1.0/1.9 MB | 1.0/1.4 MB | 1.8/3.8 MB[0m
2026.03.09 20:44:52 INFO  Progress (4): 4.9/12 MB | 1.0/1.9 MB | 1.0/1.4 MB | 1.8/3.8 MB[0m
2026.03.09 20:44:52 INFO  Progress (4): 4.9/12 MB | 1.0/1.9 MB | 1.0/1.4 MB | 1.8/3.8 MB[0m
2026.03.09 20:44:52 INFO  Progress (4): 4.9/12 MB | 1.0/1.9 MB | 1.0/1.4 MB | 1.9/3.8 MB[0m
2026.03.09 20:44:52 INFO  Progress (4): 4.9/12 MB | 1.0/1.9 MB | 1.0/1.4 MB | 1.9/3.8 MB[0m
2026.03.09 20:44:52 INFO  Progress (5): 4.9/12 MB | 1.0/1.9 MB | 1.0/1.4 MB | 1.9/3.8 MB | 7.7/225 kB[0m
2026.03.09 20:44:52 INFO  Progress (5): 4.9/12 MB | 1.0/1.9 MB | 1.0/1.4 MB | 1.9/3.8 MB | 16/225 kB [0m
2026.03.09 20:44:52 INFO  Progress (5): 4.9/12 MB | 1.0/1.9 MB | 1.0/1.4 MB | 1.9/3.8 MB | 25/225 kB[0m
2026.03.09 20:44:52 INFO  Progress (5): 4.9/12 MB | 1.0/1.9 MB | 1.0/1.4 MB | 1.9/3.8 MB | 25/225 kB[0m
2026.03.09 20:44:52 INFO  Progress (5): 4.9/12 MB | 1.0/1.9 MB | 1.0/1.4 MB | 1.9/3.8 MB | 25/225 kB[0m
2026.03.09 20:44:52 INFO  Progress (5): 4.9/12 MB | 1.0/1.9 MB | 1.0/1.4 MB | 1.9/3.8 MB | 41/225 kB[0m
2026.03.09 20:44:52 INFO  Progress (5): 4.9/12 MB | 1.0/1.9 MB | 1.0/1.4 MB | 1.9/3.8 MB | 41/225 kB[0m
2026.03.09 20:44:52 INFO  Progress (5): 4.9/12 MB | 1.0/1.9 MB | 1.0/1.4 MB | 1.9/3.8 MB | 41/225 kB[0m
2026.03.09 20:44:52 INFO  Progress (5): 4.9/12 MB | 1.0/1.9 MB | 1.0/1.4 MB | 1.9/3.8 MB | 57/225 kB[0m
2026.03.09 20:44:52 INFO  Progress (5): 4.9/12 MB | 1.0/1.9 MB | 1.0/1.4 MB | 1.9/3.8 MB | 57/225 kB[0m
2026.03.09 20:44:52 INFO  Progress (5): 4.9/12 MB | 1.0/1.9 MB | 1.0/1.4 MB | 1.9/3.8 MB | 57/225 kB[0m
2026.03.09 20:44:52 INFO  Progress (5): 4.9/12 MB | 1.0/1.9 MB | 1.0/1.4 MB | 1.9/3.8 MB | 57/225 kB[0m
2026.03.09 20:44:52 INFO  Progress (5): 5.0/12 MB | 1.0/1.9 MB | 1.0/1.4 MB | 1.9/3.8 MB | 57/225 kB[0m
2026.03.09 20:44:52 INFO  Progress (5): 5.0/12 MB | 1.0/1.9 MB | 1.0/1.4 MB | 1.9/3.8 MB | 74/225 kB[0m
2026.03.09 20:44:52 INFO  Progress (5): 5.0/12 MB | 1.0/1.9 MB | 1.0/1.4 MB | 1.9/3.8 MB | 74/225 kB[0m
2026.03.09 20:44:53 INFO  Progress (5): 5.0/12 MB | 1.0/1.9 MB | 1.0/1.4 MB | 1.9/3.8 MB | 74/225 kB[0m
2026.03.09 20:44:53 INFO  Progress (5): 5.0/12 MB | 1.0/1.9 MB | 1.0/1.4 MB | 1.9/3.8 MB | 74/225 kB[0m
2026.03.09 20:44:53 INFO  Progress (5): 5.0/12 MB | 1.0/1.9 MB | 1.0/1.4 MB | 1.9/3.8 MB | 74/225 kB[0m
2026.03.09 20:44:53 INFO  Progress (5): 5.0/12 MB | 1.0/1.9 MB | 1.0/1.4 MB | 1.9/3.8 MB | 74/225 kB[0m
2026.03.09 20:44:53 INFO  Progress (5): 5.0/12 MB | 1.0/1.9 MB | 1.0/1.4 MB | 2.0/3.8 MB | 74/225 kB[0m
2026.03.09 20:44:53 INFO  Progress (5): 5.0/12 MB | 1.0/1.9 MB | 1.0/1.4 MB | 2.0/3.8 MB | 90/225 kB[0m
2026.03.09 20:44:53 INFO  Progress (5): 5.0/12 MB | 1.0/1.9 MB | 1.0/1.4 MB | 2.0/3.8 MB | 90/225 kB[0m
2026.03.09 20:44:53 INFO  Progress (5): 5.0/12 MB | 1.0/1.9 MB | 1.0/1.4 MB | 2.0/3.8 MB | 90/225 kB[0m
2026.03.09 20:44:53 INFO  Progress (5): 5.0/12 MB | 1.0/1.9 MB | 1.0/1.4 MB | 2.0/3.8 MB | 98/225 kB[0m
2026.03.09 20:44:53 INFO  Progress (5): 5.0/12 MB | 1.0/1.9 MB | 1.0/1.4 MB | 2.0/3.8 MB | 98/225 kB[0m
2026.03.09 20:44:53 INFO  Progress (5): 5.0/12 MB | 1.0/1.9 MB | 1.0/1.4 MB | 2.0/3.8 MB | 98/225 kB[0m
2026.03.09 20:44:53 INFO  Progress (5): 5.0/12 MB | 1.1/1.9 MB | 1.0/1.4 MB | 2.0/3.8 MB | 98/225 kB[0m
2026.03.09 20:44:53 INFO  Progress (5): 5.0/12 MB | 1.1/1.9 MB | 1.0/1.4 MB | 2.0/3.8 MB | 98/225 kB[0m
2026.03.09 20:44:53 INFO  Progress (5): 5.0/12 MB | 1.1/1.9 MB | 1.0/1.4 MB | 2.0/3.8 MB | 115/225 kB[0m
2026.03.09 20:44:53 INFO  Progress (5): 5.0/12 MB | 1.1/1.9 MB | 1.0/1.4 MB | 2.0/3.8 MB | 115/225 kB[0m
2026.03.09 20:44:53 INFO  Progress (5): 5.0/12 MB | 1.1/1.9 MB | 1.0/1.4 MB | 2.0/3.8 MB | 115/225 kB[0m
2026.03.09 20:44:53 INFO  Progress (5): 5.0/12 MB | 1.1/1.9 MB | 1.0/1.4 MB | 2.0/3.8 MB | 115/225 kB[0m
2026.03.09 20:44:53 INFO  Progress (5): 5.0/12 MB | 1.1/1.9 MB | 1.0/1.4 MB | 2.0/3.8 MB | 115/225 kB[0m
2026.03.09 20:44:53 INFO  Progress (5): 5.0/12 MB | 1.1/1.9 MB | 1.0/1.4 MB | 2.0/3.8 MB | 131/225 kB[0m
2026.03.09 20:44:53 INFO  Progress (5): 5.1/12 MB | 1.1/1.9 MB | 1.0/1.4 MB | 2.0/3.8 MB | 131/225 kB[0m
2026.03.09 20:44:53 INFO  Progress (5): 5.1/12 MB | 1.1/1.9 MB | 1.0/1.4 MB | 2.0/3.8 MB | 131/225 kB[0m
2026.03.09 20:44:53 INFO  Progress (5): 5.1/12 MB | 1.1/1.9 MB | 1.1/1.4 MB | 2.0/3.8 MB | 131/225 kB[0m
2026.03.09 20:44:53 INFO  Progress (5): 5.1/12 MB | 1.1/1.9 MB | 1.1/1.4 MB | 2.1/3.8 MB | 131/225 kB[0m
2026.03.09 20:44:53 INFO  Progress (5): 5.1/12 MB | 1.1/1.9 MB | 1.1/1.4 MB | 2.1/3.8 MB | 147/225 kB[0m
2026.03.09 20:44:53 INFO  Progress (5): 5.1/12 MB | 1.1/1.9 MB | 1.1/1.4 MB | 2.1/3.8 MB | 147/225 kB[0m
2026.03.09 20:44:53 INFO  Progress (5): 5.1/12 MB | 1.1/1.9 MB | 1.1/1.4 MB | 2.1/3.8 MB | 147/225 kB[0m
2026.03.09 20:44:53 INFO  Progress (5): 5.1/12 MB | 1.1/1.9 MB | 1.1/1.4 MB | 2.1/3.8 MB | 147/225 kB[0m
2026.03.09 20:44:53 INFO  Progress (5): 5.1/12 MB | 1.1/1.9 MB | 1.1/1.4 MB | 2.1/3.8 MB | 147/225 kB[0m
2026.03.09 20:44:53 INFO  Progress (5): 5.1/12 MB | 1.1/1.9 MB | 1.1/1.4 MB | 2.1/3.8 MB | 164/225 kB[0m
2026.03.09 20:44:53 INFO  Progress (5): 5.1/12 MB | 1.1/1.9 MB | 1.1/1.4 MB | 2.1/3.8 MB | 164/225 kB[0m
2026.03.09 20:44:53 INFO  Progress (5): 5.1/12 MB | 1.1/1.9 MB | 1.1/1.4 MB | 2.1/3.8 MB | 164/225 kB[0m
2026.03.09 20:44:53 INFO  Progress (5): 5.1/12 MB | 1.1/1.9 MB | 1.1/1.4 MB | 2.1/3.8 MB | 164/225 kB[0m
2026.03.09 20:44:53 INFO  Progress (5): 5.1/12 MB | 1.1/1.9 MB | 1.1/1.4 MB | 2.1/3.8 MB | 164/225 kB[0m
2026.03.09 20:44:53 INFO  Progress (5): 5.1/12 MB | 1.1/1.9 MB | 1.1/1.4 MB | 2.1/3.8 MB | 164/225 kB[0m
2026.03.09 20:44:53 INFO  Progress (5): 5.1/12 MB | 1.1/1.9 MB | 1.1/1.4 MB | 2.1/3.8 MB | 180/225 kB[0m
2026.03.09 20:44:53 INFO  Progress (5): 5.1/12 MB | 1.1/1.9 MB | 1.1/1.4 MB | 2.1/3.8 MB | 180/225 kB[0m
2026.03.09 20:44:53 INFO  Progress (5): 5.1/12 MB | 1.1/1.9 MB | 1.1/1.4 MB | 2.1/3.8 MB | 180/225 kB[0m
2026.03.09 20:44:53 INFO  Progress (5): 5.1/12 MB | 1.1/1.9 MB | 1.1/1.4 MB | 2.1/3.8 MB | 197/225 kB[0m
2026.03.09 20:44:53 INFO  Progress (5): 5.1/12 MB | 1.1/1.9 MB | 1.1/1.4 MB | 2.1/3.8 MB | 197/225 kB[0m
2026.03.09 20:44:53 INFO  Progress (5): 5.1/12 MB | 1.1/1.9 MB | 1.1/1.4 MB | 2.1/3.8 MB | 197/225 kB[0m
2026.03.09 20:44:53 INFO  Progress (5): 5.1/12 MB | 1.1/1.9 MB | 1.1/1.4 MB | 2.1/3.8 MB | 197/225 kB[0m
2026.03.09 20:44:53 INFO  Progress (5): 5.1/12 MB | 1.1/1.9 MB | 1.1/1.4 MB | 2.2/3.8 MB | 197/225 kB[0m
2026.03.09 20:44:53 INFO  Progress (5): 5.1/12 MB | 1.1/1.9 MB | 1.1/1.4 MB | 2.2/3.8 MB | 213/225 kB[0m
2026.03.09 20:44:53 INFO  Progress (5): 5.2/12 MB | 1.1/1.9 MB | 1.1/1.4 MB | 2.2/3.8 MB | 213/225 kB[0m
2026.03.09 20:44:53 INFO  Progress (5): 5.2/12 MB | 1.1/1.9 MB | 1.1/1.4 MB | 2.2/3.8 MB | 213/225 kB[0m
2026.03.09 20:44:53 INFO  Progress (5): 5.2/12 MB | 1.1/1.9 MB | 1.1/1.4 MB | 2.2/3.8 MB | 225 kB    [0m
2026.03.09 20:44:53 INFO  Progress (5): 5.2/12 MB | 1.1/1.9 MB | 1.1/1.4 MB | 2.2/3.8 MB | 225 kB[0m
2026.03.09 20:44:53 INFO  Progress (5): 5.2/12 MB | 1.1/1.9 MB | 1.1/1.4 MB | 2.2/3.8 MB | 225 kB[0m
2026.03.09 20:44:53 INFO  Progress (5): 5.2/12 MB | 1.1/1.9 MB | 1.1/1.4 MB | 2.2/3.8 MB | 225 kB[0m
2026.03.09 20:44:53 INFO                                                                         [0m
2026.03.09 20:44:53 INFO  Downloaded from central: https://repo.maven.apache.org/maven2/org/scala-lang/modules/scala-parser-combinators_2.13/1.1.2/scala-parser-combinators_2.13-1.1.2.jar (225 kB at 4.8 kB/s)[0m
2026.03.09 20:44:53 INFO  Downloading from central: https://repo.maven.apache.org/maven2/net/openhft/zero-allocation-hashing/0.10.1/zero-allocation-hashing-0.10.1.jar[0m
2026.03.09 20:44:53 INFO  Progress (4): 5.2/12 MB | 1.1/1.9 MB | 1.1/1.4 MB | 2.2/3.8 MB[0m
2026.03.09 20:44:53 INFO  Progress (4): 5.2/12 MB | 1.1/1.9 MB | 1.1/1.4 MB | 2.2/3.8 MB[0m
2026.03.09 20:44:53 INFO  Progress (4): 5.2/12 MB | 1.1/1.9 MB | 1.1/1.4 MB | 2.2/3.8 MB[0m
2026.03.09 20:44:53 INFO  Progress (4): 5.2/12 MB | 1.1/1.9 MB | 1.1/1.4 MB | 2.2/3.8 MB[0m
2026.03.09 20:44:53 INFO  Progress (4): 5.2/12 MB | 1.1/1.9 MB | 1.1/1.4 MB | 2.2/3.8 MB[0m
2026.03.09 20:44:53 INFO  Progress (4): 5.2/12 MB | 1.1/1.9 MB | 1.1/1.4 MB | 2.2/3.8 MB[0m
2026.03.09 20:44:53 INFO  Progress (4): 5.2/12 MB | 1.1/1.9 MB | 1.1/1.4 MB | 2.2/3.8 MB[0m
2026.03.09 20:44:53 INFO  Progress (4): 5.2/12 MB | 1.1/1.9 MB | 1.1/1.4 MB | 2.3/3.8 MB[0m
2026.03.09 20:44:53 INFO  Progress (4): 5.2/12 MB | 1.1/1.9 MB | 1.1/1.4 MB | 2.3/3.8 MB[0m
2026.03.09 20:44:53 INFO  Progress (5): 5.2/12 MB | 1.1/1.9 MB | 1.1/1.4 MB | 2.3/3.8 MB | 7.7/60 kB[0m
2026.03.09 20:44:53 INFO  Progress (5): 5.2/12 MB | 1.1/1.9 MB | 1.1/1.4 MB | 2.3/3.8 MB | 16/60 kB [0m
2026.03.09 20:44:53 INFO  Progress (5): 5.2/12 MB | 1.1/1.9 MB | 1.1/1.4 MB | 2.3/3.8 MB | 16/60 kB[0m
2026.03.09 20:44:53 INFO  Progress (5): 5.2/12 MB | 1.1/1.9 MB | 1.1/1.4 MB | 2.3/3.8 MB | 16/60 kB[0m
2026.03.09 20:44:53 INFO  Progress (5): 5.2/12 MB | 1.1/1.9 MB | 1.1/1.4 MB | 2.3/3.8 MB | 25/60 kB[0m
2026.03.09 20:44:53 INFO  Progress (5): 5.2/12 MB | 1.1/1.9 MB | 1.1/1.4 MB | 2.3/3.8 MB | 25/60 kB[0m
2026.03.09 20:44:53 INFO  Progress (5): 5.2/12 MB | 1.1/1.9 MB | 1.1/1.4 MB | 2.3/3.8 MB | 25/60 kB[0m
2026.03.09 20:44:53 INFO  Progress (5): 5.2/12 MB | 1.1/1.9 MB | 1.1/1.4 MB | 2.3/3.8 MB | 25/60 kB[0m
2026.03.09 20:44:53 INFO  Progress (5): 5.2/12 MB | 1.1/1.9 MB | 1.1/1.4 MB | 2.3/3.8 MB | 25/60 kB[0m
2026.03.09 20:44:53 INFO  Progress (5): 5.3/12 MB | 1.1/1.9 MB | 1.1/1.4 MB | 2.3/3.8 MB | 25/60 kB[0m
2026.03.09 20:44:53 INFO  Progress (5): 5.3/12 MB | 1.1/1.9 MB | 1.1/1.4 MB | 2.3/3.8 MB | 41/60 kB[0m
2026.03.09 20:44:53 INFO  Progress (5): 5.3/12 MB | 1.1/1.9 MB | 1.1/1.4 MB | 2.3/3.8 MB | 41/60 kB[0m
2026.03.09 20:44:53 INFO  Progress (5): 5.3/12 MB | 1.1/1.9 MB | 1.1/1.4 MB | 2.3/3.8 MB | 41/60 kB[0m
2026.03.09 20:44:53 INFO  Progress (5): 5.3/12 MB | 1.1/1.9 MB | 1.2/1.4 MB | 2.3/3.8 MB | 41/60 kB[0m
2026.03.09 20:44:53 INFO  Progress (5): 5.3/12 MB | 1.1/1.9 MB | 1.2/1.4 MB | 2.3/3.8 MB | 41/60 kB[0m
2026.03.09 20:44:53 INFO  Progress (5): 5.3/12 MB | 1.1/1.9 MB | 1.2/1.4 MB | 2.3/3.8 MB | 57/60 kB[0m
2026.03.09 20:44:53 INFO  Progress (5): 5.3/12 MB | 1.1/1.9 MB | 1.2/1.4 MB | 2.3/3.8 MB | 57/60 kB[0m
2026.03.09 20:44:53 INFO  Progress (5): 5.3/12 MB | 1.1/1.9 MB | 1.2/1.4 MB | 2.3/3.8 MB | 60 kB   [0m
2026.03.09 20:44:53 INFO  Progress (5): 5.3/12 MB | 1.1/1.9 MB | 1.2/1.4 MB | 2.4/3.8 MB | 60 kB[0m
2026.03.09 20:44:53 INFO                                                                        [0m
2026.03.09 20:44:53 INFO  Downloaded from central: https://repo.maven.apache.org/maven2/net/openhft/zero-allocation-hashing/0.10.1/zero-allocation-hashing-0.10.1.jar (60 kB at 1.3 kB/s)[0m
2026.03.09 20:44:53 INFO  Downloading from central: https://repo.maven.apache.org/maven2/org/scala-sbt/util-control_2.13/1.8.0/util-control_2.13-1.8.0.jar[0m
2026.03.09 20:44:53 INFO  Progress (4): 5.3/12 MB | 1.1/1.9 MB | 1.2/1.4 MB | 2.4/3.8 MB[0m
2026.03.09 20:44:53 INFO  Progress (4): 5.3/12 MB | 1.1/1.9 MB | 1.2/1.4 MB | 2.4/3.8 MB[0m
2026.03.09 20:44:53 INFO  Progress (4): 5.3/12 MB | 1.1/1.9 MB | 1.2/1.4 MB | 2.4/3.8 MB[0m
2026.03.09 20:44:53 INFO  Progress (4): 5.3/12 MB | 1.1/1.9 MB | 1.2/1.4 MB | 2.4/3.8 MB[0m
2026.03.09 20:44:53 INFO  Progress (4): 5.3/12 MB | 1.1/1.9 MB | 1.2/1.4 MB | 2.4/3.8 MB[0m
2026.03.09 20:44:53 INFO  Progress (4): 5.3/12 MB | 1.1/1.9 MB | 1.2/1.4 MB | 2.4/3.8 MB[0m
2026.03.09 20:44:53 INFO  Progress (4): 5.3/12 MB | 1.1/1.9 MB | 1.2/1.4 MB | 2.4/3.8 MB[0m
2026.03.09 20:44:53 INFO  Progress (4): 5.3/12 MB | 1.1/1.9 MB | 1.2/1.4 MB | 2.4/3.8 MB[0m
2026.03.09 20:44:53 INFO  Progress (5): 5.3/12 MB | 1.1/1.9 MB | 1.2/1.4 MB | 2.4/3.8 MB | 7.7/19 kB[0m
2026.03.09 20:44:53 INFO  Progress (5): 5.3/12 MB | 1.1/1.9 MB | 1.2/1.4 MB | 2.4/3.8 MB | 16/19 kB [0m
2026.03.09 20:44:53 INFO  Progress (5): 5.3/12 MB | 1.1/1.9 MB | 1.2/1.4 MB | 2.4/3.8 MB | 19 kB   [0m
2026.03.09 20:44:53 INFO  Progress (5): 5.3/12 MB | 1.1/1.9 MB | 1.2/1.4 MB | 2.4/3.8 MB | 19 kB[0m
2026.03.09 20:44:53 INFO  Progress (5): 5.4/12 MB | 1.1/1.9 MB | 1.2/1.4 MB | 2.4/3.8 MB | 19 kB[0m
2026.03.09 20:44:53 INFO                                                                        [0m
2026.03.09 20:44:53 INFO  Downloaded from central: https://repo.maven.apache.org/maven2/org/scala-sbt/util-control_2.13/1.8.0/util-control_2.13-1.8.0.jar (19 kB at 403 B/s)[0m
2026.03.09 20:44:53 INFO  Downloading from central: https://repo.maven.apache.org/maven2/org/scala-sbt/zinc-classfile_2.13/1.8.0/zinc-classfile_2.13-1.8.0.jar[0m
2026.03.09 20:44:53 INFO  Progress (4): 5.4/12 MB | 1.1/1.9 MB | 1.2/1.4 MB | 2.4/3.8 MB[0m
2026.03.09 20:44:53 INFO  Progress (4): 5.4/12 MB | 1.1/1.9 MB | 1.2/1.4 MB | 2.4/3.8 MB[0m
2026.03.09 20:44:53 INFO  Progress (4): 5.4/12 MB | 1.1/1.9 MB | 1.2/1.4 MB | 2.4/3.8 MB[0m
2026.03.09 20:44:53 INFO  Progress (4): 5.4/12 MB | 1.1/1.9 MB | 1.2/1.4 MB | 2.5/3.8 MB[0m
2026.03.09 20:44:53 INFO  Progress (4): 5.4/12 MB | 1.2/1.9 MB | 1.2/1.4 MB | 2.5/3.8 MB[0m
2026.03.09 20:44:53 INFO  Progress (4): 5.4/12 MB | 1.2/1.9 MB | 1.2/1.4 MB | 2.5/3.8 MB[0m
2026.03.09 20:44:53 INFO  Progress (4): 5.4/12 MB | 1.2/1.9 MB | 1.2/1.4 MB | 2.5/3.8 MB[0m
2026.03.09 20:44:53 INFO  Progress (4): 5.4/12 MB | 1.2/1.9 MB | 1.2/1.4 MB | 2.5/3.8 MB[0m
2026.03.09 20:44:53 INFO  Progress (5): 5.4/12 MB | 1.2/1.9 MB | 1.2/1.4 MB | 2.5/3.8 MB | 7.7/108 kB[0m
2026.03.09 20:44:53 INFO  Progress (5): 5.4/12 MB | 1.2/1.9 MB | 1.2/1.4 MB | 2.5/3.8 MB | 8.2/108 kB[0m
2026.03.09 20:44:53 INFO  Progress (5): 5.4/12 MB | 1.2/1.9 MB | 1.2/1.4 MB | 2.5/3.8 MB | 8.2/108 kB[0m
2026.03.09 20:44:53 INFO  Progress (5): 5.4/12 MB | 1.2/1.9 MB | 1.2/1.4 MB | 2.5/3.8 MB | 8.2/108 kB[0m
2026.03.09 20:44:53 INFO  Progress (5): 5.4/12 MB | 1.2/1.9 MB | 1.2/1.4 MB | 2.5/3.8 MB | 8.2/108 kB[0m
2026.03.09 20:44:53 INFO  Progress (5): 5.4/12 MB | 1.2/1.9 MB | 1.2/1.4 MB | 2.5/3.8 MB | 8.2/108 kB[0m
2026.03.09 20:44:54 INFO  Progress (5): 5.4/12 MB | 1.2/1.9 MB | 1.2/1.4 MB | 2.5/3.8 MB | 8.2/108 kB[0m
2026.03.09 20:44:54 INFO  Progress (5): 5.4/12 MB | 1.2/1.9 MB | 1.2/1.4 MB | 2.5/3.8 MB | 25/108 kB [0m
2026.03.09 20:44:54 INFO  Progress (5): 5.4/12 MB | 1.2/1.9 MB | 1.2/1.4 MB | 2.5/3.8 MB | 25/108 kB[0m
2026.03.09 20:44:54 INFO  Progress (5): 5.4/12 MB | 1.2/1.9 MB | 1.2/1.4 MB | 2.5/3.8 MB | 25/108 kB[0m
2026.03.09 20:44:54 INFO  Progress (5): 5.4/12 MB | 1.2/1.9 MB | 1.2/1.4 MB | 2.5/3.8 MB | 25/108 kB[0m
2026.03.09 20:44:54 INFO  Progress (5): 5.4/12 MB | 1.2/1.9 MB | 1.2/1.4 MB | 2.5/3.8 MB | 25/108 kB[0m
2026.03.09 20:44:54 INFO  Progress (5): 5.5/12 MB | 1.2/1.9 MB | 1.2/1.4 MB | 2.5/3.8 MB | 25/108 kB[0m
2026.03.09 20:44:54 INFO  Progress (5): 5.5/12 MB | 1.2/1.9 MB | 1.2/1.4 MB | 2.6/3.8 MB | 25/108 kB[0m
2026.03.09 20:44:54 INFO  Progress (5): 5.5/12 MB | 1.2/1.9 MB | 1.2/1.4 MB | 2.6/3.8 MB | 25/108 kB[0m
2026.03.09 20:44:54 INFO  Progress (5): 5.5/12 MB | 1.2/1.9 MB | 1.2/1.4 MB | 2.6/3.8 MB | 41/108 kB[0m
2026.03.09 20:44:54 INFO  Progress (5): 5.5/12 MB | 1.2/1.9 MB | 1.2/1.4 MB | 2.6/3.8 MB | 41/108 kB[0m
2026.03.09 20:44:54 INFO  Progress (5): 5.5/12 MB | 1.2/1.9 MB | 1.2/1.4 MB | 2.6/3.8 MB | 41/108 kB[0m
2026.03.09 20:44:54 INFO  Progress (5): 5.5/12 MB | 1.2/1.9 MB | 1.2/1.4 MB | 2.6/3.8 MB | 41/108 kB[0m
2026.03.09 20:44:54 INFO  Progress (5): 5.5/12 MB | 1.2/1.9 MB | 1.2/1.4 MB | 2.6/3.8 MB | 41/108 kB[0m
2026.03.09 20:44:54 INFO  Progress (5): 5.5/12 MB | 1.2/1.9 MB | 1.2/1.4 MB | 2.6/3.8 MB | 41/108 kB[0m
2026.03.09 20:44:54 INFO  Progress (5): 5.5/12 MB | 1.2/1.9 MB | 1.2/1.4 MB | 2.6/3.8 MB | 41/108 kB[0m
2026.03.09 20:44:54 INFO  Progress (5): 5.5/12 MB | 1.2/1.9 MB | 1.2/1.4 MB | 2.6/3.8 MB | 41/108 kB[0m
2026.03.09 20:44:54 INFO  Progress (5): 5.5/12 MB | 1.2/1.9 MB | 1.2/1.4 MB | 2.6/3.8 MB | 57/108 kB[0m
2026.03.09 20:44:54 INFO  Progress (5): 5.5/12 MB | 1.2/1.9 MB | 1.3/1.4 MB | 2.6/3.8 MB | 57/108 kB[0m
2026.03.09 20:44:54 INFO  Progress (5): 5.5/12 MB | 1.2/1.9 MB | 1.3/1.4 MB | 2.6/3.8 MB | 57/108 kB[0m
2026.03.09 20:44:54 INFO  Progress (5): 5.5/12 MB | 1.2/1.9 MB | 1.3/1.4 MB | 2.6/3.8 MB | 57/108 kB[0m
2026.03.09 20:44:54 INFO  Progress (5): 5.5/12 MB | 1.2/1.9 MB | 1.3/1.4 MB | 2.6/3.8 MB | 57/108 kB[0m
2026.03.09 20:44:54 INFO  Progress (5): 5.5/12 MB | 1.2/1.9 MB | 1.3/1.4 MB | 2.6/3.8 MB | 57/108 kB[0m
2026.03.09 20:44:54 INFO  Progress (5): 5.5/12 MB | 1.2/1.9 MB | 1.3/1.4 MB | 2.6/3.8 MB | 74/108 kB[0m
2026.03.09 20:44:54 INFO  Progress (5): 5.5/12 MB | 1.2/1.9 MB | 1.3/1.4 MB | 2.6/3.8 MB | 74/108 kB[0m
2026.03.09 20:44:54 INFO  Progress (5): 5.5/12 MB | 1.2/1.9 MB | 1.3/1.4 MB | 2.6/3.8 MB | 74/108 kB[0m
2026.03.09 20:44:54 INFO  Progress (5): 5.5/12 MB | 1.2/1.9 MB | 1.3/1.4 MB | 2.6/3.8 MB | 74/108 kB[0m
2026.03.09 20:44:54 INFO  Progress (5): 5.5/12 MB | 1.2/1.9 MB | 1.3/1.4 MB | 2.6/3.8 MB | 74/108 kB[0m
2026.03.09 20:44:54 INFO  Progress (5): 5.5/12 MB | 1.2/1.9 MB | 1.3/1.4 MB | 2.7/3.8 MB | 74/108 kB[0m
2026.03.09 20:44:54 INFO  Progress (5): 5.5/12 MB | 1.2/1.9 MB | 1.3/1.4 MB | 2.7/3.8 MB | 74/108 kB[0m
2026.03.09 20:44:54 INFO  Progress (5): 5.5/12 MB | 1.2/1.9 MB | 1.3/1.4 MB | 2.7/3.8 MB | 74/108 kB[0m
2026.03.09 20:44:54 INFO  Progress (5): 5.6/12 MB | 1.2/1.9 MB | 1.3/1.4 MB | 2.7/3.8 MB | 74/108 kB[0m
2026.03.09 20:44:54 INFO  Progress (5): 5.6/12 MB | 1.2/1.9 MB | 1.3/1.4 MB | 2.7/3.8 MB | 90/108 kB[0m
2026.03.09 20:44:54 INFO  Progress (5): 5.6/12 MB | 1.2/1.9 MB | 1.3/1.4 MB | 2.7/3.8 MB | 90/108 kB[0m
2026.03.09 20:44:54 INFO  Progress (5): 5.6/12 MB | 1.2/1.9 MB | 1.3/1.4 MB | 2.7/3.8 MB | 106/108 kB[0m
2026.03.09 20:44:54 INFO  Progress (5): 5.6/12 MB | 1.2/1.9 MB | 1.3/1.4 MB | 2.7/3.8 MB | 106/108 kB[0m
2026.03.09 20:44:54 INFO  Progress (5): 5.6/12 MB | 1.2/1.9 MB | 1.3/1.4 MB | 2.7/3.8 MB | 106/108 kB[0m
2026.03.09 20:44:54 INFO  Progress (5): 5.6/12 MB | 1.2/1.9 MB | 1.3/1.4 MB | 2.7/3.8 MB | 108 kB    [0m
2026.03.09 20:44:54 INFO  Progress (5): 5.6/12 MB | 1.2/1.9 MB | 1.3/1.4 MB | 2.7/3.8 MB | 108 kB[0m
2026.03.09 20:44:54 INFO                                                                         [0m
2026.03.09 20:44:54 INFO  Downloaded from central: https://repo.maven.apache.org/maven2/org/scala-sbt/zinc-classfile_2.13/1.8.0/zinc-classfile_2.13-1.8.0.jar (108 kB at 2.2 kB/s)[0m
2026.03.09 20:44:54 INFO  Progress (4): 5.6/12 MB | 1.2/1.9 MB | 1.3/1.4 MB | 2.7/3.8 MB[0m
2026.03.09 20:44:54 INFO  Progress (4): 5.6/12 MB | 1.2/1.9 MB | 1.3/1.4 MB | 2.7/3.8 MB[0m
2026.03.09 20:44:54 INFO  Progress (4): 5.6/12 MB | 1.2/1.9 MB | 1.3/1.4 MB | 2.7/3.8 MB[0m
2026.03.09 20:44:54 INFO  Progress (4): 5.6/12 MB | 1.2/1.9 MB | 1.3/1.4 MB | 2.7/3.8 MB[0m
2026.03.09 20:44:54 INFO  Progress (4): 5.6/12 MB | 1.2/1.9 MB | 1.3/1.4 MB | 2.7/3.8 MB[0m
2026.03.09 20:44:54 INFO  Progress (4): 5.6/12 MB | 1.2/1.9 MB | 1.3/1.4 MB | 2.8/3.8 MB[0m
2026.03.09 20:44:54 INFO  Progress (4): 5.6/12 MB | 1.2/1.9 MB | 1.3/1.4 MB | 2.8/3.8 MB[0m
2026.03.09 20:44:54 INFO  Progress (4): 5.6/12 MB | 1.2/1.9 MB | 1.3/1.4 MB | 2.8/3.8 MB[0m
2026.03.09 20:44:54 INFO  Progress (4): 5.6/12 MB | 1.2/1.9 MB | 1.3/1.4 MB | 2.8/3.8 MB[0m
2026.03.09 20:44:54 INFO  Progress (4): 5.6/12 MB | 1.2/1.9 MB | 1.3/1.4 MB | 2.8/3.8 MB[0m
2026.03.09 20:44:54 INFO  Progress (4): 5.6/12 MB | 1.2/1.9 MB | 1.3/1.4 MB | 2.8/3.8 MB[0m
2026.03.09 20:44:54 INFO  Progress (4): 5.6/12 MB | 1.2/1.9 MB | 1.3/1.4 MB | 2.8/3.8 MB[0m
2026.03.09 20:44:54 INFO  Progress (4): 5.6/12 MB | 1.2/1.9 MB | 1.3/1.4 MB | 2.8/3.8 MB[0m
2026.03.09 20:44:54 INFO  Progress (4): 5.6/12 MB | 1.2/1.9 MB | 1.4 MB | 2.8/3.8 MB    [0m
2026.03.09 20:44:54 INFO  Progress (4): 5.6/12 MB | 1.2/1.9 MB | 1.4 MB | 2.8/3.8 MB[0m
2026.03.09 20:44:54 INFO  Progress (4): 5.6/12 MB | 1.3/1.9 MB | 1.4 MB | 2.8/3.8 MB[0m
2026.03.09 20:44:54 INFO  Progress (4): 5.6/12 MB | 1.3/1.9 MB | 1.4 MB | 2.8/3.8 MB[0m
2026.03.09 20:44:54 INFO                                                            [0m
2026.03.09 20:44:54 INFO  Downloaded from central: https://repo.maven.apache.org/maven2/net/java/dev/jna/jna-platform/5.12.0/jna-platform-5.12.0.jar (1.4 MB at 28 kB/s)[0m
2026.03.09 20:44:54 INFO  Progress (3): 5.6/12 MB | 1.3/1.9 MB | 2.8/3.8 MB[0m
2026.03.09 20:44:54 INFO  Progress (3): 5.7/12 MB | 1.3/1.9 MB | 2.8/3.8 MB[0m
2026.03.09 20:44:54 INFO  Progress (3): 5.7/12 MB | 1.3/1.9 MB | 2.9/3.8 MB[0m
2026.03.09 20:44:54 INFO  Progress (3): 5.7/12 MB | 1.3/1.9 MB | 2.9/3.8 MB[0m
2026.03.09 20:44:54 INFO  Progress (3): 5.7/12 MB | 1.3/1.9 MB | 2.9/3.8 MB[0m
2026.03.09 20:44:54 INFO  Progress (3): 5.7/12 MB | 1.3/1.9 MB | 2.9/3.8 MB[0m
2026.03.09 20:44:54 INFO  Progress (3): 5.7/12 MB | 1.3/1.9 MB | 2.9/3.8 MB[0m
2026.03.09 20:44:54 INFO  Progress (3): 5.7/12 MB | 1.3/1.9 MB | 2.9/3.8 MB[0m
2026.03.09 20:44:54 INFO  Progress (3): 5.7/12 MB | 1.3/1.9 MB | 2.9/3.8 MB[0m
2026.03.09 20:44:54 INFO  Progress (3): 5.7/12 MB | 1.3/1.9 MB | 2.9/3.8 MB[0m
2026.03.09 20:44:54 INFO  Progress (3): 5.7/12 MB | 1.3/1.9 MB | 2.9/3.8 MB[0m
2026.03.09 20:44:54 INFO  Progress (3): 5.7/12 MB | 1.3/1.9 MB | 2.9/3.8 MB[0m
2026.03.09 20:44:54 INFO  Progress (3): 5.7/12 MB | 1.3/1.9 MB | 2.9/3.8 MB[0m
2026.03.09 20:44:54 INFO  Progress (3): 5.7/12 MB | 1.3/1.9 MB | 2.9/3.8 MB[0m
2026.03.09 20:44:54 INFO  Progress (3): 5.7/12 MB | 1.3/1.9 MB | 2.9/3.8 MB[0m
2026.03.09 20:44:54 INFO  Progress (3): 5.7/12 MB | 1.3/1.9 MB | 2.9/3.8 MB[0m
2026.03.09 20:44:54 INFO  Progress (3): 5.7/12 MB | 1.3/1.9 MB | 3.0/3.8 MB[0m
2026.03.09 20:44:54 INFO  Progress (3): 5.8/12 MB | 1.3/1.9 MB | 3.0/3.8 MB[0m
2026.03.09 20:44:54 INFO  Progress (3): 5.8/12 MB | 1.3/1.9 MB | 3.0/3.8 MB[0m
2026.03.09 20:44:54 INFO  Progress (3): 5.8/12 MB | 1.3/1.9 MB | 3.0/3.8 MB[0m
2026.03.09 20:44:54 INFO  Progress (3): 5.8/12 MB | 1.3/1.9 MB | 3.0/3.8 MB[0m
2026.03.09 20:44:55 INFO  no build target found for C:\Users\neoat\repos\movie-service-bugfix\src\main\java\com\example\movieservice\configuration\WebConfig.java. Using fallback presentation compiler.[0m
2026.03.09 20:44:54 INFO  Progress (3): 5.8/12 MB | 1.3/1.9 MB | 3.0/3.8 MB[0m
2026.03.09 20:44:54 INFO  Progress (3): 5.8/12 MB | 1.3/1.9 MB | 3.0/3.8 MB[0m
2026.03.09 20:44:54 INFO  Progress (3): 5.8/12 MB | 1.3/1.9 MB | 3.0/3.8 MB[0m
2026.03.09 20:44:54 INFO  Progress (3): 5.8/12 MB | 1.3/1.9 MB | 3.0/3.8 MB[0m
2026.03.09 20:44:54 INFO  Progress (3): 5.8/12 MB | 1.3/1.9 MB | 3.0/3.8 MB[0m
2026.03.09 20:44:54 INFO  Progress (3): 5.8/12 MB | 1.3/1.9 MB | 3.0/3.8 MB[0m
2026.03.09 20:44:55 INFO  no build target found for C:\Users\neoat\repos\movie-service-bugfix\src\main\java\com\example\movieservice\controllers\MovieController.java. Using fallback presentation compiler.[0m
2026.03.09 20:44:54 INFO  Progress (3): 5.8/12 MB | 1.3/1.9 MB | 3.0/3.8 MB[0m
2026.03.09 20:44:54 INFO  Progress (3): 5.8/12 MB | 1.3/1.9 MB | 3.0/3.8 MB[0m
2026.03.09 20:44:54 INFO  Progress (3): 5.8/12 MB | 1.3/1.9 MB | 3.1/3.8 MB[0m
2026.03.09 20:44:54 INFO  Progress (3): 5.8/12 MB | 1.3/1.9 MB | 3.1/3.8 MB[0m
2026.03.09 20:44:54 INFO  Progress (3): 5.8/12 MB | 1.3/1.9 MB | 3.1/3.8 MB[0m
2026.03.09 20:44:54 INFO  Progress (3): 5.9/12 MB | 1.3/1.9 MB | 3.1/3.8 MB[0m
2026.03.09 20:44:54 INFO  Progress (3): 5.9/12 MB | 1.3/1.9 MB | 3.1/3.8 MB[0m
2026.03.09 20:44:54 INFO  Progress (3): 5.9/12 MB | 1.3/1.9 MB | 3.1/3.8 MB[0m
2026.03.09 20:44:54 INFO  Progress (3): 5.9/12 MB | 1.3/1.9 MB | 3.1/3.8 MB[0m
2026.03.09 20:44:54 INFO  Progress (3): 5.9/12 MB | 1.4/1.9 MB | 3.1/3.8 MB[0m
2026.03.09 20:44:54 INFO  Progress (3): 5.9/12 MB | 1.4/1.9 MB | 3.1/3.8 MB[0m
2026.03.09 20:44:54 INFO  Progress (3): 5.9/12 MB | 1.4/1.9 MB | 3.1/3.8 MB[0m
2026.03.09 20:44:54 INFO  Progress (3): 5.9/12 MB | 1.4/1.9 MB | 3.1/3.8 MB[0m
2026.03.09 20:44:54 INFO  Progress (3): 5.9/12 MB | 1.4/1.9 MB | 3.1/3.8 MB[0m
2026.03.09 20:44:54 INFO  Progress (3): 5.9/12 MB | 1.4/1.9 MB | 3.2/3.8 MB[0m
2026.03.09 20:44:54 INFO  Progress (3): 5.9/12 MB | 1.4/1.9 MB | 3.2/3.8 MB[0m
2026.03.09 20:44:54 INFO  Progress (3): 5.9/12 MB | 1.4/1.9 MB | 3.2/3.8 MB[0m
2026.03.09 20:44:54 INFO  Progress (3): 5.9/12 MB | 1.4/1.9 MB | 3.2/3.8 MB[0m
2026.03.09 20:44:54 INFO  Progress (3): 5.9/12 MB | 1.4/1.9 MB | 3.2/3.8 MB[0m
2026.03.09 20:44:54 INFO  Progress (3): 5.9/12 MB | 1.4/1.9 MB | 3.2/3.8 MB[0m
2026.03.09 20:44:54 INFO  Progress (3): 6.0/12 MB | 1.4/1.9 MB | 3.2/3.8 MB[0m
2026.03.09 20:44:54 INFO  Progress (3): 6.0/12 MB | 1.4/1.9 MB | 3.2/3.8 MB[0m
2026.03.09 20:44:54 INFO  Progress (3): 6.0/12 MB | 1.4/1.9 MB | 3.2/3.8 MB[0m
mars 09, 2026 8:44:55 PM org.eclipse.lsp4j.jsonrpc.RemoteEndpoint handleCancellation
AVERTISSEMENT: Unmatched cancel notification for request id 23
2026.03.09 20:44:54 INFO  Progress (3): 6.0/12 MB | 1.4/1.9 MB | 3.2/3.8 MB[0m
2026.03.09 20:44:55 INFO  no build target found for C:\Users\neoat\repos\movie-service-bugfix\src\main\java\com\example\movieservice\controllers\MovieController.java. Using fallback presentation compiler.[0m
2026.03.09 20:44:54 INFO  Progress (3): 6.0/12 MB | 1.4/1.9 MB | 3.2/3.8 MB[0m
2026.03.09 20:44:54 INFO  Progress (3): 6.0/12 MB | 1.4/1.9 MB | 3.2/3.8 MB[0m
2026.03.09 20:44:54 INFO  Progress (3): 6.0/12 MB | 1.4/1.9 MB | 3.2/3.8 MB[0m
2026.03.09 20:44:55 INFO  Progress (3): 6.0/12 MB | 1.4/1.9 MB | 3.2/3.8 MB[0m
2026.03.09 20:44:55 INFO  Progress (3): 6.0/12 MB | 1.4/1.9 MB | 3.2/3.8 MB[0m
2026.03.09 20:44:55 INFO  Progress (3): 6.0/12 MB | 1.4/1.9 MB | 3.3/3.8 MB[0m
2026.03.09 20:44:55 INFO  Progress (3): 6.0/12 MB | 1.4/1.9 MB | 3.3/3.8 MB[0m
2026.03.09 20:44:55 INFO  Progress (3): 6.0/12 MB | 1.4/1.9 MB | 3.3/3.8 MB[0m
2026.03.09 20:44:55 INFO  Progress (3): 6.0/12 MB | 1.4/1.9 MB | 3.3/3.8 MB[0m
2026.03.09 20:44:55 INFO  Progress (3): 6.0/12 MB | 1.4/1.9 MB | 3.3/3.8 MB[0m
2026.03.09 20:44:55 INFO  Progress (3): 6.0/12 MB | 1.4/1.9 MB | 3.3/3.8 MB[0m
2026.03.09 20:44:55 INFO  Progress (3): 6.0/12 MB | 1.4/1.9 MB | 3.3/3.8 MB[0m
2026.03.09 20:44:55 INFO  Progress (3): 6.1/12 MB | 1.4/1.9 MB | 3.3/3.8 MB[0m
2026.03.09 20:44:55 INFO  Progress (3): 6.1/12 MB | 1.4/1.9 MB | 3.3/3.8 MB[0m
2026.03.09 20:44:55 INFO  Progress (3): 6.1/12 MB | 1.4/1.9 MB | 3.3/3.8 MB[0m
2026.03.09 20:44:55 INFO  Progress (3): 6.1/12 MB | 1.4/1.9 MB | 3.3/3.8 MB[0m
2026.03.09 20:44:55 INFO  Progress (3): 6.1/12 MB | 1.4/1.9 MB | 3.3/3.8 MB[0m
2026.03.09 20:44:55 INFO  Progress (3): 6.1/12 MB | 1.4/1.9 MB | 3.4/3.8 MB[0m
2026.03.09 20:44:55 INFO  Progress (3): 6.1/12 MB | 1.4/1.9 MB | 3.4/3.8 MB[0m
2026.03.09 20:44:55 INFO  Progress (3): 6.1/12 MB | 1.4/1.9 MB | 3.4/3.8 MB[0m
2026.03.09 20:44:55 INFO  Progress (3): 6.1/12 MB | 1.4/1.9 MB | 3.4/3.8 MB[0m
2026.03.09 20:44:55 INFO  Progress (3): 6.1/12 MB | 1.4/1.9 MB | 3.4/3.8 MB[0m
2026.03.09 20:44:55 INFO  Progress (3): 6.1/12 MB | 1.4/1.9 MB | 3.4/3.8 MB[0m
2026.03.09 20:44:55 INFO  Progress (3): 6.1/12 MB | 1.4/1.9 MB | 3.4/3.8 MB[0m
2026.03.09 20:44:55 INFO  Progress (3): 6.1/12 MB | 1.5/1.9 MB | 3.4/3.8 MB[0m
2026.03.09 20:44:55 INFO  Progress (3): 6.1/12 MB | 1.5/1.9 MB | 3.4/3.8 MB[0m
2026.03.09 20:44:55 INFO  Progress (3): 6.1/12 MB | 1.5/1.9 MB | 3.4/3.8 MB[0m
2026.03.09 20:44:55 INFO  Progress (3): 6.1/12 MB | 1.5/1.9 MB | 3.4/3.8 MB[0m
2026.03.09 20:44:55 INFO  Progress (3): 6.2/12 MB | 1.5/1.9 MB | 3.4/3.8 MB[0m
2026.03.09 20:44:55 INFO  Progress (3): 6.2/12 MB | 1.5/1.9 MB | 3.5/3.8 MB[0m
2026.03.09 20:44:55 INFO  Progress (3): 6.2/12 MB | 1.5/1.9 MB | 3.5/3.8 MB[0m
2026.03.09 20:44:55 INFO  Progress (3): 6.2/12 MB | 1.5/1.9 MB | 3.5/3.8 MB[0m
2026.03.09 20:44:55 INFO  Progress (3): 6.2/12 MB | 1.5/1.9 MB | 3.5/3.8 MB[0m
2026.03.09 20:44:55 INFO  Progress (3): 6.2/12 MB | 1.5/1.9 MB | 3.5/3.8 MB[0m
2026.03.09 20:44:55 INFO  Progress (3): 6.2/12 MB | 1.5/1.9 MB | 3.5/3.8 MB[0m
2026.03.09 20:44:55 INFO  Progress (3): 6.2/12 MB | 1.5/1.9 MB | 3.5/3.8 MB[0m
2026.03.09 20:44:55 INFO  Progress (3): 6.2/12 MB | 1.5/1.9 MB | 3.5/3.8 MB[0m
2026.03.09 20:44:55 INFO  Progress (3): 6.2/12 MB | 1.5/1.9 MB | 3.5/3.8 MB[0m
2026.03.09 20:44:55 INFO  Progress (3): 6.2/12 MB | 1.5/1.9 MB | 3.5/3.8 MB[0m
2026.03.09 20:44:55 INFO  Progress (3): 6.2/12 MB | 1.5/1.9 MB | 3.5/3.8 MB[0m
2026.03.09 20:44:55 INFO  Progress (3): 6.2/12 MB | 1.5/1.9 MB | 3.5/3.8 MB[0m
2026.03.09 20:44:55 INFO  Progress (3): 6.2/12 MB | 1.5/1.9 MB | 3.6/3.8 MB[0m
2026.03.09 20:44:55 INFO  Progress (3): 6.2/12 MB | 1.5/1.9 MB | 3.6/3.8 MB[0m
2026.03.09 20:44:55 INFO  Progress (3): 6.2/12 MB | 1.5/1.9 MB | 3.6/3.8 MB[0m
2026.03.09 20:44:55 INFO  Progress (3): 6.2/12 MB | 1.5/1.9 MB | 3.6/3.8 MB[0m
2026.03.09 20:44:55 INFO  Progress (3): 6.2/12 MB | 1.5/1.9 MB | 3.6/3.8 MB[0m
2026.03.09 20:44:55 INFO  Progress (3): 6.3/12 MB | 1.5/1.9 MB | 3.6/3.8 MB[0m
2026.03.09 20:44:55 INFO  no build target found for C:\Users\neoat\repos\movie-service-bugfix\src\main\java\com\example\movieservice\controllers\MovieController.java. Using fallback presentation compiler.[0m
2026.03.09 20:44:55 INFO  Progress (3): 6.3/12 MB | 1.5/1.9 MB | 3.6/3.8 MB[0m
2026.03.09 20:44:55 INFO  Progress (3): 6.3/12 MB | 1.5/1.9 MB | 3.6/3.8 MB[0m
2026.03.09 20:44:55 INFO  Progress (3): 6.3/12 MB | 1.5/1.9 MB | 3.6/3.8 MB[0m
2026.03.09 20:44:55 INFO  Progress (3): 6.3/12 MB | 1.5/1.9 MB | 3.6/3.8 MB[0m
2026.03.09 20:44:55 INFO  Progress (3): 6.3/12 MB | 1.5/1.9 MB | 3.6/3.8 MB[0m
2026.03.09 20:44:55 INFO  Progress (3): 6.3/12 MB | 1.5/1.9 MB | 3.6/3.8 MB[0m
2026.03.09 20:44:55 INFO  Progress (3): 6.3/12 MB | 1.5/1.9 MB | 3.6/3.8 MB[0m
2026.03.09 20:44:55 INFO  Progress (3): 6.3/12 MB | 1.5/1.9 MB | 3.6/3.8 MB[0m
2026.03.09 20:44:55 INFO  Progress (3): 6.3/12 MB | 1.5/1.9 MB | 3.7/3.8 MB[0m
2026.03.09 20:44:55 INFO  Progress (3): 6.3/12 MB | 1.5/1.9 MB | 3.7/3.8 MB[0m
2026.03.09 20:44:55 INFO  Progress (3): 6.3/12 MB | 1.5/1.9 MB | 3.7/3.8 MB[0m
2026.03.09 20:44:55 INFO  Progress (3): 6.3/12 MB | 1.5/1.9 MB | 3.7/3.8 MB[0m
2026.03.09 20:44:55 INFO  Progress (3): 6.3/12 MB | 1.5/1.9 MB | 3.7/3.8 MB[0m
2026.03.09 20:44:55 INFO  Progress (3): 6.3/12 MB | 1.5/1.9 MB | 3.7/3.8 MB[0m
2026.03.09 20:44:56 INFO  Progress (3): 6.3/12 MB | 1.5/1.9 MB | 3.7/3.8 MB[0m
2026.03.09 20:44:56 INFO  Progress (3): 6.4/12 MB | 1.5/1.9 MB | 3.7/3.8 MB[0m
2026.03.09 20:44:56 INFO  Progress (3): 6.4/12 MB | 1.5/1.9 MB | 3.7/3.8 MB[0m
2026.03.09 20:44:56 INFO  Progress (3): 6.4/12 MB | 1.6/1.9 MB | 3.7/3.8 MB[0m
2026.03.09 20:44:56 INFO  Progress (3): 6.4/12 MB | 1.6/1.9 MB | 3.7/3.8 MB[0m
2026.03.09 20:44:56 INFO  Progress (3): 6.4/12 MB | 1.6/1.9 MB | 3.7/3.8 MB[0m
2026.03.09 20:44:56 INFO  Progress (3): 6.4/12 MB | 1.6/1.9 MB | 3.8/3.8 MB[0m
2026.03.09 20:44:57 INFO  no build target found for C:\Users\neoat\repos\movie-service-bugfix\src\main\java\com\example\movieservice\controllers\MovieController.java. Using fallback presentation compiler.[0m
2026.03.09 20:44:56 INFO  Progress (3): 6.4/12 MB | 1.6/1.9 MB | 3.8 MB    [0m
2026.03.09 20:44:56 INFO  Progress (3): 6.4/12 MB | 1.6/1.9 MB | 3.8 MB[0m
2026.03.09 20:44:56 INFO  Progress (3): 6.4/12 MB | 1.6/1.9 MB | 3.8 MB[0m
2026.03.09 20:44:56 INFO  Progress (3): 6.4/12 MB | 1.6/1.9 MB | 3.8 MB[0m
2026.03.09 20:44:56 INFO                                               [0m
2026.03.09 20:44:56 INFO  Downloaded from central: https://repo.maven.apache.org/maven2/org/scala-lang/scala-reflect/2.13.8/scala-reflect-2.13.8.jar (3.8 MB at 75 kB/s)[0m
2026.03.09 20:44:57 INFO  no build target found for C:\Users\neoat\repos\movie-service-bugfix\src\main\java\com\example\movieservice\controllers\MovieAdminController.java. Using fallback presentation compiler.[0m
2026.03.09 20:44:56 INFO  Progress (2): 6.4/12 MB | 1.6/1.9 MB[0m
2026.03.09 20:44:56 INFO  Progress (2): 6.4/12 MB | 1.6/1.9 MB[0m
2026.03.09 20:44:56 INFO  Progress (2): 6.4/12 MB | 1.6/1.9 MB[0m
2026.03.09 20:44:56 INFO  Progress (2): 6.4/12 MB | 1.6/1.9 MB[0m
2026.03.09 20:44:56 INFO  Progress (2): 6.5/12 MB | 1.6/1.9 MB[0m
mars 09, 2026 8:44:57 PM org.eclipse.lsp4j.jsonrpc.RemoteEndpoint handleCancellation
AVERTISSEMENT: Unmatched cancel notification for request id 31
2026.03.09 20:44:57 INFO  no build target found for C:\Users\neoat\repos\movie-service-bugfix\src\main\java\com\example\movieservice\controllers\MovieAdminController.java. Using fallback presentation compiler.[0m
2026.03.09 20:44:56 INFO  Progress (2): 6.5/12 MB | 1.6/1.9 MB[0m
2026.03.09 20:44:56 INFO  Progress (2): 6.5/12 MB | 1.6/1.9 MB[0m
2026.03.09 20:44:56 INFO  Progress (2): 6.5/12 MB | 1.6/1.9 MB[0m
2026.03.09 20:44:56 INFO  Progress (2): 6.5/12 MB | 1.6/1.9 MB[0m
2026.03.09 20:44:56 INFO  Progress (2): 6.5/12 MB | 1.6/1.9 MB[0m
2026.03.09 20:44:56 INFO  Progress (2): 6.5/12 MB | 1.6/1.9 MB[0m
2026.03.09 20:44:56 INFO  Progress (2): 6.5/12 MB | 1.6/1.9 MB[0m
2026.03.09 20:44:56 INFO  Progress (2): 6.5/12 MB | 1.6/1.9 MB[0m
2026.03.09 20:44:56 INFO  Progress (2): 6.6/12 MB | 1.6/1.9 MB[0m
2026.03.09 20:44:56 INFO  Progress (2): 6.6/12 MB | 1.6/1.9 MB[0m
2026.03.09 20:44:56 INFO  Progress (2): 6.6/12 MB | 1.6/1.9 MB[0m
2026.03.09 20:44:56 INFO  Progress (2): 6.6/12 MB | 1.6/1.9 MB[0m
2026.03.09 20:44:56 INFO  Progress (2): 6.6/12 MB | 1.6/1.9 MB[0m
2026.03.09 20:44:56 INFO  Progress (2): 6.6/12 MB | 1.7/1.9 MB[0m
2026.03.09 20:44:56 INFO  Progress (2): 6.6/12 MB | 1.7/1.9 MB[0m
2026.03.09 20:44:56 INFO  Progress (2): 6.6/12 MB | 1.7/1.9 MB[0m
2026.03.09 20:44:56 INFO  Progress (2): 6.6/12 MB | 1.7/1.9 MB[0m
2026.03.09 20:44:56 INFO  Progress (2): 6.7/12 MB | 1.7/1.9 MB[0m
2026.03.09 20:44:56 INFO  Progress (2): 6.7/12 MB | 1.7/1.9 MB[0m
2026.03.09 20:44:56 INFO  Progress (2): 6.7/12 MB | 1.7/1.9 MB[0m
2026.03.09 20:44:57 INFO  Progress (2): 6.7/12 MB | 1.7/1.9 MB[0m
2026.03.09 20:44:57 INFO  no build target found for C:\Users\neoat\repos\movie-service-bugfix\src\main\java\com\example\movieservice\controllers\MovieAdminController.java. Using fallback presentation compiler.[0m
2026.03.09 20:44:57 INFO  Progress (2): 6.7/12 MB | 1.7/1.9 MB[0m
2026.03.09 20:44:57 INFO  Progress (2): 6.7/12 MB | 1.7/1.9 MB[0m
2026.03.09 20:44:57 INFO  Progress (2): 6.7/12 MB | 1.7/1.9 MB[0m
2026.03.09 20:44:57 INFO  Progress (2): 6.7/12 MB | 1.7/1.9 MB[0m
2026.03.09 20:44:57 INFO  Progress (2): 6.8/12 MB | 1.7/1.9 MB[0m
2026.03.09 20:44:57 INFO  Progress (2): 6.8/12 MB | 1.7/1.9 MB[0m
2026.03.09 20:44:57 INFO  Progress (2): 6.8/12 MB | 1.7/1.9 MB[0m
2026.03.09 20:44:57 INFO  Progress (2): 6.8/12 MB | 1.7/1.9 MB[0m
2026.03.09 20:44:57 INFO  Progress (2): 6.8/12 MB | 1.7/1.9 MB[0m
2026.03.09 20:44:57 INFO  Progress (2): 6.8/12 MB | 1.7/1.9 MB[0m
2026.03.09 20:44:57 INFO  Progress (2): 6.8/12 MB | 1.7/1.9 MB[0m
2026.03.09 20:44:57 INFO  Progress (2): 6.8/12 MB | 1.7/1.9 MB[0m
2026.03.09 20:44:57 INFO  Progress (2): 6.8/12 MB | 1.8/1.9 MB[0m
2026.03.09 20:44:57 INFO  Progress (2): 6.9/12 MB | 1.8/1.9 MB[0m
2026.03.09 20:44:57 INFO  Progress (2): 6.9/12 MB | 1.8/1.9 MB[0m
2026.03.09 20:44:57 INFO  Progress (2): 6.9/12 MB | 1.8/1.9 MB[0m
2026.03.09 20:44:57 INFO  Progress (2): 6.9/12 MB | 1.8/1.9 MB[0m
2026.03.09 20:44:57 INFO  Progress (2): 6.9/12 MB | 1.8/1.9 MB[0m
2026.03.09 20:44:59 INFO  Progress (2): 6.9/12 MB | 1.8/1.9 MB[0m
2026.03.09 20:44:59 INFO  Progress (2): 6.9/12 MB | 1.8/1.9 MB[0m
2026.03.09 20:44:59 INFO  Progress (2): 6.9/12 MB | 1.8/1.9 MB[0m
2026.03.09 20:44:59 INFO  Progress (2): 7.0/12 MB | 1.8/1.9 MB[0m
2026.03.09 20:44:59 INFO  Progress (2): 7.0/12 MB | 1.8/1.9 MB[0m
2026.03.09 20:44:59 INFO  Progress (2): 7.0/12 MB | 1.8/1.9 MB[0m
2026.03.09 20:44:59 INFO  Progress (2): 7.0/12 MB | 1.8/1.9 MB[0m
2026.03.09 20:44:59 INFO  Progress (2): 7.0/12 MB | 1.8/1.9 MB[0m
2026.03.09 20:44:59 INFO  Progress (2): 7.0/12 MB | 1.8/1.9 MB[0m
2026.03.09 20:44:59 INFO  Progress (2): 7.0/12 MB | 1.8/1.9 MB[0m
2026.03.09 20:44:59 INFO  Progress (2): 7.0/12 MB | 1.8/1.9 MB[0m
2026.03.09 20:44:59 INFO  Progress (2): 7.0/12 MB | 1.8/1.9 MB[0m
2026.03.09 20:44:59 INFO  Progress (2): 7.1/12 MB | 1.8/1.9 MB[0m
2026.03.09 20:44:59 INFO  Progress (2): 7.1/12 MB | 1.8/1.9 MB[0m
2026.03.09 20:44:59 INFO  Progress (2): 7.1/12 MB | 1.9/1.9 MB[0m
2026.03.09 20:44:59 INFO  Progress (2): 7.1/12 MB | 1.9/1.9 MB[0m
2026.03.09 20:44:59 INFO  Progress (2): 7.1/12 MB | 1.9 MB    [0m
2026.03.09 20:44:59 INFO                                  [0m
2026.03.09 20:44:59 INFO  Downloaded from central: https://repo.maven.apache.org/maven2/net/java/dev/jna/jna/5.12.0/jna-5.12.0.jar (1.9 MB at 36 kB/s)[0m
2026.03.09 20:44:59 INFO  Progress (1): 7.1/12 MB[0m
2026.03.09 20:44:59 INFO  Progress (1): 7.1/12 MB[0m
2026.03.09 20:44:59 INFO  Progress (1): 7.1/12 MB[0m
2026.03.09 20:44:59 INFO  Progress (1): 7.2/12 MB[0m
2026.03.09 20:44:59 INFO  Progress (1): 7.2/12 MB[0m
2026.03.09 20:44:59 INFO  Progress (1): 7.2/12 MB[0m
2026.03.09 20:44:59 INFO  Progress (1): 7.2/12 MB[0m
2026.03.09 20:44:59 INFO  Progress (1): 7.2/12 MB[0m
2026.03.09 20:44:59 INFO  Progress (1): 7.2/12 MB[0m
2026.03.09 20:44:59 INFO  Progress (1): 7.3/12 MB[0m
2026.03.09 20:44:59 INFO  Progress (1): 7.3/12 MB[0m
2026.03.09 20:44:59 INFO  Progress (1): 7.3/12 MB[0m
2026.03.09 20:44:59 INFO  Progress (1): 7.3/12 MB[0m
2026.03.09 20:45:00 INFO  Progress (1): 7.3/12 MB[0m
2026.03.09 20:45:00 INFO  Progress (1): 7.3/12 MB[0m
2026.03.09 20:45:00 INFO  Progress (1): 7.4/12 MB[0m
2026.03.09 20:45:00 INFO  Progress (1): 7.4/12 MB[0m
2026.03.09 20:45:00 INFO  Progress (1): 7.4/12 MB[0m
2026.03.09 20:45:00 INFO  Progress (1): 7.4/12 MB[0m
2026.03.09 20:45:00 INFO  Progress (1): 7.4/12 MB[0m
2026.03.09 20:45:00 INFO  Progress (1): 7.4/12 MB[0m
2026.03.09 20:45:00 INFO  Progress (1): 7.4/12 MB[0m
2026.03.09 20:45:00 INFO  Progress (1): 7.5/12 MB[0m
2026.03.09 20:45:00 INFO  Progress (1): 7.5/12 MB[0m
2026.03.09 20:45:00 INFO  Progress (1): 7.5/12 MB[0m
2026.03.09 20:45:00 INFO  Progress (1): 7.5/12 MB[0m
2026.03.09 20:45:01 INFO  Progress (1): 7.5/12 MB[0m
2026.03.09 20:45:01 INFO  Progress (1): 7.5/12 MB[0m
2026.03.09 20:45:01 INFO  Progress (1): 7.6/12 MB[0m
2026.03.09 20:45:01 INFO  Progress (1): 7.6/12 MB[0m
2026.03.09 20:45:01 INFO  Progress (1): 7.6/12 MB[0m
2026.03.09 20:45:01 INFO  Progress (1): 7.6/12 MB[0m
2026.03.09 20:45:01 INFO  Progress (1): 7.6/12 MB[0m
2026.03.09 20:45:01 INFO  Progress (1): 7.6/12 MB[0m
2026.03.09 20:45:01 INFO  Progress (1): 7.7/12 MB[0m
2026.03.09 20:45:01 INFO  Progress (1): 7.7/12 MB[0m
2026.03.09 20:45:01 INFO  Progress (1): 7.7/12 MB[0m
2026.03.09 20:45:01 INFO  Progress (1): 7.7/12 MB[0m
2026.03.09 20:45:01 INFO  Progress (1): 7.7/12 MB[0m
2026.03.09 20:45:01 INFO  Progress (1): 7.7/12 MB[0m
2026.03.09 20:45:01 INFO  Progress (1): 7.8/12 MB[0m
2026.03.09 20:45:01 INFO  Progress (1): 7.8/12 MB[0m
2026.03.09 20:45:01 INFO  Progress (1): 7.8/12 MB[0m
2026.03.09 20:45:01 INFO  Progress (1): 7.8/12 MB[0m
2026.03.09 20:45:01 INFO  Progress (1): 7.8/12 MB[0m
2026.03.09 20:45:01 INFO  Progress (1): 7.8/12 MB[0m
2026.03.09 20:45:01 INFO  Progress (1): 7.9/12 MB[0m
2026.03.09 20:45:01 INFO  Progress (1): 7.9/12 MB[0m
2026.03.09 20:45:01 INFO  Progress (1): 7.9/12 MB[0m
2026.03.09 20:45:01 INFO  Progress (1): 7.9/12 MB[0m
2026.03.09 20:45:01 INFO  Progress (1): 7.9/12 MB[0m
2026.03.09 20:45:01 INFO  Progress (1): 7.9/12 MB[0m
2026.03.09 20:45:01 INFO  Progress (1): 8.0/12 MB[0m
2026.03.09 20:45:01 INFO  Progress (1): 8.0/12 MB[0m
2026.03.09 20:45:01 INFO  Progress (1): 8.0/12 MB[0m
2026.03.09 20:45:01 INFO  Progress (1): 8.0/12 MB[0m
2026.03.09 20:45:01 INFO  Progress (1): 8.0/12 MB[0m
2026.03.09 20:45:01 INFO  Progress (1): 8.0/12 MB[0m
2026.03.09 20:45:01 INFO  Progress (1): 8.1/12 MB[0m
2026.03.09 20:45:01 INFO  Progress (1): 8.1/12 MB[0m
2026.03.09 20:45:01 INFO  Progress (1): 8.1/12 MB[0m
2026.03.09 20:45:01 INFO  Progress (1): 8.1/12 MB[0m
2026.03.09 20:45:02 INFO  Progress (1): 8.1/12 MB[0m
2026.03.09 20:45:02 INFO  Progress (1): 8.1/12 MB[0m
2026.03.09 20:45:02 INFO  Progress (1): 8.2/12 MB[0m
2026.03.09 20:45:02 INFO  Progress (1): 8.2/12 MB[0m
2026.03.09 20:45:02 INFO  Progress (1): 8.2/12 MB[0m
2026.03.09 20:45:02 INFO  Progress (1): 8.2/12 MB[0m
2026.03.09 20:45:02 INFO  Progress (1): 8.2/12 MB[0m
2026.03.09 20:45:02 INFO  Progress (1): 8.2/12 MB[0m
2026.03.09 20:45:02 INFO  Progress (1): 8.3/12 MB[0m
2026.03.09 20:45:02 INFO  Progress (1): 8.3/12 MB[0m
2026.03.09 20:45:02 INFO  Progress (1): 8.3/12 MB[0m
2026.03.09 20:45:02 INFO  Progress (1): 8.3/12 MB[0m
2026.03.09 20:45:02 INFO  Progress (1): 8.3/12 MB[0m
2026.03.09 20:45:02 INFO  Progress (1): 8.3/12 MB[0m
2026.03.09 20:45:02 INFO  Progress (1): 8.4/12 MB[0m
2026.03.09 20:45:02 INFO  Progress (1): 8.4/12 MB[0m
2026.03.09 20:45:02 INFO  Progress (1): 8.4/12 MB[0m
2026.03.09 20:45:02 INFO  Progress (1): 8.4/12 MB[0m
2026.03.09 20:45:02 INFO  Progress (1): 8.4/12 MB[0m
2026.03.09 20:45:02 INFO  Progress (1): 8.4/12 MB[0m
2026.03.09 20:45:02 INFO  Progress (1): 8.4/12 MB[0m
2026.03.09 20:45:02 INFO  Progress (1): 8.5/12 MB[0m
2026.03.09 20:45:02 INFO  Progress (1): 8.5/12 MB[0m
2026.03.09 20:45:02 INFO  Progress (1): 8.5/12 MB[0m
2026.03.09 20:45:03 INFO  Progress (1): 8.5/12 MB[0m
2026.03.09 20:45:03 INFO  Progress (1): 8.5/12 MB[0m
2026.03.09 20:45:03 INFO  Progress (1): 8.5/12 MB[0m
2026.03.09 20:45:03 INFO  Progress (1): 8.6/12 MB[0m
2026.03.09 20:45:03 INFO  Progress (1): 8.6/12 MB[0m
2026.03.09 20:45:03 INFO  Progress (1): 8.6/12 MB[0m
2026.03.09 20:45:03 INFO  Progress (1): 8.6/12 MB[0m
2026.03.09 20:45:03 INFO  Progress (1): 8.6/12 MB[0m
2026.03.09 20:45:03 INFO  Progress (1): 8.6/12 MB[0m
2026.03.09 20:45:03 INFO  Progress (1): 8.7/12 MB[0m
2026.03.09 20:45:03 INFO  Progress (1): 8.7/12 MB[0m
2026.03.09 20:45:03 INFO  Progress (1): 8.7/12 MB[0m
2026.03.09 20:45:03 INFO  Progress (1): 8.7/12 MB[0m
2026.03.09 20:45:03 INFO  Progress (1): 8.7/12 MB[0m
2026.03.09 20:45:03 INFO  Progress (1): 8.7/12 MB[0m
2026.03.09 20:45:03 INFO  Progress (1): 8.8/12 MB[0m
2026.03.09 20:45:03 INFO  Progress (1): 8.8/12 MB[0m
2026.03.09 20:45:03 INFO  Progress (1): 8.8/12 MB[0m
2026.03.09 20:45:03 INFO  Progress (1): 8.8/12 MB[0m
2026.03.09 20:45:03 INFO  Progress (1): 8.8/12 MB[0m
2026.03.09 20:45:03 INFO  Progress (1): 8.8/12 MB[0m
2026.03.09 20:45:03 INFO  Progress (1): 8.9/12 MB[0m
2026.03.09 20:45:03 INFO  Progress (1): 8.9/12 MB[0m
2026.03.09 20:45:03 INFO  Progress (1): 8.9/12 MB[0m
2026.03.09 20:45:03 INFO  Progress (1): 8.9/12 MB[0m
2026.03.09 20:45:04 INFO  Progress (1): 8.9/12 MB[0m
2026.03.09 20:45:04 INFO  Progress (1): 8.9/12 MB[0m
2026.03.09 20:45:04 INFO  Progress (1): 9.0/12 MB[0m
2026.03.09 20:45:04 INFO  Progress (1): 9.0/12 MB[0m
2026.03.09 20:45:04 INFO  Progress (1): 9.0/12 MB[0m
2026.03.09 20:45:04 INFO  Progress (1): 9.0/12 MB[0m
2026.03.09 20:45:04 INFO  Progress (1): 9.0/12 MB[0m
2026.03.09 20:45:04 INFO  Progress (1): 9.0/12 MB[0m
2026.03.09 20:45:04 INFO  Progress (1): 9.1/12 MB[0m
2026.03.09 20:45:04 INFO  Progress (1): 9.1/12 MB[0m
2026.03.09 20:45:04 INFO  Progress (1): 9.1/12 MB[0m
2026.03.09 20:45:04 INFO  Progress (1): 9.1/12 MB[0m
2026.03.09 20:45:04 INFO  Progress (1): 9.1/12 MB[0m
2026.03.09 20:45:04 INFO  Progress (1): 9.1/12 MB[0m
2026.03.09 20:45:04 INFO  Progress (1): 9.2/12 MB[0m
2026.03.09 20:45:04 INFO  Progress (1): 9.2/12 MB[0m
2026.03.09 20:45:04 INFO  Progress (1): 9.2/12 MB[0m
2026.03.09 20:45:04 INFO  Progress (1): 9.2/12 MB[0m
2026.03.09 20:45:04 INFO  Progress (1): 9.2/12 MB[0m
2026.03.09 20:45:04 INFO  Progress (1): 9.2/12 MB[0m
2026.03.09 20:45:04 INFO  Progress (1): 9.3/12 MB[0m
2026.03.09 20:45:04 INFO  Progress (1): 9.3/12 MB[0m
2026.03.09 20:45:04 INFO  Progress (1): 9.3/12 MB[0m
2026.03.09 20:45:04 INFO  Progress (1): 9.3/12 MB[0m
2026.03.09 20:45:04 INFO  Progress (1): 9.3/12 MB[0m
2026.03.09 20:45:04 INFO  Progress (1): 9.3/12 MB[0m
2026.03.09 20:45:04 INFO  Progress (1): 9.3/12 MB[0m
2026.03.09 20:45:04 INFO  Progress (1): 9.4/12 MB[0m
2026.03.09 20:45:04 INFO  Progress (1): 9.4/12 MB[0m
2026.03.09 20:45:04 INFO  Progress (1): 9.4/12 MB[0m
2026.03.09 20:45:05 INFO  Progress (1): 9.4/12 MB[0m
2026.03.09 20:45:05 INFO  Progress (1): 9.4/12 MB[0m
2026.03.09 20:45:05 INFO  Progress (1): 9.4/12 MB[0m
2026.03.09 20:45:05 INFO  Progress (1): 9.5/12 MB[0m
2026.03.09 20:45:05 INFO  Progress (1): 9.5/12 MB[0m
2026.03.09 20:45:05 INFO  Progress (1): 9.5/12 MB[0m
2026.03.09 20:45:05 INFO  Progress (1): 9.5/12 MB[0m
2026.03.09 20:45:05 INFO  Progress (1): 9.5/12 MB[0m
2026.03.09 20:45:05 INFO  Progress (1): 9.5/12 MB[0m
2026.03.09 20:45:05 INFO  Progress (1): 9.6/12 MB[0m
2026.03.09 20:45:05 INFO  Progress (1): 9.6/12 MB[0m
2026.03.09 20:45:05 INFO  Progress (1): 9.6/12 MB[0m
2026.03.09 20:45:05 INFO  Progress (1): 9.6/12 MB[0m
2026.03.09 20:45:05 INFO  Progress (1): 9.6/12 MB[0m
2026.03.09 20:45:05 INFO  Progress (1): 9.6/12 MB[0m
2026.03.09 20:45:05 INFO  Progress (1): 9.7/12 MB[0m
2026.03.09 20:45:05 INFO  Progress (1): 9.7/12 MB[0m
2026.03.09 20:45:05 INFO  Progress (1): 9.7/12 MB[0m
2026.03.09 20:45:05 INFO  Progress (1): 9.7/12 MB[0m
2026.03.09 20:45:05 INFO  Progress (1): 9.7/12 MB[0m
2026.03.09 20:45:05 INFO  Progress (1): 9.7/12 MB[0m
2026.03.09 20:45:05 INFO  Progress (1): 9.8/12 MB[0m
2026.03.09 20:45:05 INFO  Progress (1): 9.8/12 MB[0m
2026.03.09 20:45:05 INFO  Progress (1): 9.8/12 MB[0m
2026.03.09 20:45:05 INFO  Progress (1): 9.8/12 MB[0m
2026.03.09 20:45:05 INFO  Progress (1): 9.8/12 MB[0m
2026.03.09 20:45:05 INFO  Progress (1): 9.8/12 MB[0m
2026.03.09 20:45:05 INFO  Progress (1): 9.9/12 MB[0m
2026.03.09 20:45:05 INFO  Progress (1): 9.9/12 MB[0m
2026.03.09 20:45:05 INFO  Progress (1): 9.9/12 MB[0m
2026.03.09 20:45:05 INFO  Progress (1): 9.9/12 MB[0m
2026.03.09 20:45:05 INFO  Progress (1): 9.9/12 MB[0m
2026.03.09 20:45:05 INFO  Progress (1): 9.9/12 MB[0m
2026.03.09 20:45:05 INFO  Progress (1): 10.0/12 MB[0m
2026.03.09 20:45:05 INFO  Progress (1): 10.0/12 MB[0m
2026.03.09 20:45:05 INFO  Progress (1): 10.0/12 MB[0m
2026.03.09 20:45:05 INFO  Progress (1): 10/12 MB  [0m
2026.03.09 20:45:05 INFO  Progress (1): 10/12 MB[0m
2026.03.09 20:45:05 INFO  Progress (1): 10/12 MB[0m
2026.03.09 20:45:05 INFO  Progress (1): 10/12 MB[0m
2026.03.09 20:45:05 INFO  Progress (1): 10/12 MB[0m
2026.03.09 20:45:05 INFO  Progress (1): 10/12 MB[0m
2026.03.09 20:45:05 INFO  Progress (1): 10/12 MB[0m
2026.03.09 20:45:05 INFO  Progress (1): 10/12 MB[0m
2026.03.09 20:45:05 INFO  Progress (1): 10/12 MB[0m
2026.03.09 20:45:05 INFO  Progress (1): 10/12 MB[0m
2026.03.09 20:45:05 INFO  Progress (1): 10/12 MB[0m
2026.03.09 20:45:05 INFO  Progress (1): 10/12 MB[0m
2026.03.09 20:45:05 INFO  Progress (1): 10/12 MB[0m
2026.03.09 20:45:05 INFO  Progress (1): 10/12 MB[0m
2026.03.09 20:45:05 INFO  Progress (1): 10/12 MB[0m
2026.03.09 20:45:05 INFO  Progress (1): 10/12 MB[0m
2026.03.09 20:45:05 INFO  Progress (1): 10/12 MB[0m
2026.03.09 20:45:05 INFO  Progress (1): 10/12 MB[0m
2026.03.09 20:45:05 INFO  Progress (1): 10/12 MB[0m
2026.03.09 20:45:05 INFO  Progress (1): 10/12 MB[0m
2026.03.09 20:45:05 INFO  Progress (1): 10/12 MB[0m
2026.03.09 20:45:05 INFO  Progress (1): 10/12 MB[0m
2026.03.09 20:45:05 INFO  Progress (1): 10/12 MB[0m
2026.03.09 20:45:05 INFO  Progress (1): 10/12 MB[0m
2026.03.09 20:45:05 INFO  Progress (1): 10/12 MB[0m
2026.03.09 20:45:05 INFO  Progress (1): 10/12 MB[0m
2026.03.09 20:45:05 INFO  Progress (1): 10/12 MB[0m
2026.03.09 20:45:05 INFO  Progress (1): 10/12 MB[0m
2026.03.09 20:45:05 INFO  Progress (1): 10/12 MB[0m
2026.03.09 20:45:05 INFO  Progress (1): 10/12 MB[0m
2026.03.09 20:45:05 INFO  Progress (1): 10/12 MB[0m
2026.03.09 20:45:05 INFO  Progress (1): 11/12 MB[0m
2026.03.09 20:45:05 INFO  Progress (1): 11/12 MB[0m
2026.03.09 20:45:05 INFO  Progress (1): 11/12 MB[0m
2026.03.09 20:45:05 INFO  Progress (1): 11/12 MB[0m
2026.03.09 20:45:05 INFO  Progress (1): 11/12 MB[0m
2026.03.09 20:45:05 INFO  Progress (1): 11/12 MB[0m
2026.03.09 20:45:05 INFO  Progress (1): 11/12 MB[0m
2026.03.09 20:45:06 INFO  Progress (1): 11/12 MB[0m
2026.03.09 20:45:06 INFO  Progress (1): 11/12 MB[0m
2026.03.09 20:45:06 INFO  Progress (1): 11/12 MB[0m
2026.03.09 20:45:06 INFO  Progress (1): 11/12 MB[0m
2026.03.09 20:45:06 INFO  Progress (1): 11/12 MB[0m
2026.03.09 20:45:06 INFO  Progress (1): 11/12 MB[0m
2026.03.09 20:45:06 INFO  Progress (1): 11/12 MB[0m
2026.03.09 20:45:06 INFO  Progress (1): 11/12 MB[0m
2026.03.09 20:45:06 INFO  Progress (1): 11/12 MB[0m
2026.03.09 20:45:06 INFO  Progress (1): 11/12 MB[0m
2026.03.09 20:45:06 INFO  Progress (1): 11/12 MB[0m
2026.03.09 20:45:06 INFO  Progress (1): 11/12 MB[0m
2026.03.09 20:45:06 INFO  Progress (1): 11/12 MB[0m
2026.03.09 20:45:06 INFO  Progress (1): 11/12 MB[0m
2026.03.09 20:45:06 INFO  Progress (1): 11/12 MB[0m
2026.03.09 20:45:06 INFO  Progress (1): 11/12 MB[0m
2026.03.09 20:45:06 INFO  Progress (1): 11/12 MB[0m
2026.03.09 20:45:06 INFO  Progress (1): 11/12 MB[0m
2026.03.09 20:45:06 INFO  Progress (1): 11/12 MB[0m
2026.03.09 20:45:06 INFO  Progress (1): 11/12 MB[0m
2026.03.09 20:45:06 INFO  Progress (1): 11/12 MB[0m
2026.03.09 20:45:06 INFO  Progress (1): 11/12 MB[0m
2026.03.09 20:45:06 INFO  Progress (1): 11/12 MB[0m
2026.03.09 20:45:06 INFO  Progress (1): 11/12 MB[0m
2026.03.09 20:45:06 INFO  Progress (1): 11/12 MB[0m
2026.03.09 20:45:06 INFO  Progress (1): 11/12 MB[0m
2026.03.09 20:45:06 INFO  Progress (1): 11/12 MB[0m
2026.03.09 20:45:06 INFO  no build target found for C:\Users\neoat\repos\movie-service-bugfix\src\main\java\com\example\movieservice\controllers\MovieAdminController.java. Using fallback presentation compiler.[0m
2026.03.09 20:45:06 INFO  Progress (1): 11/12 MB[0m
2026.03.09 20:45:06 INFO  Progress (1): 11/12 MB[0m
2026.03.09 20:45:06 INFO  Progress (1): 11/12 MB[0m
2026.03.09 20:45:06 INFO  Progress (1): 11/12 MB[0m
2026.03.09 20:45:06 INFO  Progress (1): 11/12 MB[0m
2026.03.09 20:45:06 INFO  Progress (1): 11/12 MB[0m
2026.03.09 20:45:06 INFO  Progress (1): 11/12 MB[0m
2026.03.09 20:45:06 INFO  Progress (1): 11/12 MB[0m
2026.03.09 20:45:06 INFO  Progress (1): 11/12 MB[0m
2026.03.09 20:45:06 INFO  no build target found for C:\Users\neoat\repos\movie-service-bugfix\src\main\java\com\example\movieservice\controllers\MovieController.java. Using fallback presentation compiler.[0m
2026.03.09 20:45:06 INFO  Progress (1): 11/12 MB[0m
2026.03.09 20:45:06 INFO  Progress (1): 11/12 MB[0m
2026.03.09 20:45:06 INFO  Progress (1): 11/12 MB[0m
2026.03.09 20:45:06 INFO  Progress (1): 11/12 MB[0m
2026.03.09 20:45:06 INFO  Progress (1): 11/12 MB[0m
2026.03.09 20:45:06 INFO  no build target found for C:\Users\neoat\repos\movie-service-bugfix\src\main\java\com\example\movieservice\controllers\MovieController.java. Using fallback presentation compiler.[0m
2026.03.09 20:45:06 INFO  Progress (1): 11/12 MB[0m
2026.03.09 20:45:06 INFO  Progress (1): 11/12 MB[0m
2026.03.09 20:45:06 INFO  Progress (1): 11/12 MB[0m
2026.03.09 20:45:06 INFO  Progress (1): 11/12 MB[0m
2026.03.09 20:45:06 INFO  Progress (1): 11/12 MB[0m
2026.03.09 20:45:06 INFO  Progress (1): 11/12 MB[0m
2026.03.09 20:45:06 INFO  Progress (1): 11/12 MB[0m
2026.03.09 20:45:06 INFO  Progress (1): 11/12 MB[0m
2026.03.09 20:45:06 INFO  Progress (1): 11/12 MB[0m
2026.03.09 20:45:06 INFO  Progress (1): 11/12 MB[0m
2026.03.09 20:45:06 INFO  Progress (1): 11/12 MB[0m
2026.03.09 20:45:06 INFO  Progress (1): 11/12 MB[0m
2026.03.09 20:45:06 INFO  Progress (1): 11/12 MB[0m
2026.03.09 20:45:06 INFO  Progress (1): 12/12 MB[0m
2026.03.09 20:45:06 INFO  Progress (1): 12/12 MB[0m
2026.03.09 20:45:06 INFO  Progress (1): 12/12 MB[0m
2026.03.09 20:45:06 INFO  Progress (1): 12/12 MB[0m
2026.03.09 20:45:06 INFO  Progress (1): 12/12 MB[0m
2026.03.09 20:45:06 INFO  Progress (1): 12/12 MB[0m
2026.03.09 20:45:06 INFO  Progress (1): 12/12 MB[0m
2026.03.09 20:45:06 INFO  Progress (1): 12/12 MB[0m
2026.03.09 20:45:06 INFO  Progress (1): 12/12 MB[0m
2026.03.09 20:45:06 INFO  Progress (1): 12/12 MB[0m
2026.03.09 20:45:06 INFO  Progress (1): 12/12 MB[0m
2026.03.09 20:45:06 INFO  Progress (1): 12/12 MB[0m
2026.03.09 20:45:06 INFO  Progress (1): 12/12 MB[0m
2026.03.09 20:45:06 INFO  Progress (1): 12/12 MB[0m
2026.03.09 20:45:06 INFO  Progress (1): 12/12 MB[0m
2026.03.09 20:45:06 INFO  Progress (1): 12/12 MB[0m
2026.03.09 20:45:06 INFO  Progress (1): 12/12 MB[0m
2026.03.09 20:45:06 INFO  Progress (1): 12/12 MB[0m
2026.03.09 20:45:06 INFO  Progress (1): 12/12 MB[0m
2026.03.09 20:45:06 INFO  Progress (1): 12/12 MB[0m
2026.03.09 20:45:06 INFO  Progress (1): 12/12 MB[0m
2026.03.09 20:45:06 INFO  Progress (1): 12/12 MB[0m
2026.03.09 20:45:06 INFO  Progress (1): 12/12 MB[0m
2026.03.09 20:45:06 INFO  Progress (1): 12/12 MB[0m
2026.03.09 20:45:06 INFO  Progress (1): 12/12 MB[0m
2026.03.09 20:45:06 INFO  Progress (1): 12/12 MB[0m
2026.03.09 20:45:06 INFO  Progress (1): 12/12 MB[0m
2026.03.09 20:45:06 INFO  Progress (1): 12/12 MB[0m
2026.03.09 20:45:06 INFO  Progress (1): 12/12 MB[0m
2026.03.09 20:45:06 INFO  Progress (1): 12/12 MB[0m
2026.03.09 20:45:06 INFO  Progress (1): 12/12 MB[0m
2026.03.09 20:45:06 INFO  Progress (1): 12/12 MB[0m
2026.03.09 20:45:06 INFO  Progress (1): 12/12 MB[0m
2026.03.09 20:45:06 INFO  Progress (1): 12/12 MB[0m
2026.03.09 20:45:06 INFO  Progress (1): 12/12 MB[0m
2026.03.09 20:45:06 INFO  Progress (1): 12/12 MB[0m
2026.03.09 20:45:06 INFO  Progress (1): 12 MB   [0m
2026.03.09 20:45:06 INFO                     [0m
2026.03.09 20:45:06 INFO  Downloaded from central: https://repo.maven.apache.org/maven2/org/scala-lang/scala-compiler/2.13.8/scala-compiler-2.13.8.jar (12 MB at 201 kB/s)[0m
2026.03.09 20:45:06 INFO  no build target found for C:\Users\neoat\repos\movie-service-bugfix\src\main\java\com\example\movieservice\controllers\MovieController.java. Using fallback presentation compiler.[0m
2026.03.09 20:45:07 INFO  no build target found for C:\Users\neoat\repos\movie-service-bugfix\src\main\java\com\example\movieservice\controllers\MovieController.java. Using fallback presentation compiler.[0m
2026.03.09 20:45:08 INFO  [ERROR] org.scala-lang:scala([0-9]?)-library is missing from project dependencies[0m
2026.03.09 20:45:08 INFO  [ERROR] org.scala-lang:scala([0-9]?)-library is missing from project dependencies[0m
2026.03.09 20:45:08 INFO  [INFO] Resolving artifact: org.springframework:spring-webmvc:jar:5.2.2.RELEASE:compile (sources = false)[0m
2026.03.09 20:45:08 INFO  [INFO] SUCCESS: org.springframework:spring-webmvc:jar:5.2.2.RELEASE:compile (sources = false)[0m
2026.03.09 20:45:08 INFO  [INFO] Resolving artifact: org.springframework:spring-webmvc:jar:5.2.2.RELEASE:compile (sources = true)[0m
2026.03.09 20:45:08 INFO  Downloading from central: https://repo.maven.apache.org/maven2/org/springframework/spring-webmvc/5.2.2.RELEASE/spring-webmvc-5.2.2.RELEASE-sources.jar[0m
2026.03.09 20:45:08 INFO  Progress (1): 7.7/797 kB[0m
2026.03.09 20:45:08 INFO  Progress (1): 16/797 kB [0m
2026.03.09 20:45:08 INFO  Progress (1): 32/797 kB[0m
2026.03.09 20:45:08 INFO  Progress (1): 48/797 kB[0m
2026.03.09 20:45:08 INFO  Progress (1): 65/797 kB[0m
2026.03.09 20:45:08 INFO  Progress (1): 81/797 kB[0m
2026.03.09 20:45:08 INFO  Progress (1): 98/797 kB[0m
2026.03.09 20:45:08 INFO  Progress (1): 114/797 kB[0m
2026.03.09 20:45:08 INFO  Progress (1): 130/797 kB[0m
2026.03.09 20:45:08 INFO  Progress (1): 147/797 kB[0m
2026.03.09 20:45:08 INFO  Progress (1): 163/797 kB[0m
2026.03.09 20:45:08 INFO  Progress (1): 179/797 kB[0m
2026.03.09 20:45:08 INFO  Progress (1): 196/797 kB[0m
2026.03.09 20:45:08 INFO  Progress (1): 212/797 kB[0m
2026.03.09 20:45:08 INFO  Progress (1): 229/797 kB[0m
2026.03.09 20:45:08 INFO  Progress (1): 245/797 kB[0m
2026.03.09 20:45:08 INFO  Progress (1): 261/797 kB[0m
2026.03.09 20:45:08 INFO  Progress (1): 278/797 kB[0m
2026.03.09 20:45:08 INFO  Progress (1): 294/797 kB[0m
2026.03.09 20:45:08 INFO  Progress (1): 311/797 kB[0m
2026.03.09 20:45:08 INFO  Progress (1): 327/797 kB[0m
2026.03.09 20:45:08 INFO  Progress (1): 343/797 kB[0m
2026.03.09 20:45:08 INFO  Progress (1): 360/797 kB[0m
2026.03.09 20:45:08 INFO  Progress (1): 376/797 kB[0m
2026.03.09 20:45:08 INFO  Progress (1): 392/797 kB[0m
2026.03.09 20:45:08 INFO  Progress (1): 409/797 kB[0m
2026.03.09 20:45:08 INFO  Progress (1): 425/797 kB[0m
2026.03.09 20:45:08 INFO  Progress (1): 442/797 kB[0m
2026.03.09 20:45:08 INFO  Progress (1): 458/797 kB[0m
2026.03.09 20:45:08 INFO  Progress (1): 474/797 kB[0m
2026.03.09 20:45:08 INFO  Progress (1): 491/797 kB[0m
2026.03.09 20:45:08 INFO  Progress (1): 507/797 kB[0m
2026.03.09 20:45:08 INFO  Progress (1): 524/797 kB[0m
2026.03.09 20:45:08 INFO  Progress (1): 540/797 kB[0m
2026.03.09 20:45:08 INFO  Progress (1): 556/797 kB[0m
2026.03.09 20:45:08 INFO  Progress (1): 573/797 kB[0m
2026.03.09 20:45:08 INFO  Progress (1): 589/797 kB[0m
2026.03.09 20:45:08 INFO  Progress (1): 605/797 kB[0m
2026.03.09 20:45:08 INFO  Progress (1): 622/797 kB[0m
2026.03.09 20:45:08 INFO  Progress (1): 638/797 kB[0m
2026.03.09 20:45:08 INFO  Progress (1): 655/797 kB[0m
2026.03.09 20:45:08 INFO  Progress (1): 671/797 kB[0m
2026.03.09 20:45:08 INFO  Progress (1): 687/797 kB[0m
2026.03.09 20:45:08 INFO  Progress (1): 704/797 kB[0m
2026.03.09 20:45:08 INFO  Progress (1): 720/797 kB[0m
2026.03.09 20:45:08 INFO  Progress (1): 737/797 kB[0m
2026.03.09 20:45:08 INFO  Progress (1): 753/797 kB[0m
2026.03.09 20:45:08 INFO  Progress (1): 769/797 kB[0m
2026.03.09 20:45:08 INFO  Progress (1): 786/797 kB[0m
2026.03.09 20:45:08 INFO  Progress (1): 797 kB    [0m
2026.03.09 20:45:08 INFO                      [0m
2026.03.09 20:45:08 INFO  Downloaded from central: https://repo.maven.apache.org/maven2/org/springframework/spring-webmvc/5.2.2.RELEASE/spring-webmvc-5.2.2.RELEASE-sources.jar (797 kB at 1.5 MB/s)[0m
2026.03.09 20:45:08 INFO  [INFO] SUCCESS: org.springframework:spring-webmvc:jar:5.2.2.RELEASE:compile (sources = true)[0m
2026.03.09 20:45:08 INFO  [INFO] Resolving artifact: org.skyscreamer:jsonassert:jar:1.5.0:test (sources = false)[0m
2026.03.09 20:45:08 INFO  [INFO] SUCCESS: org.skyscreamer:jsonassert:jar:1.5.0:test (sources = false)[0m
2026.03.09 20:45:08 INFO  [INFO] Resolving artifact: org.skyscreamer:jsonassert:jar:1.5.0:test (sources = true)[0m
2026.03.09 20:45:08 INFO  Downloading from central: https://repo.maven.apache.org/maven2/org/skyscreamer/jsonassert/1.5.0/jsonassert-1.5.0-sources.jar[0m
2026.03.09 20:45:08 INFO  Progress (1): 7.7/30 kB[0m
2026.03.09 20:45:08 INFO  Progress (1): 16/30 kB [0m
2026.03.09 20:45:08 INFO  Progress (1): 29/30 kB[0m
2026.03.09 20:45:08 INFO  Progress (1): 30 kB   [0m
2026.03.09 20:45:08 INFO                     [0m
2026.03.09 20:45:08 INFO  Downloaded from central: https://repo.maven.apache.org/maven2/org/skyscreamer/jsonassert/1.5.0/jsonassert-1.5.0-sources.jar (30 kB at 466 kB/s)[0m
2026.03.09 20:45:08 INFO  [INFO] SUCCESS: org.skyscreamer:jsonassert:jar:1.5.0:test (sources = true)[0m
2026.03.09 20:45:08 INFO  [INFO] Resolving artifact: org.springframework.boot:spring-boot-starter:jar:2.2.2.RELEASE:compile (sources = false)[0m
2026.03.09 20:45:08 INFO  [INFO] SUCCESS: org.springframework.boot:spring-boot-starter:jar:2.2.2.RELEASE:compile (sources = false)[0m
2026.03.09 20:45:08 INFO  [INFO] Resolving artifact: org.springframework.boot:spring-boot-starter:jar:2.2.2.RELEASE:compile (sources = true)[0m
2026.03.09 20:45:08 INFO  Downloading from central: https://repo.maven.apache.org/maven2/org/springframework/boot/spring-boot-starter/2.2.2.RELEASE/spring-boot-starter-2.2.2.RELEASE-sources.jar[0m
2026.03.09 20:45:08 INFO  Progress (1): 2.0 kB[0m
2026.03.09 20:45:08 INFO                      [0m
2026.03.09 20:45:08 INFO  Downloaded from central: https://repo.maven.apache.org/maven2/org/springframework/boot/spring-boot-starter/2.2.2.RELEASE/spring-boot-starter-2.2.2.RELEASE-sources.jar (2.0 kB at 26 kB/s)[0m
2026.03.09 20:45:08 INFO  [INFO] SUCCESS: org.springframework.boot:spring-boot-starter:jar:2.2.2.RELEASE:compile (sources = true)[0m
2026.03.09 20:45:08 INFO  [INFO] Resolving artifact: org.springframework:spring-orm:jar:5.2.2.RELEASE:compile (sources = false)[0m
2026.03.09 20:45:08 INFO  [INFO] SUCCESS: org.springframework:spring-orm:jar:5.2.2.RELEASE:compile (sources = false)[0m
2026.03.09 20:45:08 INFO  [INFO] Resolving artifact: org.springframework:spring-orm:jar:5.2.2.RELEASE:compile (sources = true)[0m
2026.03.09 20:45:08 INFO  Downloading from central: https://repo.maven.apache.org/maven2/org/springframework/spring-orm/5.2.2.RELEASE/spring-orm-5.2.2.RELEASE-sources.jar[0m
2026.03.09 20:45:08 INFO  Progress (1): 7.7/178 kB[0m
2026.03.09 20:45:08 INFO  Progress (1): 16/178 kB [0m
2026.03.09 20:45:08 INFO  Progress (1): 29/178 kB[0m
2026.03.09 20:45:08 INFO  Progress (1): 45/178 kB[0m
2026.03.09 20:45:08 INFO  Progress (1): 61/178 kB[0m
2026.03.09 20:45:08 INFO  Progress (1): 78/178 kB[0m
2026.03.09 20:45:08 INFO  Progress (1): 94/178 kB[0m
2026.03.09 20:45:08 INFO  Progress (1): 111/178 kB[0m
2026.03.09 20:45:08 INFO  Progress (1): 127/178 kB[0m
2026.03.09 20:45:08 INFO  Progress (1): 143/178 kB[0m
2026.03.09 20:45:08 INFO  Progress (1): 160/178 kB[0m
2026.03.09 20:45:08 INFO  Progress (1): 176/178 kB[0m
2026.03.09 20:45:08 INFO  Progress (1): 178 kB    [0m
2026.03.09 20:45:08 INFO                      [0m
2026.03.09 20:45:08 INFO  Downloaded from central: https://repo.maven.apache.org/maven2/org/springframework/spring-orm/5.2.2.RELEASE/spring-orm-5.2.2.RELEASE-sources.jar (178 kB at 1.1 MB/s)[0m
2026.03.09 20:45:08 INFO  [INFO] SUCCESS: org.springframework:spring-orm:jar:5.2.2.RELEASE:compile (sources = true)[0m
2026.03.09 20:45:08 INFO  [INFO] Resolving artifact: org.springframework.boot:spring-boot-starter-tomcat:jar:2.2.2.RELEASE:compile (sources = false)[0m
2026.03.09 20:45:08 INFO  [INFO] SUCCESS: org.springframework.boot:spring-boot-starter-tomcat:jar:2.2.2.RELEASE:compile (sources = false)[0m
2026.03.09 20:45:08 INFO  [INFO] Resolving artifact: org.springframework.boot:spring-boot-starter-tomcat:jar:2.2.2.RELEASE:compile (sources = true)[0m
2026.03.09 20:45:08 INFO  Downloading from central: https://repo.maven.apache.org/maven2/org/springframework/boot/spring-boot-starter-tomcat/2.2.2.RELEASE/spring-boot-starter-tomcat-2.2.2.RELEASE-sources.jar[0m
2026.03.09 20:45:09 INFO  Progress (1): 2.1 kB[0m
2026.03.09 20:45:09 INFO                      [0m
2026.03.09 20:45:09 INFO  Downloaded from central: https://repo.maven.apache.org/maven2/org/springframework/boot/spring-boot-starter-tomcat/2.2.2.RELEASE/spring-boot-starter-tomcat-2.2.2.RELEASE-sources.jar (2.1 kB at 20 kB/s)[0m
2026.03.09 20:45:09 INFO  [INFO] SUCCESS: org.springframework.boot:spring-boot-starter-tomcat:jar:2.2.2.RELEASE:compile (sources = true)[0m
2026.03.09 20:45:09 INFO  [INFO] Resolving artifact: org.opentest4j:opentest4j:jar:1.2.0:test (sources = false)[0m
2026.03.09 20:45:09 INFO  [INFO] SUCCESS: org.opentest4j:opentest4j:jar:1.2.0:test (sources = false)[0m
2026.03.09 20:45:09 INFO  [INFO] Resolving artifact: org.opentest4j:opentest4j:jar:1.2.0:test (sources = true)[0m
2026.03.09 20:45:09 INFO  Downloading from central: https://repo.maven.apache.org/maven2/org/opentest4j/opentest4j/1.2.0/opentest4j-1.2.0-sources.jar[0m
2026.03.09 20:45:09 INFO  Progress (1): 7.7/8.4 kB[0m
2026.03.09 20:45:09 INFO  Progress (1): 8.2/8.4 kB[0m
2026.03.09 20:45:09 INFO  Progress (1): 8.4 kB    [0m
2026.03.09 20:45:09 INFO                      [0m
2026.03.09 20:45:09 INFO  Downloaded from central: https://repo.maven.apache.org/maven2/org/opentest4j/opentest4j/1.2.0/opentest4j-1.2.0-sources.jar (8.4 kB at 187 kB/s)[0m
2026.03.09 20:45:09 INFO  [INFO] SUCCESS: org.opentest4j:opentest4j:jar:1.2.0:test (sources = true)[0m
2026.03.09 20:45:09 INFO  [INFO] Resolving artifact: jakarta.persistence:jakarta.persistence-api:jar:2.2.3:compile (sources = false)[0m
2026.03.09 20:45:09 INFO  [INFO] SUCCESS: jakarta.persistence:jakarta.persistence-api:jar:2.2.3:compile (sources = false)[0m
2026.03.09 20:45:09 INFO  [INFO] Resolving artifact: jakarta.persistence:jakarta.persistence-api:jar:2.2.3:compile (sources = true)[0m
2026.03.09 20:45:09 INFO  Downloading from central: https://repo.maven.apache.org/maven2/jakarta/persistence/jakarta.persistence-api/2.2.3/jakarta.persistence-api-2.2.3-sources.jar[0m
2026.03.09 20:45:09 INFO  Progress (1): 7.7/264 kB[0m
2026.03.09 20:45:09 INFO  Progress (1): 12/264 kB [0m
2026.03.09 20:45:09 INFO  Progress (1): 29/264 kB[0m
2026.03.09 20:45:09 INFO  Progress (1): 45/264 kB[0m
2026.03.09 20:45:09 INFO  Progress (1): 61/264 kB[0m
2026.03.09 20:45:09 INFO  Progress (1): 78/264 kB[0m
2026.03.09 20:45:09 INFO  Progress (1): 94/264 kB[0m
2026.03.09 20:45:09 INFO  Progress (1): 111/264 kB[0m
2026.03.09 20:45:09 INFO  Progress (1): 127/264 kB[0m
2026.03.09 20:45:09 INFO  Progress (1): 143/264 kB[0m
2026.03.09 20:45:09 INFO  Progress (1): 160/264 kB[0m
2026.03.09 20:45:09 INFO  Progress (1): 176/264 kB[0m
2026.03.09 20:45:09 INFO  Progress (1): 193/264 kB[0m
2026.03.09 20:45:09 INFO  Progress (1): 209/264 kB[0m
2026.03.09 20:45:09 INFO  Progress (1): 225/264 kB[0m
2026.03.09 20:45:09 INFO  Progress (1): 242/264 kB[0m
2026.03.09 20:45:09 INFO  Progress (1): 258/264 kB[0m
2026.03.09 20:45:09 INFO  Progress (1): 264 kB    [0m
2026.03.09 20:45:09 INFO                      [0m
2026.03.09 20:45:09 INFO  Downloaded from central: https://repo.maven.apache.org/maven2/jakarta/persistence/jakarta.persistence-api/2.2.3/jakarta.persistence-api-2.2.3-sources.jar (264 kB at 1.4 MB/s)[0m
2026.03.09 20:45:09 INFO  [INFO] SUCCESS: jakarta.persistence:jakarta.persistence-api:jar:2.2.3:compile (sources = true)[0m
2026.03.09 20:45:09 INFO  [INFO] Resolving artifact: org.objenesis:objenesis:jar:2.6:test (sources = false)[0m
2026.03.09 20:45:09 INFO  [INFO] SUCCESS: org.objenesis:objenesis:jar:2.6:test (sources = false)[0m
2026.03.09 20:45:09 INFO  [INFO] Resolving artifact: org.objenesis:objenesis:jar:2.6:test (sources = true)[0m
2026.03.09 20:45:09 INFO  Downloading from central: https://repo.maven.apache.org/maven2/org/objenesis/objenesis/2.6/objenesis-2.6-sources.jar[0m
2026.03.09 20:45:09 INFO  Progress (1): 7.7/57 kB[0m
2026.03.09 20:45:09 INFO  Progress (1): 16/57 kB [0m
2026.03.09 20:45:09 INFO  Progress (1): 25/57 kB[0m
2026.03.09 20:45:09 INFO  Progress (1): 41/57 kB[0m
2026.03.09 20:45:09 INFO  Progress (1): 57 kB   [0m
2026.03.09 20:45:09 INFO                     [0m
2026.03.09 20:45:09 INFO  Downloaded from central: https://repo.maven.apache.org/maven2/org/objenesis/objenesis/2.6/objenesis-2.6-sources.jar (57 kB at 839 kB/s)[0m
2026.03.09 20:45:09 INFO  [INFO] SUCCESS: org.objenesis:objenesis:jar:2.6:test (sources = true)[0m
2026.03.09 20:45:09 INFO  [INFO] Resolving artifact: org.junit.platform:junit-platform-commons:jar:1.5.2:test (sources = false)[0m
2026.03.09 20:45:09 INFO  [INFO] SUCCESS: org.junit.platform:junit-platform-commons:jar:1.5.2:test (sources = false)[0m
2026.03.09 20:45:09 INFO  [INFO] Resolving artifact: org.junit.platform:junit-platform-commons:jar:1.5.2:test (sources = true)[0m
2026.03.09 20:45:09 INFO  Downloading from central: https://repo.maven.apache.org/maven2/org/junit/platform/junit-platform-commons/1.5.2/junit-platform-commons-1.5.2-sources.jar[0m
2026.03.09 20:45:09 INFO  Progress (1): 7.7/67 kB[0m
2026.03.09 20:45:09 INFO  Progress (1): 12/67 kB [0m
2026.03.09 20:45:09 INFO  Progress (1): 29/67 kB[0m
2026.03.09 20:45:09 INFO  Progress (1): 45/67 kB[0m
2026.03.09 20:45:09 INFO  Progress (1): 61/67 kB[0m
2026.03.09 20:45:09 INFO  Progress (1): 67 kB   [0m
2026.03.09 20:45:09 INFO                     [0m
2026.03.09 20:45:09 INFO  Downloaded from central: https://repo.maven.apache.org/maven2/org/junit/platform/junit-platform-commons/1.5.2/junit-platform-commons-1.5.2-sources.jar (67 kB at 425 kB/s)[0m
2026.03.09 20:45:09 INFO  [INFO] SUCCESS: org.junit.platform:junit-platform-commons:jar:1.5.2:test (sources = true)[0m
2026.03.09 20:45:09 INFO  [INFO] Resolving artifact: org.hibernate.common:hibernate-commons-annotations:jar:5.1.0.Final:compile (sources = false)[0m
2026.03.09 20:45:09 INFO  [INFO] SUCCESS: org.hibernate.common:hibernate-commons-annotations:jar:5.1.0.Final:compile (sources = false)[0m
2026.03.09 20:45:09 INFO  [INFO] Resolving artifact: org.hibernate.common:hibernate-commons-annotations:jar:5.1.0.Final:compile (sources = true)[0m
2026.03.09 20:45:09 INFO  Downloading from central: https://repo.maven.apache.org/maven2/org/hibernate/common/hibernate-commons-annotations/5.1.0.Final/hibernate-commons-annotations-5.1.0.Final-sources.jar[0m
2026.03.09 20:45:09 INFO  Progress (1): 8.2/50 kB[0m
2026.03.09 20:45:09 INFO  Progress (1): 25/50 kB [0m
2026.03.09 20:45:09 INFO  Progress (1): 41/50 kB[0m
2026.03.09 20:45:09 INFO  Progress (1): 50 kB   [0m
2026.03.09 20:45:09 INFO                     [0m
2026.03.09 20:45:09 INFO  Downloaded from central: https://repo.maven.apache.org/maven2/org/hibernate/common/hibernate-commons-annotations/5.1.0.Final/hibernate-commons-annotations-5.1.0.Final-sources.jar (50 kB at 361 kB/s)[0m
2026.03.09 20:45:09 INFO  [INFO] SUCCESS: org.hibernate.common:hibernate-commons-annotations:jar:5.1.0.Final:compile (sources = true)[0m
2026.03.09 20:45:09 INFO  [INFO] Resolving artifact: org.springframework:spring-test:jar:5.2.2.RELEASE:test (sources = false)[0m
2026.03.09 20:45:09 INFO  [INFO] SUCCESS: org.springframework:spring-test:jar:5.2.2.RELEASE:test (sources = false)[0m
2026.03.09 20:45:09 INFO  [INFO] Resolving artifact: org.springframework:spring-test:jar:5.2.2.RELEASE:test (sources = true)[0m
2026.03.09 20:45:09 INFO  Downloading from central: https://repo.maven.apache.org/maven2/org/springframework/spring-test/5.2.2.RELEASE/spring-test-5.2.2.RELEASE-sources.jar[0m
2026.03.09 20:45:09 INFO  Progress (1): 8.2/556 kB[0m
2026.03.09 20:45:09 INFO  Progress (1): 16/556 kB [0m
2026.03.09 20:45:09 INFO  Progress (1): 33/556 kB[0m
2026.03.09 20:45:09 INFO  Progress (1): 49/556 kB[0m
2026.03.09 20:45:09 INFO  Progress (1): 66/556 kB[0m
2026.03.09 20:45:09 INFO  Progress (1): 82/556 kB[0m
2026.03.09 20:45:09 INFO  Progress (1): 98/556 kB[0m
2026.03.09 20:45:09 INFO  Progress (1): 115/556 kB[0m
2026.03.09 20:45:09 INFO  Progress (1): 131/556 kB[0m
2026.03.09 20:45:09 INFO  Progress (1): 147/556 kB[0m
2026.03.09 20:45:09 INFO  Progress (1): 164/556 kB[0m
2026.03.09 20:45:09 INFO  Progress (1): 180/556 kB[0m
2026.03.09 20:45:09 INFO  Progress (1): 197/556 kB[0m
2026.03.09 20:45:09 INFO  Progress (1): 213/556 kB[0m
2026.03.09 20:45:10 INFO  Progress (1): 229/556 kB[0m
2026.03.09 20:45:10 INFO  Progress (1): 246/556 kB[0m
2026.03.09 20:45:10 INFO  Progress (1): 262/556 kB[0m
2026.03.09 20:45:10 INFO  Progress (1): 279/556 kB[0m
2026.03.09 20:45:10 INFO  Progress (1): 295/556 kB[0m
2026.03.09 20:45:10 INFO  Progress (1): 311/556 kB[0m
2026.03.09 20:45:10 INFO  Progress (1): 328/556 kB[0m
2026.03.09 20:45:10 INFO  Progress (1): 344/556 kB[0m
2026.03.09 20:45:10 INFO  Progress (1): 360/556 kB[0m
2026.03.09 20:45:10 INFO  Progress (1): 377/556 kB[0m
2026.03.09 20:45:10 INFO  Progress (1): 393/556 kB[0m
2026.03.09 20:45:10 INFO  Progress (1): 410/556 kB[0m
2026.03.09 20:45:10 INFO  Progress (1): 426/556 kB[0m
2026.03.09 20:45:10 INFO  Progress (1): 442/556 kB[0m
2026.03.09 20:45:10 INFO  Progress (1): 459/556 kB[0m
2026.03.09 20:45:10 INFO  Progress (1): 475/556 kB[0m
2026.03.09 20:45:10 INFO  Progress (1): 492/556 kB[0m
2026.03.09 20:45:10 INFO  Progress (1): 508/556 kB[0m
2026.03.09 20:45:10 INFO  Progress (1): 524/556 kB[0m
2026.03.09 20:45:10 INFO  Progress (1): 541/556 kB[0m
2026.03.09 20:45:10 INFO  Progress (1): 556 kB    [0m
2026.03.09 20:45:10 INFO                      [0m
2026.03.09 20:45:10 INFO  Downloaded from central: https://repo.maven.apache.org/maven2/org/springframework/spring-test/5.2.2.RELEASE/spring-test-5.2.2.RELEASE-sources.jar (556 kB at 403 kB/s)[0m
2026.03.09 20:45:10 INFO  [INFO] SUCCESS: org.springframework:spring-test:jar:5.2.2.RELEASE:test (sources = true)[0m
2026.03.09 20:45:10 INFO  [INFO] Resolving artifact: ch.qos.logback:logback-classic:jar:1.2.3:compile (sources = false)[0m
2026.03.09 20:45:10 INFO  [INFO] SUCCESS: ch.qos.logback:logback-classic:jar:1.2.3:compile (sources = false)[0m
2026.03.09 20:45:10 INFO  [INFO] Resolving artifact: ch.qos.logback:logback-classic:jar:1.2.3:compile (sources = true)[0m
2026.03.09 20:45:10 INFO  Downloading from central: https://repo.maven.apache.org/maven2/ch/qos/logback/logback-classic/1.2.3/logback-classic-1.2.3-sources.jar[0m
2026.03.09 20:45:10 INFO  Progress (1): 7.7/230 kB[0m
2026.03.09 20:45:10 INFO  Progress (1): 16/230 kB [0m
2026.03.09 20:45:10 INFO  Progress (1): 25/230 kB[0m
2026.03.09 20:45:10 INFO  Progress (1): 41/230 kB[0m
2026.03.09 20:45:10 INFO  Progress (1): 57/230 kB[0m
2026.03.09 20:45:11 INFO  Progress (1): 74/230 kB[0m
2026.03.09 20:45:11 INFO  Progress (1): 90/230 kB[0m
2026.03.09 20:45:11 INFO  Progress (1): 106/230 kB[0m
2026.03.09 20:45:11 INFO  Progress (1): 123/230 kB[0m
2026.03.09 20:45:11 INFO  Progress (1): 139/230 kB[0m
2026.03.09 20:45:11 INFO  Progress (1): 156/230 kB[0m
2026.03.09 20:45:11 INFO  Progress (1): 172/230 kB[0m
2026.03.09 20:45:11 INFO  Progress (1): 188/230 kB[0m
2026.03.09 20:45:11 INFO  Progress (1): 205/230 kB[0m
2026.03.09 20:45:11 INFO  Progress (1): 221/230 kB[0m
2026.03.09 20:45:11 INFO  Progress (1): 230 kB    [0m
2026.03.09 20:45:11 INFO                      [0m
2026.03.09 20:45:11 INFO  Downloaded from central: https://repo.maven.apache.org/maven2/ch/qos/logback/logback-classic/1.2.3/logback-classic-1.2.3-sources.jar (230 kB at 1.4 MB/s)[0m
2026.03.09 20:45:11 INFO  [INFO] SUCCESS: ch.qos.logback:logback-classic:jar:1.2.3:compile (sources = true)[0m
2026.03.09 20:45:11 INFO  [INFO] Resolving artifact: org.apache.tomcat.embed:tomcat-embed-el:jar:9.0.29:compile (sources = false)[0m
2026.03.09 20:45:11 INFO  [INFO] SUCCESS: org.apache.tomcat.embed:tomcat-embed-el:jar:9.0.29:compile (sources = false)[0m
2026.03.09 20:45:11 INFO  [INFO] Resolving artifact: org.apache.tomcat.embed:tomcat-embed-el:jar:9.0.29:compile (sources = true)[0m
2026.03.09 20:45:11 INFO  Downloading from central: https://repo.maven.apache.org/maven2/org/apache/tomcat/embed/tomcat-embed-el/9.0.29/tomcat-embed-el-9.0.29-sources.jar[0m
2026.03.09 20:45:11 INFO  Progress (1): 7.7/196 kB[0m
2026.03.09 20:45:11 INFO  Progress (1): 12/196 kB [0m
2026.03.09 20:45:11 INFO  Progress (1): 29/196 kB[0m
2026.03.09 20:45:11 INFO  Progress (1): 45/196 kB[0m
2026.03.09 20:45:11 INFO  Progress (1): 61/196 kB[0m
2026.03.09 20:45:11 INFO  Progress (1): 78/196 kB[0m
2026.03.09 20:45:11 INFO  Progress (1): 94/196 kB[0m
2026.03.09 20:45:11 INFO  Progress (1): 111/196 kB[0m
2026.03.09 20:45:11 INFO  Progress (1): 127/196 kB[0m
2026.03.09 20:45:11 INFO  Progress (1): 143/196 kB[0m
2026.03.09 20:45:11 INFO  Progress (1): 160/196 kB[0m
2026.03.09 20:45:11 INFO  Progress (1): 176/196 kB[0m
2026.03.09 20:45:11 INFO  Progress (1): 193/196 kB[0m
2026.03.09 20:45:11 INFO  Progress (1): 196 kB    [0m
2026.03.09 20:45:11 INFO                      [0m
2026.03.09 20:45:11 INFO  Downloaded from central: https://repo.maven.apache.org/maven2/org/apache/tomcat/embed/tomcat-embed-el/9.0.29/tomcat-embed-el-9.0.29-sources.jar (196 kB at 1.1 MB/s)[0m
2026.03.09 20:45:11 INFO  [INFO] SUCCESS: org.apache.tomcat.embed:tomcat-embed-el:jar:9.0.29:compile (sources = true)[0m
2026.03.09 20:45:11 INFO  [INFO] Resolving artifact: io.swagger:swagger-models:jar:1.5.14:compile (sources = false)[0m
2026.03.09 20:45:11 INFO  [INFO] SUCCESS: io.swagger:swagger-models:jar:1.5.14:compile (sources = false)[0m
2026.03.09 20:45:11 INFO  [INFO] Resolving artifact: io.swagger:swagger-models:jar:1.5.14:compile (sources = true)[0m
2026.03.09 20:45:11 INFO  Downloading from central: https://repo.maven.apache.org/maven2/io/swagger/swagger-models/1.5.14/swagger-models-1.5.14-sources.jar[0m
2026.03.09 20:45:11 INFO  Progress (1): 7.7/64 kB[0m
2026.03.09 20:45:11 INFO  Progress (1): 12/64 kB [0m
2026.03.09 20:45:11 INFO  Progress (1): 29/64 kB[0m
2026.03.09 20:45:11 INFO  Progress (1): 45/64 kB[0m
2026.03.09 20:45:11 INFO  Progress (1): 61/64 kB[0m
2026.03.09 20:45:11 INFO  Progress (1): 64 kB   [0m
2026.03.09 20:45:11 INFO                     [0m
2026.03.09 20:45:11 INFO  Downloaded from central: https://repo.maven.apache.org/maven2/io/swagger/swagger-models/1.5.14/swagger-models-1.5.14-sources.jar (64 kB at 755 kB/s)[0m
2026.03.09 20:45:11 INFO  [INFO] SUCCESS: io.swagger:swagger-models:jar:1.5.14:compile (sources = true)[0m
2026.03.09 20:45:11 INFO  [INFO] Resolving artifact: org.assertj:assertj-core:jar:3.13.2:test (sources = false)[0m
2026.03.09 20:45:11 INFO  [INFO] SUCCESS: org.assertj:assertj-core:jar:3.13.2:test (sources = false)[0m
2026.03.09 20:45:11 INFO  [INFO] Resolving artifact: org.assertj:assertj-core:jar:3.13.2:test (sources = true)[0m
2026.03.09 20:45:11 INFO  Downloading from central: https://repo.maven.apache.org/maven2/org/assertj/assertj-core/3.13.2/assertj-core-3.13.2-sources.jar[0m
2026.03.09 20:45:11 INFO  Progress (1): 0/1.1 MB[0m
2026.03.09 20:45:11 INFO  Progress (1): 0/1.1 MB[0m
2026.03.09 20:45:11 INFO  Progress (1): 0/1.1 MB[0m
2026.03.09 20:45:11 INFO  Progress (1): 0/1.1 MB[0m
2026.03.09 20:45:11 INFO  Progress (1): 0.1/1.1 MB[0m
2026.03.09 20:45:11 INFO  Progress (1): 0.1/1.1 MB[0m
2026.03.09 20:45:11 INFO  Progress (1): 0.1/1.1 MB[0m
2026.03.09 20:45:11 INFO  Progress (1): 0.1/1.1 MB[0m
2026.03.09 20:45:11 INFO  Progress (1): 0.1/1.1 MB[0m
2026.03.09 20:45:11 INFO  Progress (1): 0.1/1.1 MB[0m
2026.03.09 20:45:11 INFO  Progress (1): 0.1/1.1 MB[0m
2026.03.09 20:45:11 INFO  Progress (1): 0.2/1.1 MB[0m
2026.03.09 20:45:11 INFO  Progress (1): 0.2/1.1 MB[0m
2026.03.09 20:45:11 INFO  Progress (1): 0.2/1.1 MB[0m
2026.03.09 20:45:11 INFO  Progress (1): 0.2/1.1 MB[0m
2026.03.09 20:45:11 INFO  Progress (1): 0.2/1.1 MB[0m
2026.03.09 20:45:11 INFO  Progress (1): 0.2/1.1 MB[0m
2026.03.09 20:45:11 INFO  Progress (1): 0.2/1.1 MB[0m
2026.03.09 20:45:11 INFO  Progress (1): 0.3/1.1 MB[0m
2026.03.09 20:45:11 INFO  Progress (1): 0.3/1.1 MB[0m
2026.03.09 20:45:11 INFO  Progress (1): 0.3/1.1 MB[0m
2026.03.09 20:45:11 INFO  Progress (1): 0.3/1.1 MB[0m
2026.03.09 20:45:11 INFO  Progress (1): 0.3/1.1 MB[0m
2026.03.09 20:45:11 INFO  Progress (1): 0.3/1.1 MB[0m
2026.03.09 20:45:11 INFO  Progress (1): 0.4/1.1 MB[0m
2026.03.09 20:45:11 INFO  Progress (1): 0.4/1.1 MB[0m
2026.03.09 20:45:11 INFO  Progress (1): 0.4/1.1 MB[0m
2026.03.09 20:45:11 INFO  Progress (1): 0.4/1.1 MB[0m
2026.03.09 20:45:11 INFO  Progress (1): 0.4/1.1 MB[0m
2026.03.09 20:45:11 INFO  Progress (1): 0.4/1.1 MB[0m
2026.03.09 20:45:11 INFO  Progress (1): 0.5/1.1 MB[0m
2026.03.09 20:45:11 INFO  Progress (1): 0.5/1.1 MB[0m
2026.03.09 20:45:11 INFO  Progress (1): 0.5/1.1 MB[0m
2026.03.09 20:45:11 INFO  Progress (1): 0.5/1.1 MB[0m
2026.03.09 20:45:11 INFO  Progress (1): 0.5/1.1 MB[0m
2026.03.09 20:45:11 INFO  Progress (1): 0.5/1.1 MB[0m
2026.03.09 20:45:11 INFO  Progress (1): 0.6/1.1 MB[0m
2026.03.09 20:45:11 INFO  Progress (1): 0.6/1.1 MB[0m
2026.03.09 20:45:11 INFO  Progress (1): 0.6/1.1 MB[0m
2026.03.09 20:45:11 INFO  Progress (1): 0.6/1.1 MB[0m
2026.03.09 20:45:11 INFO  Progress (1): 0.6/1.1 MB[0m
2026.03.09 20:45:11 INFO  Progress (1): 0.6/1.1 MB[0m
2026.03.09 20:45:11 INFO  Progress (1): 0.7/1.1 MB[0m
2026.03.09 20:45:11 INFO  Progress (1): 0.7/1.1 MB[0m
2026.03.09 20:45:11 INFO  Progress (1): 0.7/1.1 MB[0m
2026.03.09 20:45:11 INFO  Progress (1): 0.7/1.1 MB[0m
2026.03.09 20:45:11 INFO  Progress (1): 0.7/1.1 MB[0m
2026.03.09 20:45:11 INFO  Progress (1): 0.7/1.1 MB[0m
2026.03.09 20:45:11 INFO  Progress (1): 0.8/1.1 MB[0m
2026.03.09 20:45:11 INFO  Progress (1): 0.8/1.1 MB[0m
2026.03.09 20:45:11 INFO  Progress (1): 0.8/1.1 MB[0m
2026.03.09 20:45:11 INFO  Progress (1): 0.8/1.1 MB[0m
2026.03.09 20:45:11 INFO  Progress (1): 0.8/1.1 MB[0m
2026.03.09 20:45:11 INFO  Progress (1): 0.8/1.1 MB[0m
2026.03.09 20:45:11 INFO  Progress (1): 0.9/1.1 MB[0m
2026.03.09 20:45:11 INFO  Progress (1): 0.9/1.1 MB[0m
2026.03.09 20:45:11 INFO  Progress (1): 0.9/1.1 MB[0m
2026.03.09 20:45:11 INFO  Progress (1): 0.9/1.1 MB[0m
2026.03.09 20:45:11 INFO  Progress (1): 0.9/1.1 MB[0m
2026.03.09 20:45:11 INFO  Progress (1): 0.9/1.1 MB[0m
2026.03.09 20:45:11 INFO  Progress (1): 1.0/1.1 MB[0m
2026.03.09 20:45:11 INFO  Progress (1): 1.0/1.1 MB[0m
2026.03.09 20:45:11 INFO  Progress (1): 1.0/1.1 MB[0m
2026.03.09 20:45:11 INFO  Progress (1): 1.0/1.1 MB[0m
2026.03.09 20:45:11 INFO  Progress (1): 1.0/1.1 MB[0m
2026.03.09 20:45:11 INFO  Progress (1): 1.0/1.1 MB[0m
2026.03.09 20:45:11 INFO  Progress (1): 1.0/1.1 MB[0m
2026.03.09 20:45:11 INFO  Progress (1): 1.1/1.1 MB[0m
2026.03.09 20:45:12 INFO  Progress (1): 1.1 MB    [0m
2026.03.09 20:45:12 INFO                      [0m
2026.03.09 20:45:12 INFO  Downloaded from central: https://repo.maven.apache.org/maven2/org/assertj/assertj-core/3.13.2/assertj-core-3.13.2-sources.jar (1.1 MB at 997 kB/s)[0m
2026.03.09 20:45:12 INFO  [INFO] SUCCESS: org.assertj:assertj-core:jar:3.13.2:test (sources = true)[0m
2026.03.09 20:45:12 INFO  [INFO] Resolving artifact: com.google.guava:guava:jar:20.0:compile (sources = false)[0m
2026.03.09 20:45:12 INFO  [INFO] SUCCESS: com.google.guava:guava:jar:20.0:compile (sources = false)[0m
2026.03.09 20:45:12 INFO  [INFO] Resolving artifact: com.google.guava:guava:jar:20.0:compile (sources = true)[0m
2026.03.09 20:45:12 INFO  Downloading from central: https://repo.maven.apache.org/maven2/com/google/guava/guava/20.0/guava-20.0-sources.jar[0m
2026.03.09 20:45:12 INFO  Progress (1): 0/1.5 MB[0m
2026.03.09 20:45:12 INFO  Progress (1): 0/1.5 MB[0m
2026.03.09 20:45:12 INFO  Progress (1): 0/1.5 MB[0m
2026.03.09 20:45:12 INFO  Progress (1): 0/1.5 MB[0m
2026.03.09 20:45:12 INFO  Progress (1): 0.1/1.5 MB[0m
2026.03.09 20:45:12 INFO  Progress (1): 0.1/1.5 MB[0m
2026.03.09 20:45:12 INFO  Progress (1): 0.1/1.5 MB[0m
2026.03.09 20:45:12 INFO  Progress (1): 0.1/1.5 MB[0m
2026.03.09 20:45:12 INFO  Progress (1): 0.1/1.5 MB[0m
2026.03.09 20:45:12 INFO  Progress (1): 0.1/1.5 MB[0m
2026.03.09 20:45:12 INFO  Progress (1): 0.2/1.5 MB[0m
2026.03.09 20:45:12 INFO  Progress (1): 0.2/1.5 MB[0m
2026.03.09 20:45:12 INFO  Progress (1): 0.2/1.5 MB[0m
2026.03.09 20:45:12 INFO  Progress (1): 0.2/1.5 MB[0m
2026.03.09 20:45:12 INFO  Progress (1): 0.2/1.5 MB[0m
2026.03.09 20:45:12 INFO  Progress (1): 0.2/1.5 MB[0m
2026.03.09 20:45:12 INFO  Progress (1): 0.3/1.5 MB[0m
2026.03.09 20:45:12 INFO  Progress (1): 0.3/1.5 MB[0m
2026.03.09 20:45:12 INFO  Progress (1): 0.3/1.5 MB[0m
2026.03.09 20:45:12 INFO  Progress (1): 0.3/1.5 MB[0m
2026.03.09 20:45:12 INFO  Progress (1): 0.3/1.5 MB[0m
2026.03.09 20:45:12 INFO  Progress (1): 0.3/1.5 MB[0m
2026.03.09 20:45:12 INFO  Progress (1): 0.4/1.5 MB[0m
2026.03.09 20:45:12 INFO  Progress (1): 0.4/1.5 MB[0m
2026.03.09 20:45:12 INFO  Progress (1): 0.4/1.5 MB[0m
2026.03.09 20:45:12 INFO  Progress (1): 0.4/1.5 MB[0m
2026.03.09 20:45:12 INFO  Progress (1): 0.4/1.5 MB[0m
2026.03.09 20:45:12 INFO  Progress (1): 0.4/1.5 MB[0m
2026.03.09 20:45:12 INFO  Progress (1): 0.4/1.5 MB[0m
2026.03.09 20:45:12 INFO  Progress (1): 0.5/1.5 MB[0m
2026.03.09 20:45:12 INFO  Progress (1): 0.5/1.5 MB[0m
2026.03.09 20:45:12 INFO  Progress (1): 0.5/1.5 MB[0m
2026.03.09 20:45:12 INFO  Progress (1): 0.5/1.5 MB[0m
2026.03.09 20:45:12 INFO  Progress (1): 0.5/1.5 MB[0m
2026.03.09 20:45:12 INFO  Progress (1): 0.5/1.5 MB[0m
2026.03.09 20:45:12 INFO  Progress (1): 0.6/1.5 MB[0m
2026.03.09 20:45:12 INFO  Progress (1): 0.6/1.5 MB[0m
2026.03.09 20:45:12 INFO  Progress (1): 0.6/1.5 MB[0m
2026.03.09 20:45:12 INFO  Progress (1): 0.6/1.5 MB[0m
2026.03.09 20:45:12 INFO  Progress (1): 0.6/1.5 MB[0m
2026.03.09 20:45:12 INFO  Progress (1): 0.6/1.5 MB[0m
2026.03.09 20:45:12 INFO  Progress (1): 0.7/1.5 MB[0m
2026.03.09 20:45:12 INFO  Progress (1): 0.7/1.5 MB[0m
2026.03.09 20:45:12 INFO  Progress (1): 0.7/1.5 MB[0m
2026.03.09 20:45:12 INFO  Progress (1): 0.7/1.5 MB[0m
2026.03.09 20:45:12 INFO  Progress (1): 0.7/1.5 MB[0m
2026.03.09 20:45:12 INFO  Progress (1): 0.7/1.5 MB[0m
2026.03.09 20:45:12 INFO  Progress (1): 0.8/1.5 MB[0m
2026.03.09 20:45:12 INFO  Progress (1): 0.8/1.5 MB[0m
2026.03.09 20:45:12 INFO  Progress (1): 0.8/1.5 MB[0m
2026.03.09 20:45:12 INFO  Progress (1): 0.8/1.5 MB[0m
2026.03.09 20:45:12 INFO  Progress (1): 0.8/1.5 MB[0m
2026.03.09 20:45:12 INFO  Progress (1): 0.8/1.5 MB[0m
2026.03.09 20:45:12 INFO  Progress (1): 0.9/1.5 MB[0m
2026.03.09 20:45:12 INFO  Progress (1): 0.9/1.5 MB[0m
2026.03.09 20:45:12 INFO  Progress (1): 0.9/1.5 MB[0m
2026.03.09 20:45:12 INFO  Progress (1): 0.9/1.5 MB[0m
2026.03.09 20:45:12 INFO  Progress (1): 0.9/1.5 MB[0m
2026.03.09 20:45:12 INFO  Progress (1): 0.9/1.5 MB[0m
2026.03.09 20:45:12 INFO  Progress (1): 1.0/1.5 MB[0m
2026.03.09 20:45:12 INFO  Progress (1): 1.0/1.5 MB[0m
2026.03.09 20:45:12 INFO  Progress (1): 1.0/1.5 MB[0m
2026.03.09 20:45:12 INFO  Progress (1): 1.0/1.5 MB[0m
2026.03.09 20:45:12 INFO  Progress (1): 1.0/1.5 MB[0m
2026.03.09 20:45:12 INFO  Progress (1): 1.0/1.5 MB[0m
2026.03.09 20:45:12 INFO  Progress (1): 1.1/1.5 MB[0m
2026.03.09 20:45:12 INFO  Progress (1): 1.1/1.5 MB[0m
2026.03.09 20:45:12 INFO  Progress (1): 1.1/1.5 MB[0m
2026.03.09 20:45:12 INFO  Progress (1): 1.1/1.5 MB[0m
2026.03.09 20:45:12 INFO  Progress (1): 1.1/1.5 MB[0m
2026.03.09 20:45:12 INFO  Progress (1): 1.1/1.5 MB[0m
2026.03.09 20:45:12 INFO  Progress (1): 1.2/1.5 MB[0m
2026.03.09 20:45:12 INFO  Progress (1): 1.2/1.5 MB[0m
2026.03.09 20:45:12 INFO  Progress (1): 1.2/1.5 MB[0m
2026.03.09 20:45:12 INFO  Progress (1): 1.2/1.5 MB[0m
2026.03.09 20:45:12 INFO  Progress (1): 1.2/1.5 MB[0m
2026.03.09 20:45:12 INFO  Progress (1): 1.2/1.5 MB[0m
2026.03.09 20:45:12 INFO  Progress (1): 1.2/1.5 MB[0m
2026.03.09 20:45:12 INFO  Progress (1): 1.3/1.5 MB[0m
2026.03.09 20:45:12 INFO  Progress (1): 1.3/1.5 MB[0m
2026.03.09 20:45:12 INFO  Progress (1): 1.3/1.5 MB[0m
2026.03.09 20:45:12 INFO  Progress (1): 1.3/1.5 MB[0m
2026.03.09 20:45:12 INFO  Progress (1): 1.3/1.5 MB[0m
2026.03.09 20:45:12 INFO  Progress (1): 1.3/1.5 MB[0m
2026.03.09 20:45:12 INFO  Progress (1): 1.4/1.5 MB[0m
2026.03.09 20:45:12 INFO  Progress (1): 1.4/1.5 MB[0m
2026.03.09 20:45:12 INFO  Progress (1): 1.4/1.5 MB[0m
2026.03.09 20:45:12 INFO  Progress (1): 1.4/1.5 MB[0m
2026.03.09 20:45:12 INFO  Progress (1): 1.4/1.5 MB[0m
2026.03.09 20:45:12 INFO  Progress (1): 1.4/1.5 MB[0m
2026.03.09 20:45:12 INFO  Progress (1): 1.5 MB    [0m
2026.03.09 20:45:12 INFO                      [0m
2026.03.09 20:45:12 INFO  Downloaded from central: https://repo.maven.apache.org/maven2/com/google/guava/guava/20.0/guava-20.0-sources.jar (1.5 MB at 1.9 MB/s)[0m
2026.03.09 20:45:12 INFO  [INFO] SUCCESS: com.google.guava:guava:jar:20.0:compile (sources = true)[0m
2026.03.09 20:45:12 INFO  [INFO] Resolving artifact: com.fasterxml.jackson.core:jackson-core:jar:2.10.1:compile (sources = false)[0m
2026.03.09 20:45:12 INFO  [INFO] SUCCESS: com.fasterxml.jackson.core:jackson-core:jar:2.10.1:compile (sources = false)[0m
2026.03.09 20:45:12 INFO  [INFO] Resolving artifact: com.fasterxml.jackson.core:jackson-core:jar:2.10.1:compile (sources = true)[0m
2026.03.09 20:45:12 INFO  Downloading from central: https://repo.maven.apache.org/maven2/com/fasterxml/jackson/core/jackson-core/2.10.1/jackson-core-2.10.1-sources.jar[0m
2026.03.09 20:45:12 INFO  Progress (1): 7.7/365 kB[0m
2026.03.09 20:45:12 INFO  Progress (1): 16/365 kB [0m
2026.03.09 20:45:12 INFO  Progress (1): 32/365 kB[0m
2026.03.09 20:45:12 INFO  Progress (1): 49/365 kB[0m
2026.03.09 20:45:12 INFO  Progress (1): 65/365 kB[0m
2026.03.09 20:45:12 INFO  Progress (1): 81/365 kB[0m
2026.03.09 20:45:12 INFO  Progress (1): 98/365 kB[0m
2026.03.09 20:45:12 INFO  Progress (1): 114/365 kB[0m
2026.03.09 20:45:12 INFO  Progress (1): 131/365 kB[0m
2026.03.09 20:45:12 INFO  Progress (1): 147/365 kB[0m
2026.03.09 20:45:12 INFO  Progress (1): 163/365 kB[0m
2026.03.09 20:45:12 INFO  Progress (1): 180/365 kB[0m
2026.03.09 20:45:12 INFO  Progress (1): 196/365 kB[0m
2026.03.09 20:45:12 INFO  Progress (1): 197/365 kB[0m
2026.03.09 20:45:12 INFO  Progress (1): 213/365 kB[0m
2026.03.09 20:45:12 INFO  Progress (1): 229/365 kB[0m
2026.03.09 20:45:12 INFO  Progress (1): 246/365 kB[0m
2026.03.09 20:45:12 INFO  Progress (1): 262/365 kB[0m
2026.03.09 20:45:12 INFO  Progress (1): 279/365 kB[0m
2026.03.09 20:45:13 INFO  Progress (1): 295/365 kB[0m
2026.03.09 20:45:13 INFO  Progress (1): 311/365 kB[0m
2026.03.09 20:45:13 INFO  Progress (1): 328/365 kB[0m
2026.03.09 20:45:13 INFO  Progress (1): 344/365 kB[0m
2026.03.09 20:45:13 INFO  Progress (1): 360/365 kB[0m
2026.03.09 20:45:13 INFO  Progress (1): 365 kB    [0m
2026.03.09 20:45:13 INFO                      [0m
2026.03.09 20:45:13 INFO  Downloaded from central: https://repo.maven.apache.org/maven2/com/fasterxml/jackson/core/jackson-core/2.10.1/jackson-core-2.10.1-sources.jar (365 kB at 1.5 MB/s)[0m
2026.03.09 20:45:13 INFO  [INFO] SUCCESS: com.fasterxml.jackson.core:jackson-core:jar:2.10.1:compile (sources = true)[0m
2026.03.09 20:45:13 INFO  [INFO] Resolving artifact: org.springframework.boot:spring-boot-devtools:jar:2.2.2.RELEASE:runtime (sources = false)[0m
2026.03.09 20:45:13 INFO  [INFO] SUCCESS: org.springframework.boot:spring-boot-devtools:jar:2.2.2.RELEASE:runtime (sources = false)[0m
2026.03.09 20:45:13 INFO  [INFO] Resolving artifact: org.springframework.boot:spring-boot-devtools:jar:2.2.2.RELEASE:runtime (sources = true)[0m
2026.03.09 20:45:13 INFO  Downloading from central: https://repo.maven.apache.org/maven2/org/springframework/boot/spring-boot-devtools/2.2.2.RELEASE/spring-boot-devtools-2.2.2.RELEASE-sources.jar[0m
2026.03.09 20:45:13 INFO  Progress (1): 8.2/154 kB[0m
2026.03.09 20:45:13 INFO  Progress (1): 16/154 kB [0m
2026.03.09 20:45:13 INFO  Progress (1): 33/154 kB[0m
2026.03.09 20:45:13 INFO  Progress (1): 41/154 kB[0m
2026.03.09 20:45:13 INFO  Progress (1): 49/154 kB[0m
2026.03.09 20:45:13 INFO  Progress (1): 66/154 kB[0m
2026.03.09 20:45:13 INFO  Progress (1): 82/154 kB[0m
2026.03.09 20:45:13 INFO  Progress (1): 98/154 kB[0m
2026.03.09 20:45:13 INFO  Progress (1): 115/154 kB[0m
2026.03.09 20:45:13 INFO  Progress (1): 131/154 kB[0m
2026.03.09 20:45:13 INFO  Progress (1): 147/154 kB[0m
2026.03.09 20:45:13 INFO  Progress (1): 154 kB    [0m
2026.03.09 20:45:13 INFO                      [0m
2026.03.09 20:45:13 INFO  Downloaded from central: https://repo.maven.apache.org/maven2/org/springframework/boot/spring-boot-devtools/2.2.2.RELEASE/spring-boot-devtools-2.2.2.RELEASE-sources.jar (154 kB at 743 kB/s)[0m
2026.03.09 20:45:13 INFO  [INFO] SUCCESS: org.springframework.boot:spring-boot-devtools:jar:2.2.2.RELEASE:runtime (sources = true)[0m
2026.03.09 20:45:13 INFO  [INFO] Resolving artifact: org.springframework.boot:spring-boot-starter-data-jpa:jar:2.2.2.RELEASE:compile (sources = false)[0m
2026.03.09 20:45:13 INFO  [INFO] SUCCESS: org.springframework.boot:spring-boot-starter-data-jpa:jar:2.2.2.RELEASE:compile (sources = false)[0m
2026.03.09 20:45:13 INFO  [INFO] Resolving artifact: org.springframework.boot:spring-boot-starter-data-jpa:jar:2.2.2.RELEASE:compile (sources = true)[0m
2026.03.09 20:45:13 INFO  Downloading from central: https://repo.maven.apache.org/maven2/org/springframework/boot/spring-boot-starter-data-jpa/2.2.2.RELEASE/spring-boot-starter-data-jpa-2.2.2.RELEASE-sources.jar[0m
2026.03.09 20:45:13 INFO  Progress (1): 2.3 kB[0m
2026.03.09 20:45:13 INFO                      [0m
2026.03.09 20:45:13 INFO  Downloaded from central: https://repo.maven.apache.org/maven2/org/springframework/boot/spring-boot-starter-data-jpa/2.2.2.RELEASE/spring-boot-starter-data-jpa-2.2.2.RELEASE-sources.jar (2.3 kB at 20 kB/s)[0m
2026.03.09 20:45:13 INFO  [INFO] SUCCESS: org.springframework.boot:spring-boot-starter-data-jpa:jar:2.2.2.RELEASE:compile (sources = true)[0m
2026.03.09 20:45:13 INFO  [INFO] Resolving artifact: org.jboss:jandex:jar:2.1.1.Final:compile (sources = false)[0m
2026.03.09 20:45:13 INFO  [INFO] SUCCESS: org.jboss:jandex:jar:2.1.1.Final:compile (sources = false)[0m
2026.03.09 20:45:13 INFO  [INFO] Resolving artifact: org.jboss:jandex:jar:2.1.1.Final:compile (sources = true)[0m
2026.03.09 20:45:13 INFO  Downloading from central: https://repo.maven.apache.org/maven2/org/jboss/jandex/2.1.1.Final/jandex-2.1.1.Final-sources.jar[0m
2026.03.09 20:45:13 INFO  Progress (1): 7.7/128 kB[0m
2026.03.09 20:45:13 INFO  Progress (1): 16/128 kB [0m
2026.03.09 20:45:13 INFO  Progress (1): 25/128 kB[0m
2026.03.09 20:45:13 INFO  Progress (1): 41/128 kB[0m
2026.03.09 20:45:13 INFO  Progress (1): 57/128 kB[0m
2026.03.09 20:45:13 INFO  Progress (1): 74/128 kB[0m
2026.03.09 20:45:13 INFO  Progress (1): 90/128 kB[0m
2026.03.09 20:45:13 INFO  Progress (1): 106/128 kB[0m
2026.03.09 20:45:13 INFO  Progress (1): 123/128 kB[0m
2026.03.09 20:45:13 INFO  Progress (1): 128 kB    [0m
2026.03.09 20:45:13 INFO                      [0m
2026.03.09 20:45:13 INFO  Downloaded from central: https://repo.maven.apache.org/maven2/org/jboss/jandex/2.1.1.Final/jandex-2.1.1.Final-sources.jar (128 kB at 1.3 MB/s)[0m
2026.03.09 20:45:13 INFO  [INFO] SUCCESS: org.jboss:jandex:jar:2.1.1.Final:compile (sources = true)[0m
2026.03.09 20:45:13 INFO  [INFO] Resolving artifact: org.apache.tomcat.embed:tomcat-embed-core:jar:9.0.29:compile (sources = false)[0m
2026.03.09 20:45:13 INFO  [INFO] SUCCESS: org.apache.tomcat.embed:tomcat-embed-core:jar:9.0.29:compile (sources = false)[0m
2026.03.09 20:45:13 INFO  [INFO] Resolving artifact: org.apache.tomcat.embed:tomcat-embed-core:jar:9.0.29:compile (sources = true)[0m
2026.03.09 20:45:13 INFO  Downloading from central: https://repo.maven.apache.org/maven2/org/apache/tomcat/embed/tomcat-embed-core/9.0.29/tomcat-embed-core-9.0.29-sources.jar[0m
2026.03.09 20:45:13 INFO  Progress (1): 0/2.9 MB[0m
2026.03.09 20:45:13 INFO  Progress (1): 0/2.9 MB[0m
2026.03.09 20:45:13 INFO  Progress (1): 0/2.9 MB[0m
2026.03.09 20:45:13 INFO  Progress (1): 0.1/2.9 MB[0m
2026.03.09 20:45:13 INFO  Progress (1): 0.1/2.9 MB[0m
2026.03.09 20:45:13 INFO  Progress (1): 0.1/2.9 MB[0m
2026.03.09 20:45:13 INFO  Progress (1): 0.1/2.9 MB[0m
2026.03.09 20:45:13 INFO  Progress (1): 0.1/2.9 MB[0m
2026.03.09 20:45:13 INFO  Progress (1): 0.1/2.9 MB[0m
2026.03.09 20:45:13 INFO  Progress (1): 0.2/2.9 MB[0m
2026.03.09 20:45:13 INFO  Progress (1): 0.2/2.9 MB[0m
2026.03.09 20:45:13 INFO  Progress (1): 0.2/2.9 MB[0m
2026.03.09 20:45:13 INFO  Progress (1): 0.2/2.9 MB[0m
2026.03.09 20:45:13 INFO  Progress (1): 0.2/2.9 MB[0m
2026.03.09 20:45:13 INFO  Progress (1): 0.2/2.9 MB[0m
2026.03.09 20:45:13 INFO  Progress (1): 0.3/2.9 MB[0m
2026.03.09 20:45:13 INFO  Progress (1): 0.3/2.9 MB[0m
2026.03.09 20:45:13 INFO  Progress (1): 0.3/2.9 MB[0m
2026.03.09 20:45:13 INFO  Progress (1): 0.3/2.9 MB[0m
2026.03.09 20:45:13 INFO  Progress (1): 0.3/2.9 MB[0m
2026.03.09 20:45:13 INFO  Progress (1): 0.3/2.9 MB[0m
2026.03.09 20:45:13 INFO  Progress (1): 0.4/2.9 MB[0m
2026.03.09 20:45:13 INFO  Progress (1): 0.4/2.9 MB[0m
2026.03.09 20:45:13 INFO  Progress (1): 0.4/2.9 MB[0m
2026.03.09 20:45:13 INFO  Progress (1): 0.4/2.9 MB[0m
2026.03.09 20:45:13 INFO  Progress (1): 0.4/2.9 MB[0m
2026.03.09 20:45:13 INFO  Progress (1): 0.4/2.9 MB[0m
2026.03.09 20:45:13 INFO  Progress (1): 0.5/2.9 MB[0m
2026.03.09 20:45:13 INFO  Progress (1): 0.5/2.9 MB[0m
2026.03.09 20:45:13 INFO  Progress (1): 0.5/2.9 MB[0m
2026.03.09 20:45:13 INFO  Progress (1): 0.5/2.9 MB[0m
2026.03.09 20:45:13 INFO  Progress (1): 0.5/2.9 MB[0m
2026.03.09 20:45:13 INFO  Progress (1): 0.5/2.9 MB[0m
2026.03.09 20:45:13 INFO  Progress (1): 0.6/2.9 MB[0m
2026.03.09 20:45:13 INFO  Progress (1): 0.6/2.9 MB[0m
2026.03.09 20:45:13 INFO  Progress (1): 0.6/2.9 MB[0m
2026.03.09 20:45:13 INFO  Progress (1): 0.6/2.9 MB[0m
2026.03.09 20:45:13 INFO  Progress (1): 0.6/2.9 MB[0m
2026.03.09 20:45:13 INFO  Progress (1): 0.6/2.9 MB[0m
2026.03.09 20:45:13 INFO  Progress (1): 0.7/2.9 MB[0m
2026.03.09 20:45:13 INFO  Progress (1): 0.7/2.9 MB[0m
2026.03.09 20:45:13 INFO  Progress (1): 0.7/2.9 MB[0m
2026.03.09 20:45:13 INFO  Progress (1): 0.7/2.9 MB[0m
2026.03.09 20:45:13 INFO  Progress (1): 0.7/2.9 MB[0m
2026.03.09 20:45:13 INFO  Progress (1): 0.7/2.9 MB[0m
2026.03.09 20:45:13 INFO  Progress (1): 0.8/2.9 MB[0m
2026.03.09 20:45:13 INFO  Progress (1): 0.8/2.9 MB[0m
2026.03.09 20:45:13 INFO  Progress (1): 0.8/2.9 MB[0m
2026.03.09 20:45:13 INFO  Progress (1): 0.8/2.9 MB[0m
2026.03.09 20:45:13 INFO  Progress (1): 0.8/2.9 MB[0m
2026.03.09 20:45:13 INFO  Progress (1): 0.8/2.9 MB[0m
2026.03.09 20:45:13 INFO  Progress (1): 0.9/2.9 MB[0m
2026.03.09 20:45:13 INFO  Progress (1): 0.9/2.9 MB[0m
2026.03.09 20:45:13 INFO  Progress (1): 0.9/2.9 MB[0m
2026.03.09 20:45:13 INFO  Progress (1): 0.9/2.9 MB[0m
2026.03.09 20:45:13 INFO  Progress (1): 0.9/2.9 MB[0m
2026.03.09 20:45:13 INFO  Progress (1): 0.9/2.9 MB[0m
2026.03.09 20:45:13 INFO  Progress (1): 1.0/2.9 MB[0m
2026.03.09 20:45:13 INFO  Progress (1): 1.0/2.9 MB[0m
2026.03.09 20:45:13 INFO  Progress (1): 1.0/2.9 MB[0m
2026.03.09 20:45:13 INFO  Progress (1): 1.0/2.9 MB[0m
2026.03.09 20:45:13 INFO  Progress (1): 1.0/2.9 MB[0m
2026.03.09 20:45:13 INFO  Progress (1): 1.0/2.9 MB[0m
2026.03.09 20:45:13 INFO  Progress (1): 1.0/2.9 MB[0m
2026.03.09 20:45:13 INFO  Progress (1): 1.1/2.9 MB[0m
2026.03.09 20:45:14 INFO  Progress (1): 1.1/2.9 MB[0m
2026.03.09 20:45:14 INFO  Progress (1): 1.1/2.9 MB[0m
2026.03.09 20:45:14 INFO  Progress (1): 1.1/2.9 MB[0m
2026.03.09 20:45:14 INFO  Progress (1): 1.1/2.9 MB[0m
2026.03.09 20:45:14 INFO  Progress (1): 1.1/2.9 MB[0m
2026.03.09 20:45:14 INFO  Progress (1): 1.2/2.9 MB[0m
2026.03.09 20:45:14 INFO  Progress (1): 1.2/2.9 MB[0m
2026.03.09 20:45:14 INFO  Progress (1): 1.2/2.9 MB[0m
2026.03.09 20:45:14 INFO  Progress (1): 1.2/2.9 MB[0m
2026.03.09 20:45:14 INFO  Progress (1): 1.2/2.9 MB[0m
2026.03.09 20:45:14 INFO  Progress (1): 1.2/2.9 MB[0m
2026.03.09 20:45:14 INFO  Progress (1): 1.3/2.9 MB[0m
2026.03.09 20:45:14 INFO  Progress (1): 1.3/2.9 MB[0m
2026.03.09 20:45:14 INFO  Progress (1): 1.3/2.9 MB[0m
2026.03.09 20:45:14 INFO  Progress (1): 1.3/2.9 MB[0m
2026.03.09 20:45:14 INFO  Progress (1): 1.3/2.9 MB[0m
2026.03.09 20:45:14 INFO  Progress (1): 1.3/2.9 MB[0m
2026.03.09 20:45:14 INFO  Progress (1): 1.4/2.9 MB[0m
2026.03.09 20:45:14 INFO  Progress (1): 1.4/2.9 MB[0m
2026.03.09 20:45:14 INFO  Progress (1): 1.4/2.9 MB[0m
2026.03.09 20:45:14 INFO  Progress (1): 1.4/2.9 MB[0m
2026.03.09 20:45:14 INFO  Progress (1): 1.4/2.9 MB[0m
2026.03.09 20:45:14 INFO  Progress (1): 1.4/2.9 MB[0m
2026.03.09 20:45:14 INFO  Progress (1): 1.5/2.9 MB[0m
2026.03.09 20:45:14 INFO  Progress (1): 1.5/2.9 MB[0m
2026.03.09 20:45:14 INFO  Progress (1): 1.5/2.9 MB[0m
2026.03.09 20:45:14 INFO  Progress (1): 1.5/2.9 MB[0m
2026.03.09 20:45:14 INFO  Progress (1): 1.5/2.9 MB[0m
2026.03.09 20:45:14 INFO  Progress (1): 1.5/2.9 MB[0m
2026.03.09 20:45:14 INFO  Progress (1): 1.6/2.9 MB[0m
2026.03.09 20:45:14 INFO  Progress (1): 1.6/2.9 MB[0m
2026.03.09 20:45:14 INFO  Progress (1): 1.6/2.9 MB[0m
2026.03.09 20:45:14 INFO  Progress (1): 1.6/2.9 MB[0m
2026.03.09 20:45:14 INFO  Progress (1): 1.6/2.9 MB[0m
2026.03.09 20:45:14 INFO  Progress (1): 1.6/2.9 MB[0m
2026.03.09 20:45:14 INFO  Progress (1): 1.7/2.9 MB[0m
2026.03.09 20:45:14 INFO  Progress (1): 1.7/2.9 MB[0m
2026.03.09 20:45:14 INFO  Progress (1): 1.7/2.9 MB[0m
2026.03.09 20:45:14 INFO  Progress (1): 1.7/2.9 MB[0m
2026.03.09 20:45:14 INFO  Progress (1): 1.7/2.9 MB[0m
2026.03.09 20:45:14 INFO  Progress (1): 1.7/2.9 MB[0m
2026.03.09 20:45:14 INFO  Progress (1): 1.8/2.9 MB[0m
2026.03.09 20:45:14 INFO  Progress (1): 1.8/2.9 MB[0m
2026.03.09 20:45:14 INFO  Progress (1): 1.8/2.9 MB[0m
2026.03.09 20:45:14 INFO  Progress (1): 1.8/2.9 MB[0m
2026.03.09 20:45:14 INFO  Progress (1): 1.8/2.9 MB[0m
2026.03.09 20:45:14 INFO  Progress (1): 1.8/2.9 MB[0m
2026.03.09 20:45:14 INFO  Progress (1): 1.9/2.9 MB[0m
2026.03.09 20:45:14 INFO  Progress (1): 1.9/2.9 MB[0m
2026.03.09 20:45:14 INFO  Progress (1): 1.9/2.9 MB[0m
2026.03.09 20:45:14 INFO  Progress (1): 1.9/2.9 MB[0m
2026.03.09 20:45:14 INFO  Progress (1): 1.9/2.9 MB[0m
2026.03.09 20:45:14 INFO  Progress (1): 1.9/2.9 MB[0m
2026.03.09 20:45:14 INFO  Progress (1): 1.9/2.9 MB[0m
2026.03.09 20:45:14 INFO  Progress (1): 2.0/2.9 MB[0m
2026.03.09 20:45:14 INFO  Progress (1): 2.0/2.9 MB[0m
2026.03.09 20:45:14 INFO  Progress (1): 2.0/2.9 MB[0m
2026.03.09 20:45:14 INFO  Progress (1): 2.0/2.9 MB[0m
2026.03.09 20:45:14 INFO  Progress (1): 2.0/2.9 MB[0m
2026.03.09 20:45:14 INFO  Progress (1): 2.0/2.9 MB[0m
2026.03.09 20:45:14 INFO  Progress (1): 2.1/2.9 MB[0m
2026.03.09 20:45:14 INFO  Progress (1): 2.1/2.9 MB[0m
2026.03.09 20:45:14 INFO  Progress (1): 2.1/2.9 MB[0m
2026.03.09 20:45:14 INFO  Progress (1): 2.1/2.9 MB[0m
2026.03.09 20:45:14 INFO  Progress (1): 2.1/2.9 MB[0m
2026.03.09 20:45:14 INFO  Progress (1): 2.1/2.9 MB[0m
2026.03.09 20:45:14 INFO  Progress (1): 2.2/2.9 MB[0m
2026.03.09 20:45:14 INFO  Progress (1): 2.2/2.9 MB[0m
2026.03.09 20:45:14 INFO  Progress (1): 2.2/2.9 MB[0m
2026.03.09 20:45:14 INFO  Progress (1): 2.2/2.9 MB[0m
2026.03.09 20:45:14 INFO  Progress (1): 2.2/2.9 MB[0m
2026.03.09 20:45:14 INFO  Progress (1): 2.2/2.9 MB[0m
2026.03.09 20:45:14 INFO  Progress (1): 2.3/2.9 MB[0m
2026.03.09 20:45:14 INFO  Progress (1): 2.3/2.9 MB[0m
2026.03.09 20:45:14 INFO  Progress (1): 2.3/2.9 MB[0m
2026.03.09 20:45:14 INFO  Progress (1): 2.3/2.9 MB[0m
2026.03.09 20:45:14 INFO  Progress (1): 2.3/2.9 MB[0m
2026.03.09 20:45:14 INFO  Progress (1): 2.3/2.9 MB[0m
2026.03.09 20:45:14 INFO  Progress (1): 2.4/2.9 MB[0m
2026.03.09 20:45:14 INFO  Progress (1): 2.4/2.9 MB[0m
2026.03.09 20:45:14 INFO  Progress (1): 2.4/2.9 MB[0m
2026.03.09 20:45:14 INFO  Progress (1): 2.4/2.9 MB[0m
2026.03.09 20:45:14 INFO  Progress (1): 2.4/2.9 MB[0m
2026.03.09 20:45:14 INFO  Progress (1): 2.4/2.9 MB[0m
2026.03.09 20:45:14 INFO  Progress (1): 2.5/2.9 MB[0m
2026.03.09 20:45:14 INFO  Progress (1): 2.5/2.9 MB[0m
2026.03.09 20:45:14 INFO  Progress (1): 2.5/2.9 MB[0m
2026.03.09 20:45:14 INFO  Progress (1): 2.5/2.9 MB[0m
2026.03.09 20:45:14 INFO  Progress (1): 2.5/2.9 MB[0m
2026.03.09 20:45:14 INFO  Progress (1): 2.5/2.9 MB[0m
2026.03.09 20:45:14 INFO  Progress (1): 2.6/2.9 MB[0m
2026.03.09 20:45:14 INFO  Progress (1): 2.6/2.9 MB[0m
2026.03.09 20:45:14 INFO  Progress (1): 2.6/2.9 MB[0m
2026.03.09 20:45:14 INFO  Progress (1): 2.6/2.9 MB[0m
2026.03.09 20:45:14 INFO  Progress (1): 2.6/2.9 MB[0m
2026.03.09 20:45:14 INFO  Progress (1): 2.6/2.9 MB[0m
2026.03.09 20:45:14 INFO  Progress (1): 2.7/2.9 MB[0m
2026.03.09 20:45:14 INFO  Progress (1): 2.7/2.9 MB[0m
2026.03.09 20:45:14 INFO  Progress (1): 2.7/2.9 MB[0m
2026.03.09 20:45:14 INFO  Progress (1): 2.7/2.9 MB[0m
2026.03.09 20:45:14 INFO  Progress (1): 2.7/2.9 MB[0m
2026.03.09 20:45:14 INFO  Progress (1): 2.7/2.9 MB[0m
2026.03.09 20:45:14 INFO  Progress (1): 2.8/2.9 MB[0m
2026.03.09 20:45:14 INFO  Progress (1): 2.8/2.9 MB[0m
2026.03.09 20:45:14 INFO  Progress (1): 2.8/2.9 MB[0m
2026.03.09 20:45:14 INFO  Progress (1): 2.8/2.9 MB[0m
2026.03.09 20:45:14 INFO  Progress (1): 2.8/2.9 MB[0m
2026.03.09 20:45:14 INFO  Progress (1): 2.8/2.9 MB[0m
2026.03.09 20:45:14 INFO  Progress (1): 2.9/2.9 MB[0m
2026.03.09 20:45:14 INFO  Progress (1): 2.9 MB    [0m
2026.03.09 20:45:14 INFO                      [0m
2026.03.09 20:45:14 INFO  Downloaded from central: https://repo.maven.apache.org/maven2/org/apache/tomcat/embed/tomcat-embed-core/9.0.29/tomcat-embed-core-9.0.29-sources.jar (2.9 MB at 2.3 MB/s)[0m
2026.03.09 20:45:14 INFO  [INFO] SUCCESS: org.apache.tomcat.embed:tomcat-embed-core:jar:9.0.29:compile (sources = true)[0m
2026.03.09 20:45:14 INFO  [INFO] Resolving artifact: org.mapstruct:mapstruct:jar:1.2.0.Final:compile (sources = false)[0m
2026.03.09 20:45:14 INFO  [INFO] SUCCESS: org.mapstruct:mapstruct:jar:1.2.0.Final:compile (sources = false)[0m
2026.03.09 20:45:14 INFO  [INFO] Resolving artifact: org.mapstruct:mapstruct:jar:1.2.0.Final:compile (sources = true)[0m
2026.03.09 20:45:14 INFO  Downloading from central: https://repo.maven.apache.org/maven2/org/mapstruct/mapstruct/1.2.0.Final/mapstruct-1.2.0.Final-sources.jar[0m
2026.03.09 20:45:14 INFO  Progress (1): 7.7/46 kB[0m
2026.03.09 20:45:14 INFO  Progress (1): 16/46 kB [0m
2026.03.09 20:45:14 INFO  Progress (1): 32/46 kB[0m
2026.03.09 20:45:14 INFO  Progress (1): 46 kB   [0m
2026.03.09 20:45:14 INFO                     [0m
2026.03.09 20:45:14 INFO  Downloaded from central: https://repo.maven.apache.org/maven2/org/mapstruct/mapstruct/1.2.0.Final/mapstruct-1.2.0.Final-sources.jar (46 kB at 825 kB/s)[0m
2026.03.09 20:45:14 INFO  [INFO] SUCCESS: org.mapstruct:mapstruct:jar:1.2.0.Final:compile (sources = true)[0m
2026.03.09 20:45:14 INFO  [INFO] Resolving artifact: org.junit.vintage:junit-vintage-engine:jar:5.5.2:test (sources = false)[0m
2026.03.09 20:45:14 INFO  [INFO] SUCCESS: org.junit.vintage:junit-vintage-engine:jar:5.5.2:test (sources = false)[0m
2026.03.09 20:45:14 INFO  [INFO] Resolving artifact: org.junit.vintage:junit-vintage-engine:jar:5.5.2:test (sources = true)[0m
2026.03.09 20:45:14 INFO  Downloading from central: https://repo.maven.apache.org/maven2/org/junit/vintage/junit-vintage-engine/5.5.2/junit-vintage-engine-5.5.2-sources.jar[0m
2026.03.09 20:45:14 INFO  Progress (1): 7.7/35 kB[0m
2026.03.09 20:45:14 INFO  Progress (1): 16/35 kB [0m
2026.03.09 20:45:14 INFO  Progress (1): 25/35 kB[0m
2026.03.09 20:45:14 INFO  Progress (1): 35 kB   [0m
2026.03.09 20:45:14 INFO                     [0m
2026.03.09 20:45:14 INFO  Downloaded from central: https://repo.maven.apache.org/maven2/org/junit/vintage/junit-vintage-engine/5.5.2/junit-vintage-engine-5.5.2-sources.jar (35 kB at 641 kB/s)[0m
2026.03.09 20:45:14 INFO  [INFO] SUCCESS: org.junit.vintage:junit-vintage-engine:jar:5.5.2:test (sources = true)[0m
2026.03.09 20:45:14 INFO  [INFO] Resolving artifact: org.springframework.boot:spring-boot-starter-json:jar:2.2.2.RELEASE:compile (sources = false)[0m
2026.03.09 20:45:14 INFO  [INFO] SUCCESS: org.springframework.boot:spring-boot-starter-json:jar:2.2.2.RELEASE:compile (sources = false)[0m
2026.03.09 20:45:14 INFO  [INFO] Resolving artifact: org.springframework.boot:spring-boot-starter-json:jar:2.2.2.RELEASE:compile (sources = true)[0m
2026.03.09 20:45:14 INFO  Downloading from central: https://repo.maven.apache.org/maven2/org/springframework/boot/spring-boot-starter-json/2.2.2.RELEASE/spring-boot-starter-json-2.2.2.RELEASE-sources.jar[0m
2026.03.09 20:45:14 INFO  Progress (1): 2.1 kB[0m
2026.03.09 20:45:14 INFO                      [0m
2026.03.09 20:45:14 INFO  Downloaded from central: https://repo.maven.apache.org/maven2/org/springframework/boot/spring-boot-starter-json/2.2.2.RELEASE/spring-boot-starter-json-2.2.2.RELEASE-sources.jar (2.1 kB at 27 kB/s)[0m
2026.03.09 20:45:14 INFO  [INFO] SUCCESS: org.springframework.boot:spring-boot-starter-json:jar:2.2.2.RELEASE:compile (sources = true)[0m
2026.03.09 20:45:14 INFO  [INFO] Resolving artifact: com.fasterxml.jackson.core:jackson-databind:jar:2.10.1:compile (sources = false)[0m
2026.03.09 20:45:14 INFO  [INFO] SUCCESS: com.fasterxml.jackson.core:jackson-databind:jar:2.10.1:compile (sources = false)[0m
2026.03.09 20:45:14 INFO  [INFO] Resolving artifact: com.fasterxml.jackson.core:jackson-databind:jar:2.10.1:compile (sources = true)[0m
2026.03.09 20:45:14 INFO  Downloading from central: https://repo.maven.apache.org/maven2/com/fasterxml/jackson/core/jackson-databind/2.10.1/jackson-databind-2.10.1-sources.jar[0m
2026.03.09 20:45:15 INFO  Progress (1): 0/1.0 MB[0m
2026.03.09 20:45:15 INFO  Progress (1): 0/1.0 MB[0m
2026.03.09 20:45:15 INFO  Progress (1): 0/1.0 MB[0m
2026.03.09 20:45:15 INFO  Progress (1): 0/1.0 MB[0m
2026.03.09 20:45:15 INFO  Progress (1): 0.1/1.0 MB[0m
2026.03.09 20:45:15 INFO  Progress (1): 0.1/1.0 MB[0m
2026.03.09 20:45:15 INFO  Progress (1): 0.1/1.0 MB[0m
2026.03.09 20:45:15 INFO  Progress (1): 0.1/1.0 MB[0m
2026.03.09 20:45:15 INFO  Progress (1): 0.1/1.0 MB[0m
2026.03.09 20:45:15 INFO  Progress (1): 0.1/1.0 MB[0m
2026.03.09 20:45:15 INFO  Progress (1): 0.1/1.0 MB[0m
2026.03.09 20:45:15 INFO  Progress (1): 0.2/1.0 MB[0m
2026.03.09 20:45:15 INFO  Progress (1): 0.2/1.0 MB[0m
2026.03.09 20:45:15 INFO  Progress (1): 0.2/1.0 MB[0m
2026.03.09 20:45:15 INFO  Progress (1): 0.2/1.0 MB[0m
2026.03.09 20:45:15 INFO  Progress (1): 0.2/1.0 MB[0m
2026.03.09 20:45:15 INFO  Progress (1): 0.2/1.0 MB[0m
2026.03.09 20:45:15 INFO  Progress (1): 0.3/1.0 MB[0m
2026.03.09 20:45:15 INFO  Progress (1): 0.3/1.0 MB[0m
2026.03.09 20:45:15 INFO  Progress (1): 0.3/1.0 MB[0m
2026.03.09 20:45:15 INFO  Progress (1): 0.3/1.0 MB[0m
2026.03.09 20:45:15 INFO  Progress (1): 0.3/1.0 MB[0m
2026.03.09 20:45:15 INFO  Progress (1): 0.3/1.0 MB[0m
2026.03.09 20:45:15 INFO  Progress (1): 0.4/1.0 MB[0m
2026.03.09 20:45:15 INFO  Progress (1): 0.4/1.0 MB[0m
2026.03.09 20:45:15 INFO  Progress (1): 0.4/1.0 MB[0m
2026.03.09 20:45:15 INFO  Progress (1): 0.4/1.0 MB[0m
2026.03.09 20:45:15 INFO  Progress (1): 0.4/1.0 MB[0m
2026.03.09 20:45:15 INFO  Progress (1): 0.4/1.0 MB[0m
2026.03.09 20:45:15 INFO  Progress (1): 0.5/1.0 MB[0m
2026.03.09 20:45:15 INFO  Progress (1): 0.5/1.0 MB[0m
2026.03.09 20:45:15 INFO  Progress (1): 0.5/1.0 MB[0m
2026.03.09 20:45:15 INFO  Progress (1): 0.5/1.0 MB[0m
2026.03.09 20:45:15 INFO  Progress (1): 0.5/1.0 MB[0m
2026.03.09 20:45:15 INFO  Progress (1): 0.5/1.0 MB[0m
2026.03.09 20:45:15 INFO  Progress (1): 0.6/1.0 MB[0m
2026.03.09 20:45:15 INFO  Progress (1): 0.6/1.0 MB[0m
2026.03.09 20:45:15 INFO  Progress (1): 0.6/1.0 MB[0m
2026.03.09 20:45:15 INFO  Progress (1): 0.6/1.0 MB[0m
2026.03.09 20:45:15 INFO  Progress (1): 0.6/1.0 MB[0m
2026.03.09 20:45:15 INFO  Progress (1): 0.6/1.0 MB[0m
2026.03.09 20:45:15 INFO  Progress (1): 0.7/1.0 MB[0m
2026.03.09 20:45:15 INFO  Progress (1): 0.7/1.0 MB[0m
2026.03.09 20:45:15 INFO  Progress (1): 0.7/1.0 MB[0m
2026.03.09 20:45:15 INFO  Progress (1): 0.7/1.0 MB[0m
2026.03.09 20:45:15 INFO  Progress (1): 0.7/1.0 MB[0m
2026.03.09 20:45:15 INFO  Progress (1): 0.7/1.0 MB[0m
2026.03.09 20:45:15 INFO  Progress (1): 0.8/1.0 MB[0m
2026.03.09 20:45:15 INFO  Progress (1): 0.8/1.0 MB[0m
2026.03.09 20:45:15 INFO  Progress (1): 0.8/1.0 MB[0m
2026.03.09 20:45:15 INFO  Progress (1): 0.8/1.0 MB[0m
2026.03.09 20:45:15 INFO  Progress (1): 0.8/1.0 MB[0m
2026.03.09 20:45:15 INFO  Progress (1): 0.8/1.0 MB[0m
2026.03.09 20:45:15 INFO  Progress (1): 0.9/1.0 MB[0m
2026.03.09 20:45:15 INFO  Progress (1): 0.9/1.0 MB[0m
2026.03.09 20:45:15 INFO  Progress (1): 0.9/1.0 MB[0m
2026.03.09 20:45:15 INFO  Progress (1): 0.9/1.0 MB[0m
2026.03.09 20:45:15 INFO  Progress (1): 0.9/1.0 MB[0m
2026.03.09 20:45:15 INFO  Progress (1): 0.9/1.0 MB[0m
2026.03.09 20:45:15 INFO  Progress (1): 1.0/1.0 MB[0m
2026.03.09 20:45:15 INFO  Progress (1): 1.0/1.0 MB[0m
2026.03.09 20:45:15 INFO  Progress (1): 1.0/1.0 MB[0m
2026.03.09 20:45:15 INFO  Progress (1): 1.0/1.0 MB[0m
2026.03.09 20:45:15 INFO  Progress (1): 1.0/1.0 MB[0m
2026.03.09 20:45:15 INFO  Progress (1): 1.0/1.0 MB[0m
2026.03.09 20:45:15 INFO  Progress (1): 1.0 MB    [0m
2026.03.09 20:45:15 INFO                      [0m
2026.03.09 20:45:15 INFO  Downloaded from central: https://repo.maven.apache.org/maven2/com/fasterxml/jackson/core/jackson-databind/2.10.1/jackson-databind-2.10.1-sources.jar (1.0 MB at 1.6 MB/s)[0m
2026.03.09 20:45:15 INFO  [INFO] SUCCESS: com.fasterxml.jackson.core:jackson-databind:jar:2.10.1:compile (sources = true)[0m
2026.03.09 20:45:15 INFO  [INFO] Resolving artifact: org.hamcrest:hamcrest:jar:2.1:test (sources = false)[0m
2026.03.09 20:45:15 INFO  [INFO] SUCCESS: org.hamcrest:hamcrest:jar:2.1:test (sources = false)[0m
2026.03.09 20:45:15 INFO  [INFO] Resolving artifact: org.hamcrest:hamcrest:jar:2.1:test (sources = true)[0m
2026.03.09 20:45:15 INFO  Downloading from central: https://repo.maven.apache.org/maven2/org/hamcrest/hamcrest/2.1/hamcrest-2.1-sources.jar[0m
2026.03.09 20:45:15 INFO  Progress (1): 7.7/83 kB[0m
2026.03.09 20:45:15 INFO  Progress (1): 12/83 kB [0m
2026.03.09 20:45:15 INFO  Progress (1): 29/83 kB[0m
2026.03.09 20:45:15 INFO  Progress (1): 45/83 kB[0m
2026.03.09 20:45:15 INFO  Progress (1): 61/83 kB[0m
2026.03.09 20:45:15 INFO  Progress (1): 78/83 kB[0m
2026.03.09 20:45:15 INFO  Progress (1): 83 kB   [0m
2026.03.09 20:45:15 INFO                     [0m
2026.03.09 20:45:15 INFO  Downloaded from central: https://repo.maven.apache.org/maven2/org/hamcrest/hamcrest/2.1/hamcrest-2.1-sources.jar (83 kB at 958 kB/s)[0m
2026.03.09 20:45:15 INFO  [INFO] SUCCESS: org.hamcrest:hamcrest:jar:2.1:test (sources = true)[0m
2026.03.09 20:45:15 INFO  [INFO] Resolving artifact: jakarta.validation:jakarta.validation-api:jar:2.0.1:compile (sources = false)[0m
2026.03.09 20:45:15 INFO  [INFO] SUCCESS: jakarta.validation:jakarta.validation-api:jar:2.0.1:compile (sources = false)[0m
2026.03.09 20:45:15 INFO  [INFO] Resolving artifact: jakarta.validation:jakarta.validation-api:jar:2.0.1:compile (sources = true)[0m
2026.03.09 20:45:15 INFO  Downloading from central: https://repo.maven.apache.org/maven2/jakarta/validation/jakarta.validation-api/2.0.1/jakarta.validation-api-2.0.1-sources.jar[0m
2026.03.09 20:45:15 INFO  Progress (1): 7.7/98 kB[0m
2026.03.09 20:45:15 INFO  Progress (1): 16/98 kB [0m
2026.03.09 20:45:15 INFO  Progress (1): 25/98 kB[0m
2026.03.09 20:45:15 INFO  Progress (1): 41/98 kB[0m
2026.03.09 20:45:15 INFO  Progress (1): 57/98 kB[0m
2026.03.09 20:45:15 INFO  Progress (1): 74/98 kB[0m
2026.03.09 20:45:15 INFO  Progress (1): 90/98 kB[0m
2026.03.09 20:45:15 INFO  Progress (1): 98 kB   [0m
2026.03.09 20:45:15 INFO                     [0m
2026.03.09 20:45:15 INFO  Downloaded from central: https://repo.maven.apache.org/maven2/jakarta/validation/jakarta.validation-api/2.0.1/jakarta.validation-api-2.0.1-sources.jar (98 kB at 1.0 MB/s)[0m
2026.03.09 20:45:15 INFO  [INFO] SUCCESS: jakarta.validation:jakarta.validation-api:jar:2.0.1:compile (sources = true)[0m
2026.03.09 20:45:15 INFO  [INFO] Resolving artifact: org.springframework:spring-beans:jar:5.2.2.RELEASE:compile (sources = false)[0m
2026.03.09 20:45:15 INFO  [INFO] SUCCESS: org.springframework:spring-beans:jar:5.2.2.RELEASE:compile (sources = false)[0m
2026.03.09 20:45:15 INFO  [INFO] Resolving artifact: org.springframework:spring-beans:jar:5.2.2.RELEASE:compile (sources = true)[0m
2026.03.09 20:45:15 INFO  Downloading from central: https://repo.maven.apache.org/maven2/org/springframework/spring-beans/5.2.2.RELEASE/spring-beans-5.2.2.RELEASE-sources.jar[0m
2026.03.09 20:45:15 INFO  Progress (1): 8.2/646 kB[0m
2026.03.09 20:45:15 INFO  Progress (1): 25/646 kB [0m
2026.03.09 20:45:15 INFO  Progress (1): 41/646 kB[0m
2026.03.09 20:45:15 INFO  Progress (1): 57/646 kB[0m
2026.03.09 20:45:15 INFO  Progress (1): 74/646 kB[0m
2026.03.09 20:45:15 INFO  Progress (1): 82/646 kB[0m
2026.03.09 20:45:15 INFO  Progress (1): 98/646 kB[0m
2026.03.09 20:45:15 INFO  Progress (1): 115/646 kB[0m
2026.03.09 20:45:15 INFO  Progress (1): 131/646 kB[0m
2026.03.09 20:45:16 INFO  Progress (1): 147/646 kB[0m
2026.03.09 20:45:16 INFO  Progress (1): 164/646 kB[0m
2026.03.09 20:45:16 INFO  Progress (1): 180/646 kB[0m
2026.03.09 20:45:16 INFO  Progress (1): 197/646 kB[0m
2026.03.09 20:45:16 INFO  Progress (1): 213/646 kB[0m
2026.03.09 20:45:16 INFO  Progress (1): 229/646 kB[0m
2026.03.09 20:45:16 INFO  Progress (1): 246/646 kB[0m
2026.03.09 20:45:16 INFO  Progress (1): 262/646 kB[0m
2026.03.09 20:45:16 INFO  Progress (1): 279/646 kB[0m
2026.03.09 20:45:16 INFO  Progress (1): 295/646 kB[0m
2026.03.09 20:45:16 INFO  Progress (1): 311/646 kB[0m
2026.03.09 20:45:16 INFO  Progress (1): 328/646 kB[0m
2026.03.09 20:45:16 INFO  Progress (1): 344/646 kB[0m
2026.03.09 20:45:16 INFO  Progress (1): 360/646 kB[0m
2026.03.09 20:45:16 INFO  Progress (1): 377/646 kB[0m
2026.03.09 20:45:16 INFO  Progress (1): 393/646 kB[0m
2026.03.09 20:45:16 INFO  Progress (1): 410/646 kB[0m
2026.03.09 20:45:16 INFO  Progress (1): 426/646 kB[0m
2026.03.09 20:45:16 INFO  Progress (1): 442/646 kB[0m
2026.03.09 20:45:16 INFO  Progress (1): 459/646 kB[0m
2026.03.09 20:45:16 INFO  Progress (1): 475/646 kB[0m
2026.03.09 20:45:16 INFO  Progress (1): 492/646 kB[0m
2026.03.09 20:45:16 INFO  Progress (1): 508/646 kB[0m
2026.03.09 20:45:16 INFO  Progress (1): 524/646 kB[0m
2026.03.09 20:45:16 INFO  Progress (1): 541/646 kB[0m
2026.03.09 20:45:16 INFO  Progress (1): 557/646 kB[0m
2026.03.09 20:45:16 INFO  Progress (1): 573/646 kB[0m
2026.03.09 20:45:16 INFO  Progress (1): 590/646 kB[0m
2026.03.09 20:45:16 INFO  Progress (1): 606/646 kB[0m
2026.03.09 20:45:16 INFO  Progress (1): 623/646 kB[0m
2026.03.09 20:45:16 INFO  Progress (1): 639/646 kB[0m
2026.03.09 20:45:16 INFO  Progress (1): 646 kB    [0m
2026.03.09 20:45:16 INFO                      [0m
2026.03.09 20:45:16 INFO  Downloaded from central: https://repo.maven.apache.org/maven2/org/springframework/spring-beans/5.2.2.RELEASE/spring-beans-5.2.2.RELEASE-sources.jar (646 kB at 1.8 MB/s)[0m
2026.03.09 20:45:16 INFO  [INFO] SUCCESS: org.springframework:spring-beans:jar:5.2.2.RELEASE:compile (sources = true)[0m
2026.03.09 20:45:16 INFO  [INFO] Resolving artifact: org.springframework.boot:spring-boot-starter-test:jar:2.2.2.RELEASE:test (sources = false)[0m
2026.03.09 20:45:16 INFO  [INFO] SUCCESS: org.springframework.boot:spring-boot-starter-test:jar:2.2.2.RELEASE:test (sources = false)[0m
2026.03.09 20:45:16 INFO  [INFO] Resolving artifact: org.springframework.boot:spring-boot-starter-test:jar:2.2.2.RELEASE:test (sources = true)[0m
2026.03.09 20:45:16 INFO  Downloading from central: https://repo.maven.apache.org/maven2/org/springframework/boot/spring-boot-starter-test/2.2.2.RELEASE/spring-boot-starter-test-2.2.2.RELEASE-sources.jar[0m
2026.03.09 20:45:16 INFO  Progress (1): 2.3 kB[0m
2026.03.09 20:45:16 INFO                      [0m
2026.03.09 20:45:16 INFO  Downloaded from central: https://repo.maven.apache.org/maven2/org/springframework/boot/spring-boot-starter-test/2.2.2.RELEASE/spring-boot-starter-test-2.2.2.RELEASE-sources.jar (2.3 kB at 29 kB/s)[0m
2026.03.09 20:45:16 INFO  [INFO] SUCCESS: org.springframework.boot:spring-boot-starter-test:jar:2.2.2.RELEASE:test (sources = true)[0m
2026.03.09 20:45:16 INFO  [INFO] Resolving artifact: org.springframework.boot:spring-boot-test:jar:2.2.2.RELEASE:test (sources = false)[0m
2026.03.09 20:45:16 INFO  [INFO] SUCCESS: org.springframework.boot:spring-boot-test:jar:2.2.2.RELEASE:test (sources = false)[0m
2026.03.09 20:45:16 INFO  [INFO] Resolving artifact: org.springframework.boot:spring-boot-test:jar:2.2.2.RELEASE:test (sources = true)[0m
2026.03.09 20:45:16 INFO  Downloading from central: https://repo.maven.apache.org/maven2/org/springframework/boot/spring-boot-test/2.2.2.RELEASE/spring-boot-test-2.2.2.RELEASE-sources.jar[0m
2026.03.09 20:45:16 INFO  Progress (1): 7.7/145 kB[0m
2026.03.09 20:45:16 INFO  Progress (1): 16/145 kB [0m
2026.03.09 20:45:16 INFO  Progress (1): 32/145 kB[0m
2026.03.09 20:45:16 INFO  Progress (1): 49/145 kB[0m
2026.03.09 20:45:16 INFO  Progress (1): 65/145 kB[0m
2026.03.09 20:45:16 INFO  Progress (1): 66/145 kB[0m
2026.03.09 20:45:16 INFO  Progress (1): 82/145 kB[0m
2026.03.09 20:45:16 INFO  Progress (1): 98/145 kB[0m
2026.03.09 20:45:16 INFO  Progress (1): 115/145 kB[0m
2026.03.09 20:45:16 INFO  Progress (1): 131/145 kB[0m
2026.03.09 20:45:16 INFO  Progress (1): 145 kB    [0m
2026.03.09 20:45:16 INFO                      [0m
2026.03.09 20:45:16 INFO  Downloaded from central: https://repo.maven.apache.org/maven2/org/springframework/boot/spring-boot-test/2.2.2.RELEASE/spring-boot-test-2.2.2.RELEASE-sources.jar (145 kB at 1.0 MB/s)[0m
2026.03.09 20:45:16 INFO  [INFO] SUCCESS: org.springframework.boot:spring-boot-test:jar:2.2.2.RELEASE:test (sources = true)[0m
2026.03.09 20:45:16 INFO  [INFO] Resolving artifact: org.apache.logging.log4j:log4j-api:jar:2.12.1:compile (sources = false)[0m
2026.03.09 20:45:16 INFO  [INFO] SUCCESS: org.apache.logging.log4j:log4j-api:jar:2.12.1:compile (sources = false)[0m
2026.03.09 20:45:16 INFO  [INFO] Resolving artifact: org.apache.logging.log4j:log4j-api:jar:2.12.1:compile (sources = true)[0m
2026.03.09 20:45:16 INFO  Downloading from central: https://repo.maven.apache.org/maven2/org/apache/logging/log4j/log4j-api/2.12.1/log4j-api-2.12.1-sources.jar[0m
2026.03.09 20:45:16 INFO  Progress (1): 7.7/254 kB[0m
2026.03.09 20:45:16 INFO  Progress (1): 12/254 kB [0m
2026.03.09 20:45:16 INFO  Progress (1): 29/254 kB[0m
2026.03.09 20:45:16 INFO  Progress (1): 45/254 kB[0m
2026.03.09 20:45:16 INFO  Progress (1): 61/254 kB[0m
2026.03.09 20:45:16 INFO  Progress (1): 78/254 kB[0m
2026.03.09 20:45:16 INFO  Progress (1): 94/254 kB[0m
2026.03.09 20:45:16 INFO  Progress (1): 111/254 kB[0m
2026.03.09 20:45:16 INFO  Progress (1): 127/254 kB[0m
2026.03.09 20:45:16 INFO  Progress (1): 143/254 kB[0m
2026.03.09 20:45:16 INFO  Progress (1): 160/254 kB[0m
2026.03.09 20:45:16 INFO  Progress (1): 176/254 kB[0m
2026.03.09 20:45:16 INFO  Progress (1): 193/254 kB[0m
2026.03.09 20:45:16 INFO  Progress (1): 209/254 kB[0m
2026.03.09 20:45:16 INFO  Progress (1): 225/254 kB[0m
2026.03.09 20:45:16 INFO  Progress (1): 242/254 kB[0m
2026.03.09 20:45:16 INFO  Progress (1): 254 kB    [0m
2026.03.09 20:45:16 INFO                      [0m
2026.03.09 20:45:16 INFO  Downloaded from central: https://repo.maven.apache.org/maven2/org/apache/logging/log4j/log4j-api/2.12.1/log4j-api-2.12.1-sources.jar (254 kB at 1.6 MB/s)[0m
2026.03.09 20:45:16 INFO  [INFO] SUCCESS: org.apache.logging.log4j:log4j-api:jar:2.12.1:compile (sources = true)[0m
2026.03.09 20:45:16 INFO  [INFO] Resolving artifact: ch.qos.logback:logback-core:jar:1.2.3:compile (sources = false)[0m
2026.03.09 20:45:16 INFO  [INFO] SUCCESS: ch.qos.logback:logback-core:jar:1.2.3:compile (sources = false)[0m
2026.03.09 20:45:16 INFO  [INFO] Resolving artifact: ch.qos.logback:logback-core:jar:1.2.3:compile (sources = true)[0m
2026.03.09 20:45:16 INFO  Downloading from central: https://repo.maven.apache.org/maven2/ch/qos/logback/logback-core/1.2.3/logback-core-1.2.3-sources.jar[0m
2026.03.09 20:45:16 INFO  Progress (1): 7.7/399 kB[0m
2026.03.09 20:45:16 INFO  Progress (1): 16/399 kB [0m
2026.03.09 20:45:16 INFO  Progress (1): 32/399 kB[0m
2026.03.09 20:45:16 INFO  Progress (1): 49/399 kB[0m
2026.03.09 20:45:16 INFO  Progress (1): 57/399 kB[0m
2026.03.09 20:45:16 INFO  Progress (1): 74/399 kB[0m
2026.03.09 20:45:16 INFO  Progress (1): 90/399 kB[0m
2026.03.09 20:45:16 INFO  Progress (1): 106/399 kB[0m
2026.03.09 20:45:16 INFO  Progress (1): 123/399 kB[0m
2026.03.09 20:45:16 INFO  Progress (1): 131/399 kB[0m
2026.03.09 20:45:16 INFO  Progress (1): 147/399 kB[0m
2026.03.09 20:45:16 INFO  Progress (1): 164/399 kB[0m
2026.03.09 20:45:16 INFO  Progress (1): 180/399 kB[0m
2026.03.09 20:45:16 INFO  Progress (1): 197/399 kB[0m
2026.03.09 20:45:16 INFO  Progress (1): 213/399 kB[0m
2026.03.09 20:45:16 INFO  Progress (1): 229/399 kB[0m
2026.03.09 20:45:16 INFO  Progress (1): 246/399 kB[0m
2026.03.09 20:45:16 INFO  Progress (1): 262/399 kB[0m
2026.03.09 20:45:16 INFO  Progress (1): 279/399 kB[0m
2026.03.09 20:45:16 INFO  Progress (1): 295/399 kB[0m
2026.03.09 20:45:16 INFO  Progress (1): 311/399 kB[0m
2026.03.09 20:45:16 INFO  Progress (1): 328/399 kB[0m
2026.03.09 20:45:16 INFO  Progress (1): 344/399 kB[0m
2026.03.09 20:45:16 INFO  Progress (1): 360/399 kB[0m
2026.03.09 20:45:16 INFO  Progress (1): 377/399 kB[0m
2026.03.09 20:45:16 INFO  Progress (1): 393/399 kB[0m
2026.03.09 20:45:16 INFO  Progress (1): 399 kB    [0m
2026.03.09 20:45:16 INFO                      [0m
2026.03.09 20:45:16 INFO  Downloaded from central: https://repo.maven.apache.org/maven2/ch/qos/logback/logback-core/1.2.3/logback-core-1.2.3-sources.jar (399 kB at 2.0 MB/s)[0m
2026.03.09 20:45:16 INFO  [INFO] SUCCESS: ch.qos.logback:logback-core:jar:1.2.3:compile (sources = true)[0m
2026.03.09 20:45:16 INFO  [INFO] Resolving artifact: org.apiguardian:apiguardian-api:jar:1.1.0:test (sources = false)[0m
2026.03.09 20:45:16 INFO  [INFO] SUCCESS: org.apiguardian:apiguardian-api:jar:1.1.0:test (sources = false)[0m
2026.03.09 20:45:16 INFO  [INFO] Resolving artifact: org.apiguardian:apiguardian-api:jar:1.1.0:test (sources = true)[0m
2026.03.09 20:45:16 INFO  Downloading from central: https://repo.maven.apache.org/maven2/org/apiguardian/apiguardian-api/1.1.0/apiguardian-api-1.1.0-sources.jar[0m
2026.03.09 20:45:16 INFO  Progress (1): 2.2 kB[0m
2026.03.09 20:45:16 INFO                      [0m
2026.03.09 20:45:16 INFO  Downloaded from central: https://repo.maven.apache.org/maven2/org/apiguardian/apiguardian-api/1.1.0/apiguardian-api-1.1.0-sources.jar (2.2 kB at 47 kB/s)[0m
2026.03.09 20:45:16 INFO  [INFO] SUCCESS: org.apiguardian:apiguardian-api:jar:1.1.0:test (sources = true)[0m
2026.03.09 20:45:16 INFO  [INFO] Resolving artifact: org.junit.jupiter:junit-jupiter-params:jar:5.5.2:test (sources = false)[0m
2026.03.09 20:45:16 INFO  [INFO] SUCCESS: org.junit.jupiter:junit-jupiter-params:jar:5.5.2:test (sources = false)[0m
2026.03.09 20:45:16 INFO  [INFO] Resolving artifact: org.junit.jupiter:junit-jupiter-params:jar:5.5.2:test (sources = true)[0m
2026.03.09 20:45:16 INFO  Downloading from central: https://repo.maven.apache.org/maven2/org/junit/jupiter/junit-jupiter-params/5.5.2/junit-jupiter-params-5.5.2-sources.jar[0m
2026.03.09 20:45:16 INFO  Progress (1): 8.2/61 kB[0m
2026.03.09 20:45:16 INFO  Progress (1): 25/61 kB [0m
2026.03.09 20:45:16 INFO  Progress (1): 41/61 kB[0m
2026.03.09 20:45:16 INFO  Progress (1): 49/61 kB[0m
2026.03.09 20:45:16 INFO  Progress (1): 61 kB   [0m
2026.03.09 20:45:16 INFO                     [0m
2026.03.09 20:45:16 INFO  Downloaded from central: https://repo.maven.apache.org/maven2/org/junit/jupiter/junit-jupiter-params/5.5.2/junit-jupiter-params-5.5.2-sources.jar (61 kB at 878 kB/s)[0m
2026.03.09 20:45:16 INFO  [INFO] SUCCESS: org.junit.jupiter:junit-jupiter-params:jar:5.5.2:test (sources = true)[0m
2026.03.09 20:45:16 INFO  [INFO] Resolving artifact: com.sun.xml.fastinfoset:FastInfoset:jar:1.2.16:compile (sources = false)[0m
2026.03.09 20:45:16 INFO  [INFO] SUCCESS: com.sun.xml.fastinfoset:FastInfoset:jar:1.2.16:compile (sources = false)[0m
2026.03.09 20:45:16 INFO  [INFO] Resolving artifact: com.sun.xml.fastinfoset:FastInfoset:jar:1.2.16:compile (sources = true)[0m
2026.03.09 20:45:16 INFO  Downloading from central: https://repo.maven.apache.org/maven2/com/sun/xml/fastinfoset/FastInfoset/1.2.16/FastInfoset-1.2.16-sources.jar[0m
2026.03.09 20:45:16 INFO  Progress (1): 7.7/267 kB[0m
2026.03.09 20:45:16 INFO  Progress (1): 16/267 kB [0m
2026.03.09 20:45:16 INFO  Progress (1): 32/267 kB[0m
2026.03.09 20:45:16 INFO  Progress (1): 49/267 kB[0m
2026.03.09 20:45:16 INFO  Progress (1): 65/267 kB[0m
2026.03.09 20:45:16 INFO  Progress (1): 66/267 kB[0m
2026.03.09 20:45:16 INFO  Progress (1): 82/267 kB[0m
2026.03.09 20:45:16 INFO  Progress (1): 98/267 kB[0m
2026.03.09 20:45:16 INFO  Progress (1): 115/267 kB[0m
2026.03.09 20:45:16 INFO  Progress (1): 131/267 kB[0m
2026.03.09 20:45:16 INFO  Progress (1): 147/267 kB[0m
2026.03.09 20:45:16 INFO  Progress (1): 164/267 kB[0m
2026.03.09 20:45:16 INFO  Progress (1): 180/267 kB[0m
2026.03.09 20:45:16 INFO  Progress (1): 197/267 kB[0m
2026.03.09 20:45:17 INFO  Progress (1): 213/267 kB[0m
2026.03.09 20:45:17 INFO  Progress (1): 229/267 kB[0m
2026.03.09 20:45:17 INFO  Progress (1): 246/267 kB[0m
2026.03.09 20:45:17 INFO  Progress (1): 262/267 kB[0m
2026.03.09 20:45:17 INFO  Progress (1): 267 kB    [0m
2026.03.09 20:45:17 INFO                      [0m
2026.03.09 20:45:17 INFO  Downloaded from central: https://repo.maven.apache.org/maven2/com/sun/xml/fastinfoset/FastInfoset/1.2.16/FastInfoset-1.2.16-sources.jar (267 kB at 2.0 MB/s)[0m
2026.03.09 20:45:17 INFO  [INFO] SUCCESS: com.sun.xml.fastinfoset:FastInfoset:jar:1.2.16:compile (sources = true)[0m
2026.03.09 20:45:17 INFO  [INFO] Resolving artifact: com.jayway.jsonpath:json-path:jar:2.4.0:test (sources = false)[0m
2026.03.09 20:45:17 INFO  [INFO] SUCCESS: com.jayway.jsonpath:json-path:jar:2.4.0:test (sources = false)[0m
2026.03.09 20:45:17 INFO  [INFO] Resolving artifact: com.jayway.jsonpath:json-path:jar:2.4.0:test (sources = true)[0m
2026.03.09 20:45:17 INFO  Downloading from central: https://repo.maven.apache.org/maven2/com/jayway/jsonpath/json-path/2.4.0/json-path-2.4.0-sources.jar[0m
2026.03.09 20:45:17 INFO  Progress (1): 4.1/114 kB[0m
2026.03.09 20:45:17 INFO  Progress (1): 20/114 kB [0m
2026.03.09 20:45:17 INFO  Progress (1): 37/114 kB[0m
2026.03.09 20:45:17 INFO  Progress (1): 53/114 kB[0m
2026.03.09 20:45:17 INFO  Progress (1): 70/114 kB[0m
2026.03.09 20:45:17 INFO  Progress (1): 86/114 kB[0m
2026.03.09 20:45:17 INFO  Progress (1): 102/114 kB[0m
2026.03.09 20:45:17 INFO  Progress (1): 114 kB    [0m
2026.03.09 20:45:17 INFO                      [0m
2026.03.09 20:45:17 INFO  Downloaded from central: https://repo.maven.apache.org/maven2/com/jayway/jsonpath/json-path/2.4.0/json-path-2.4.0-sources.jar (114 kB at 1.4 MB/s)[0m
2026.03.09 20:45:17 INFO  [INFO] SUCCESS: com.jayway.jsonpath:json-path:jar:2.4.0:test (sources = true)[0m
2026.03.09 20:45:17 INFO  [INFO] Resolving artifact: org.junit.jupiter:junit-jupiter-api:jar:5.5.2:test (sources = false)[0m
2026.03.09 20:45:17 INFO  [INFO] SUCCESS: org.junit.jupiter:junit-jupiter-api:jar:5.5.2:test (sources = false)[0m
2026.03.09 20:45:17 INFO  [INFO] Resolving artifact: org.junit.jupiter:junit-jupiter-api:jar:5.5.2:test (sources = true)[0m
2026.03.09 20:45:17 INFO  Downloading from central: https://repo.maven.apache.org/maven2/org/junit/jupiter/junit-jupiter-api/5.5.2/junit-jupiter-api-5.5.2-sources.jar[0m
2026.03.09 20:45:17 INFO  Progress (1): 7.7/155 kB[0m
2026.03.09 20:45:17 INFO  Progress (1): 12/155 kB [0m
2026.03.09 20:45:17 INFO  Progress (1): 29/155 kB[0m
2026.03.09 20:45:17 INFO  Progress (1): 45/155 kB[0m
2026.03.09 20:45:17 INFO  Progress (1): 61/155 kB[0m
2026.03.09 20:45:17 INFO  Progress (1): 78/155 kB[0m
2026.03.09 20:45:17 INFO  Progress (1): 94/155 kB[0m
2026.03.09 20:45:17 INFO  Progress (1): 111/155 kB[0m
2026.03.09 20:45:17 INFO  Progress (1): 127/155 kB[0m
2026.03.09 20:45:17 INFO  Progress (1): 143/155 kB[0m
2026.03.09 20:45:17 INFO  Progress (1): 155 kB    [0m
2026.03.09 20:45:17 INFO                      [0m
2026.03.09 20:45:17 INFO  Downloaded from central: https://repo.maven.apache.org/maven2/org/junit/jupiter/junit-jupiter-api/5.5.2/junit-jupiter-api-5.5.2-sources.jar (155 kB at 1.6 MB/s)[0m
2026.03.09 20:45:17 INFO  [INFO] SUCCESS: org.junit.jupiter:junit-jupiter-api:jar:5.5.2:test (sources = true)[0m
2026.03.09 20:45:17 INFO  [INFO] Resolving artifact: org.springframework.boot:spring-boot-starter-logging:jar:2.2.2.RELEASE:compile (sources = false)[0m
2026.03.09 20:45:17 INFO  [INFO] SUCCESS: org.springframework.boot:spring-boot-starter-logging:jar:2.2.2.RELEASE:compile (sources = false)[0m
2026.03.09 20:45:17 INFO  [INFO] Resolving artifact: org.springframework.boot:spring-boot-starter-logging:jar:2.2.2.RELEASE:compile (sources = true)[0m
2026.03.09 20:45:17 INFO  Downloading from central: https://repo.maven.apache.org/maven2/org/springframework/boot/spring-boot-starter-logging/2.2.2.RELEASE/spring-boot-starter-logging-2.2.2.RELEASE-sources.jar[0m
2026.03.09 20:45:17 INFO  Progress (1): 2.1 kB[0m
2026.03.09 20:45:17 INFO                      [0m
2026.03.09 20:45:17 INFO  Downloaded from central: https://repo.maven.apache.org/maven2/org/springframework/boot/spring-boot-starter-logging/2.2.2.RELEASE/spring-boot-starter-logging-2.2.2.RELEASE-sources.jar (2.1 kB at 25 kB/s)[0m
2026.03.09 20:45:17 INFO  [INFO] SUCCESS: org.springframework.boot:spring-boot-starter-logging:jar:2.2.2.RELEASE:compile (sources = true)[0m
2026.03.09 20:45:17 INFO  [INFO] Resolving artifact: org.jvnet.staxex:stax-ex:jar:1.8.1:compile (sources = false)[0m
2026.03.09 20:45:17 INFO  [INFO] SUCCESS: org.jvnet.staxex:stax-ex:jar:1.8.1:compile (sources = false)[0m
2026.03.09 20:45:17 INFO  [INFO] Resolving artifact: org.jvnet.staxex:stax-ex:jar:1.8.1:compile (sources = true)[0m
2026.03.09 20:45:17 INFO  Downloading from central: https://repo.maven.apache.org/maven2/org/jvnet/staxex/stax-ex/1.8.1/stax-ex-1.8.1-sources.jar[0m
2026.03.09 20:45:17 INFO  Progress (1): 7.7/37 kB[0m
2026.03.09 20:45:17 INFO  Progress (1): 16/37 kB [0m
2026.03.09 20:45:17 INFO  Progress (1): 25/37 kB[0m
2026.03.09 20:45:17 INFO  Progress (1): 37 kB   [0m
2026.03.09 20:45:17 INFO                     [0m
2026.03.09 20:45:17 INFO  Downloaded from central: https://repo.maven.apache.org/maven2/org/jvnet/staxex/stax-ex/1.8.1/stax-ex-1.8.1-sources.jar (37 kB at 691 kB/s)[0m
2026.03.09 20:45:17 INFO  [INFO] SUCCESS: org.jvnet.staxex:stax-ex:jar:1.8.1:compile (sources = true)[0m
2026.03.09 20:45:17 INFO  [INFO] Resolving artifact: com.zaxxer:HikariCP:jar:3.4.1:compile (sources = false)[0m
2026.03.09 20:45:17 INFO  [INFO] SUCCESS: com.zaxxer:HikariCP:jar:3.4.1:compile (sources = false)[0m
2026.03.09 20:45:17 INFO  [INFO] Resolving artifact: com.zaxxer:HikariCP:jar:3.4.1:compile (sources = true)[0m
2026.03.09 20:45:17 INFO  Downloading from central: https://repo.maven.apache.org/maven2/com/zaxxer/HikariCP/3.4.1/HikariCP-3.4.1-sources.jar[0m
2026.03.09 20:45:17 INFO  Progress (1): 7.7/84 kB[0m
2026.03.09 20:45:17 INFO  Progress (1): 8.2/84 kB[0m
2026.03.09 20:45:17 INFO  Progress (1): 25/84 kB [0m
2026.03.09 20:45:17 INFO  Progress (1): 41/84 kB[0m
2026.03.09 20:45:17 INFO  Progress (1): 57/84 kB[0m
2026.03.09 20:45:17 INFO  Progress (1): 74/84 kB[0m
2026.03.09 20:45:17 INFO  Progress (1): 84 kB   [0m
2026.03.09 20:45:17 INFO                     [0m
2026.03.09 20:45:17 INFO  Downloaded from central: https://repo.maven.apache.org/maven2/com/zaxxer/HikariCP/3.4.1/HikariCP-3.4.1-sources.jar (84 kB at 1.3 MB/s)[0m
2026.03.09 20:45:17 INFO  [INFO] SUCCESS: com.zaxxer:HikariCP:jar:3.4.1:compile (sources = true)[0m
2026.03.09 20:45:17 INFO  [INFO] Resolving artifact: io.springfox:springfox-swagger-ui:jar:2.8.0:compile (sources = false)[0m
2026.03.09 20:45:17 INFO  [INFO] SUCCESS: io.springfox:springfox-swagger-ui:jar:2.8.0:compile (sources = false)[0m
2026.03.09 20:45:17 INFO  [INFO] Resolving artifact: io.springfox:springfox-swagger-ui:jar:2.8.0:compile (sources = true)[0m
2026.03.09 20:45:17 INFO  Downloading from central: https://repo.maven.apache.org/maven2/io/springfox/springfox-swagger-ui/2.8.0/springfox-swagger-ui-2.8.0-sources.jar[0m
2026.03.09 20:45:17 INFO  Progress (1): 793 B[0m
2026.03.09 20:45:17 INFO                     [0m
2026.03.09 20:45:17 INFO  Downloaded from central: https://repo.maven.apache.org/maven2/io/springfox/springfox-swagger-ui/2.8.0/springfox-swagger-ui-2.8.0-sources.jar (793 B at 3.8 kB/s)[0m
2026.03.09 20:45:17 INFO  [INFO] SUCCESS: io.springfox:springfox-swagger-ui:jar:2.8.0:compile (sources = true)[0m
2026.03.09 20:45:17 INFO  [INFO] Resolving artifact: org.springframework.boot:spring-boot-starter-aop:jar:2.2.2.RELEASE:compile (sources = false)[0m
2026.03.09 20:45:17 INFO  [INFO] SUCCESS: org.springframework.boot:spring-boot-starter-aop:jar:2.2.2.RELEASE:compile (sources = false)[0m
2026.03.09 20:45:17 INFO  [INFO] Resolving artifact: org.springframework.boot:spring-boot-starter-aop:jar:2.2.2.RELEASE:compile (sources = true)[0m
2026.03.09 20:45:17 INFO  Downloading from central: https://repo.maven.apache.org/maven2/org/springframework/boot/spring-boot-starter-aop/2.2.2.RELEASE/spring-boot-starter-aop-2.2.2.RELEASE-sources.jar[0m
2026.03.09 20:45:17 INFO  Progress (1): 2.0 kB[0m
2026.03.09 20:45:17 INFO                      [0m
2026.03.09 20:45:17 INFO  Downloaded from central: https://repo.maven.apache.org/maven2/org/springframework/boot/spring-boot-starter-aop/2.2.2.RELEASE/spring-boot-starter-aop-2.2.2.RELEASE-sources.jar (2.0 kB at 23 kB/s)[0m
2026.03.09 20:45:17 INFO  [INFO] SUCCESS: org.springframework.boot:spring-boot-starter-aop:jar:2.2.2.RELEASE:compile (sources = true)[0m
2026.03.09 20:45:17 INFO  [INFO] Resolving artifact: org.mockito:mockito-core:jar:3.1.0:test (sources = false)[0m
2026.03.09 20:45:17 INFO  [INFO] SUCCESS: org.mockito:mockito-core:jar:3.1.0:test (sources = false)[0m
2026.03.09 20:45:17 INFO  [INFO] Resolving artifact: org.mockito:mockito-core:jar:3.1.0:test (sources = true)[0m
2026.03.09 20:45:17 INFO  Downloading from central: https://repo.maven.apache.org/maven2/org/mockito/mockito-core/3.1.0/mockito-core-3.1.0-sources.jar[0m
2026.03.09 20:45:17 INFO  Progress (1): 8.2/487 kB[0m
2026.03.09 20:45:17 INFO  Progress (1): 25/487 kB [0m
2026.03.09 20:45:17 INFO  Progress (1): 41/487 kB[0m
2026.03.09 20:45:17 INFO  Progress (1): 57/487 kB[0m
2026.03.09 20:45:17 INFO  Progress (1): 74/487 kB[0m
2026.03.09 20:45:17 INFO  Progress (1): 90/487 kB[0m
2026.03.09 20:45:17 INFO  Progress (1): 106/487 kB[0m
2026.03.09 20:45:17 INFO  Progress (1): 123/487 kB[0m
2026.03.09 20:45:17 INFO  Progress (1): 139/487 kB[0m
2026.03.09 20:45:17 INFO  Progress (1): 156/487 kB[0m
2026.03.09 20:45:17 INFO  Progress (1): 172/487 kB[0m
2026.03.09 20:45:17 INFO  Progress (1): 188/487 kB[0m
2026.03.09 20:45:17 INFO  Progress (1): 205/487 kB[0m
2026.03.09 20:45:17 INFO  Progress (1): 221/487 kB[0m
2026.03.09 20:45:17 INFO  Progress (1): 238/487 kB[0m
2026.03.09 20:45:17 INFO  Progress (1): 254/487 kB[0m
2026.03.09 20:45:17 INFO  Progress (1): 270/487 kB[0m
2026.03.09 20:45:17 INFO  Progress (1): 287/487 kB[0m
2026.03.09 20:45:17 INFO  Progress (1): 303/487 kB[0m
2026.03.09 20:45:17 INFO  Progress (1): 319/487 kB[0m
2026.03.09 20:45:17 INFO  Progress (1): 336/487 kB[0m
2026.03.09 20:45:17 INFO  Progress (1): 352/487 kB[0m
2026.03.09 20:45:17 INFO  Progress (1): 369/487 kB[0m
2026.03.09 20:45:17 INFO  Progress (1): 385/487 kB[0m
2026.03.09 20:45:17 INFO  Progress (1): 401/487 kB[0m
2026.03.09 20:45:17 INFO  Progress (1): 418/487 kB[0m
2026.03.09 20:45:17 INFO  Progress (1): 434/487 kB[0m
2026.03.09 20:45:17 INFO  Progress (1): 451/487 kB[0m
2026.03.09 20:45:17 INFO  Progress (1): 466/487 kB[0m
2026.03.09 20:45:17 INFO  Progress (1): 483/487 kB[0m
2026.03.09 20:45:17 INFO  Progress (1): 487 kB    [0m
2026.03.09 20:45:17 INFO                      [0m
2026.03.09 20:45:17 INFO  Downloaded from central: https://repo.maven.apache.org/maven2/org/mockito/mockito-core/3.1.0/mockito-core-3.1.0-sources.jar (487 kB at 2.3 MB/s)[0m
2026.03.09 20:45:17 INFO  [INFO] SUCCESS: org.mockito:mockito-core:jar:3.1.0:test (sources = true)[0m
2026.03.09 20:45:17 INFO  [INFO] Resolving artifact: com.fasterxml.jackson.core:jackson-annotations:jar:2.10.1:compile (sources = false)[0m
2026.03.09 20:45:17 INFO  [INFO] SUCCESS: com.fasterxml.jackson.core:jackson-annotations:jar:2.10.1:compile (sources = false)[0m
2026.03.09 20:45:17 INFO  [INFO] Resolving artifact: com.fasterxml.jackson.core:jackson-annotations:jar:2.10.1:compile (sources = true)[0m
2026.03.09 20:45:17 INFO  Downloading from central: https://repo.maven.apache.org/maven2/com/fasterxml/jackson/core/jackson-annotations/2.10.1/jackson-annotations-2.10.1-sources.jar[0m
2026.03.09 20:45:18 INFO  Progress (1): 7.7/72 kB[0m
2026.03.09 20:45:18 INFO  Progress (1): 16/72 kB [0m
2026.03.09 20:45:18 INFO  Progress (1): 32/72 kB[0m
2026.03.09 20:45:18 INFO  Progress (1): 49/72 kB[0m
2026.03.09 20:45:18 INFO  Progress (1): 61/72 kB[0m
2026.03.09 20:45:18 INFO  Progress (1): 72 kB   [0m
2026.03.09 20:45:18 INFO                     [0m
2026.03.09 20:45:18 INFO  Downloaded from central: https://repo.maven.apache.org/maven2/com/fasterxml/jackson/core/jackson-annotations/2.10.1/jackson-annotations-2.10.1-sources.jar (72 kB at 745 kB/s)[0m
2026.03.09 20:45:18 INFO  [INFO] SUCCESS: com.fasterxml.jackson.core:jackson-annotations:jar:2.10.1:compile (sources = true)[0m
2026.03.09 20:45:18 INFO  [INFO] Resolving artifact: org.springframework.plugin:spring-plugin-core:jar:1.2.0.RELEASE:compile (sources = false)[0m
2026.03.09 20:45:18 INFO  [INFO] SUCCESS: org.springframework.plugin:spring-plugin-core:jar:1.2.0.RELEASE:compile (sources = false)[0m
2026.03.09 20:45:18 INFO  [INFO] Resolving artifact: org.springframework.plugin:spring-plugin-core:jar:1.2.0.RELEASE:compile (sources = true)[0m
2026.03.09 20:45:18 INFO  Downloading from central: https://repo.maven.apache.org/maven2/org/springframework/plugin/spring-plugin-core/1.2.0.RELEASE/spring-plugin-core-1.2.0.RELEASE-sources.jar[0m
2026.03.09 20:45:18 INFO  Progress (1): 7.7/20 kB[0m
2026.03.09 20:45:18 INFO  Progress (1): 12/20 kB [0m
2026.03.09 20:45:18 INFO  Progress (1): 20 kB   [0m
2026.03.09 20:45:18 INFO                     [0m
2026.03.09 20:45:18 INFO  Downloaded from central: https://repo.maven.apache.org/maven2/org/springframework/plugin/spring-plugin-core/1.2.0.RELEASE/spring-plugin-core-1.2.0.RELEASE-sources.jar (20 kB at 371 kB/s)[0m
2026.03.09 20:45:18 INFO  [INFO] SUCCESS: org.springframework.plugin:spring-plugin-core:jar:1.2.0.RELEASE:compile (sources = true)[0m
2026.03.09 20:45:18 INFO  [INFO] Resolving artifact: org.reflections:reflections:jar:0.9.11:compile (sources = false)[0m
2026.03.09 20:45:18 INFO  [INFO] SUCCESS: org.reflections:reflections:jar:0.9.11:compile (sources = false)[0m
2026.03.09 20:45:18 INFO  [INFO] Resolving artifact: org.reflections:reflections:jar:0.9.11:compile (sources = true)[0m
2026.03.09 20:45:18 INFO  Downloading from central: https://repo.maven.apache.org/maven2/org/reflections/reflections/0.9.11/reflections-0.9.11-sources.jar[0m
2026.03.09 20:45:18 INFO  Progress (1): 7.7/55 kB[0m
2026.03.09 20:45:18 INFO  Progress (1): 12/55 kB [0m
2026.03.09 20:45:18 INFO  Progress (1): 29/55 kB[0m
2026.03.09 20:45:18 INFO  Progress (1): 45/55 kB[0m
2026.03.09 20:45:18 INFO  Progress (1): 55 kB   [0m
2026.03.09 20:45:18 INFO                     [0m
2026.03.09 20:45:18 INFO  Downloaded from central: https://repo.maven.apache.org/maven2/org/reflections/reflections/0.9.11/reflections-0.9.11-sources.jar (55 kB at 718 kB/s)[0m
2026.03.09 20:45:18 INFO  [INFO] SUCCESS: org.reflections:reflections:jar:0.9.11:compile (sources = true)[0m
2026.03.09 20:45:18 INFO  [INFO] Resolving artifact: com.fasterxml.jackson.datatype:jackson-datatype-jsr310:jar:2.10.1:compile (sources = false)[0m
2026.03.09 20:45:18 INFO  [INFO] SUCCESS: com.fasterxml.jackson.datatype:jackson-datatype-jsr310:jar:2.10.1:compile (sources = false)[0m
2026.03.09 20:45:18 INFO  [INFO] Resolving artifact: com.fasterxml.jackson.datatype:jackson-datatype-jsr310:jar:2.10.1:compile (sources = true)[0m
2026.03.09 20:45:18 INFO  Downloading from central: https://repo.maven.apache.org/maven2/com/fasterxml/jackson/datatype/jackson-datatype-jsr310/2.10.1/jackson-datatype-jsr310-2.10.1-sources.jar[0m
2026.03.09 20:45:18 INFO  Progress (1): 7.7/73 kB[0m
2026.03.09 20:45:18 INFO  Progress (1): 16/73 kB [0m
2026.03.09 20:45:18 INFO  Progress (1): 25/73 kB[0m
2026.03.09 20:45:18 INFO  Progress (1): 41/73 kB[0m
2026.03.09 20:45:18 INFO  Progress (1): 57/73 kB[0m
2026.03.09 20:45:18 INFO  Progress (1): 73 kB   [0m
2026.03.09 20:45:18 INFO                     [0m
2026.03.09 20:45:18 INFO  Downloaded from central: https://repo.maven.apache.org/maven2/com/fasterxml/jackson/datatype/jackson-datatype-jsr310/2.10.1/jackson-datatype-jsr310-2.10.1-sources.jar (73 kB at 964 kB/s)[0m
2026.03.09 20:45:18 INFO  [INFO] SUCCESS: com.fasterxml.jackson.datatype:jackson-datatype-jsr310:jar:2.10.1:compile (sources = true)[0m
2026.03.09 20:45:18 INFO  [INFO] Resolving artifact: org.springframework:spring-context:jar:5.2.2.RELEASE:compile (sources = false)[0m
2026.03.09 20:45:18 INFO  [INFO] SUCCESS: org.springframework:spring-context:jar:5.2.2.RELEASE:compile (sources = false)[0m
2026.03.09 20:45:18 INFO  [INFO] Resolving artifact: org.springframework:spring-context:jar:5.2.2.RELEASE:compile (sources = true)[0m
2026.03.09 20:45:18 INFO  Downloading from central: https://repo.maven.apache.org/maven2/org/springframework/spring-context/5.2.2.RELEASE/spring-context-5.2.2.RELEASE-sources.jar[0m
2026.03.09 20:45:18 INFO  Progress (1): 0/1.1 MB[0m
2026.03.09 20:45:18 INFO  Progress (1): 0/1.1 MB[0m
2026.03.09 20:45:18 INFO  Progress (1): 0/1.1 MB[0m
2026.03.09 20:45:18 INFO  Progress (1): 0/1.1 MB[0m
2026.03.09 20:45:18 INFO  Progress (1): 0.1/1.1 MB[0m
2026.03.09 20:45:18 INFO  Progress (1): 0.1/1.1 MB[0m
2026.03.09 20:45:18 INFO  Progress (1): 0.1/1.1 MB[0m
2026.03.09 20:45:18 INFO  Progress (1): 0.1/1.1 MB[0m
2026.03.09 20:45:18 INFO  Progress (1): 0.1/1.1 MB[0m
2026.03.09 20:45:18 INFO  Progress (1): 0.1/1.1 MB[0m
2026.03.09 20:45:18 INFO  Progress (1): 0.1/1.1 MB[0m
2026.03.09 20:45:18 INFO  Progress (1): 0.2/1.1 MB[0m
2026.03.09 20:45:18 INFO  Progress (1): 0.2/1.1 MB[0m
2026.03.09 20:45:18 INFO  Progress (1): 0.2/1.1 MB[0m
2026.03.09 20:45:18 INFO  Progress (1): 0.2/1.1 MB[0m
2026.03.09 20:45:18 INFO  Progress (1): 0.2/1.1 MB[0m
2026.03.09 20:45:18 INFO  Progress (1): 0.2/1.1 MB[0m
2026.03.09 20:45:18 INFO  Progress (1): 0.3/1.1 MB[0m
2026.03.09 20:45:18 INFO  Progress (1): 0.3/1.1 MB[0m
2026.03.09 20:45:18 INFO  Progress (1): 0.3/1.1 MB[0m
2026.03.09 20:45:18 INFO  Progress (1): 0.3/1.1 MB[0m
2026.03.09 20:45:18 INFO  Progress (1): 0.3/1.1 MB[0m
2026.03.09 20:45:18 INFO  Progress (1): 0.3/1.1 MB[0m
2026.03.09 20:45:18 INFO  Progress (1): 0.4/1.1 MB[0m
2026.03.09 20:45:18 INFO  Progress (1): 0.4/1.1 MB[0m
2026.03.09 20:45:18 INFO  Progress (1): 0.4/1.1 MB[0m
2026.03.09 20:45:18 INFO  Progress (1): 0.4/1.1 MB[0m
2026.03.09 20:45:18 INFO  Progress (1): 0.4/1.1 MB[0m
2026.03.09 20:45:18 INFO  Progress (1): 0.4/1.1 MB[0m
2026.03.09 20:45:18 INFO  Progress (1): 0.5/1.1 MB[0m
2026.03.09 20:45:18 INFO  Progress (1): 0.5/1.1 MB[0m
2026.03.09 20:45:18 INFO  Progress (1): 0.5/1.1 MB[0m
2026.03.09 20:45:18 INFO  Progress (1): 0.5/1.1 MB[0m
2026.03.09 20:45:18 INFO  Progress (1): 0.5/1.1 MB[0m
2026.03.09 20:45:18 INFO  Progress (1): 0.5/1.1 MB[0m
2026.03.09 20:45:18 INFO  Progress (1): 0.6/1.1 MB[0m
2026.03.09 20:45:18 INFO  Progress (1): 0.6/1.1 MB[0m
2026.03.09 20:45:18 INFO  Progress (1): 0.6/1.1 MB[0m
2026.03.09 20:45:18 INFO  Progress (1): 0.6/1.1 MB[0m
2026.03.09 20:45:18 INFO  Progress (1): 0.6/1.1 MB[0m
2026.03.09 20:45:18 INFO  Progress (1): 0.6/1.1 MB[0m
2026.03.09 20:45:18 INFO  Progress (1): 0.7/1.1 MB[0m
2026.03.09 20:45:18 INFO  Progress (1): 0.7/1.1 MB[0m
2026.03.09 20:45:18 INFO  Progress (1): 0.7/1.1 MB[0m
2026.03.09 20:45:18 INFO  Progress (1): 0.7/1.1 MB[0m
2026.03.09 20:45:18 INFO  Progress (1): 0.7/1.1 MB[0m
2026.03.09 20:45:18 INFO  Progress (1): 0.7/1.1 MB[0m
2026.03.09 20:45:18 INFO  Progress (1): 0.8/1.1 MB[0m
2026.03.09 20:45:18 INFO  Progress (1): 0.8/1.1 MB[0m
2026.03.09 20:45:18 INFO  Progress (1): 0.8/1.1 MB[0m
2026.03.09 20:45:18 INFO  Progress (1): 0.8/1.1 MB[0m
2026.03.09 20:45:18 INFO  Progress (1): 0.8/1.1 MB[0m
2026.03.09 20:45:18 INFO  Progress (1): 0.8/1.1 MB[0m
2026.03.09 20:45:18 INFO  Progress (1): 0.9/1.1 MB[0m
2026.03.09 20:45:18 INFO  Progress (1): 0.9/1.1 MB[0m
2026.03.09 20:45:18 INFO  Progress (1): 0.9/1.1 MB[0m
2026.03.09 20:45:18 INFO  Progress (1): 0.9/1.1 MB[0m
2026.03.09 20:45:18 INFO  Progress (1): 0.9/1.1 MB[0m
2026.03.09 20:45:18 INFO  Progress (1): 0.9/1.1 MB[0m
2026.03.09 20:45:18 INFO  Progress (1): 1.0/1.1 MB[0m
2026.03.09 20:45:18 INFO  Progress (1): 1.0/1.1 MB[0m
2026.03.09 20:45:18 INFO  Progress (1): 1.0/1.1 MB[0m
2026.03.09 20:45:18 INFO  Progress (1): 1.0/1.1 MB[0m
2026.03.09 20:45:18 INFO  Progress (1): 1.0/1.1 MB[0m
2026.03.09 20:45:18 INFO  Progress (1): 1.0/1.1 MB[0m
2026.03.09 20:45:18 INFO  Progress (1): 1.0/1.1 MB[0m
2026.03.09 20:45:18 INFO  Progress (1): 1.1 MB    [0m
2026.03.09 20:45:18 INFO                      [0m
2026.03.09 20:45:18 INFO  Downloaded from central: https://repo.maven.apache.org/maven2/org/springframework/spring-context/5.2.2.RELEASE/spring-context-5.2.2.RELEASE-sources.jar (1.1 MB at 1.9 MB/s)[0m
2026.03.09 20:45:18 INFO  [INFO] SUCCESS: org.springframework:spring-context:jar:5.2.2.RELEASE:compile (sources = true)[0m
2026.03.09 20:45:18 INFO  [INFO] Resolving artifact: com.fasterxml:classmate:jar:1.5.1:compile (sources = false)[0m
2026.03.09 20:45:18 INFO  [INFO] SUCCESS: com.fasterxml:classmate:jar:1.5.1:compile (sources = false)[0m
2026.03.09 20:45:18 INFO  [INFO] Resolving artifact: com.fasterxml:classmate:jar:1.5.1:compile (sources = true)[0m
2026.03.09 20:45:18 INFO  Downloading from central: https://repo.maven.apache.org/maven2/com/fasterxml/classmate/1.5.1/classmate-1.5.1-sources.jar[0m
2026.03.09 20:45:18 INFO  Progress (1): 7.7/50 kB[0m
2026.03.09 20:45:18 INFO  Progress (1): 16/50 kB [0m
2026.03.09 20:45:18 INFO  Progress (1): 32/50 kB[0m
2026.03.09 20:45:18 INFO  Progress (1): 48/50 kB[0m
2026.03.09 20:45:18 INFO  Progress (1): 50 kB   [0m
2026.03.09 20:45:18 INFO                     [0m
2026.03.09 20:45:18 INFO  Downloaded from central: https://repo.maven.apache.org/maven2/com/fasterxml/classmate/1.5.1/classmate-1.5.1-sources.jar (50 kB at 646 kB/s)[0m
2026.03.09 20:45:18 INFO  [INFO] SUCCESS: com.fasterxml:classmate:jar:1.5.1:compile (sources = true)[0m
2026.03.09 20:45:18 INFO  [INFO] Resolving artifact: io.springfox:springfox-swagger2:jar:2.8.0:compile (sources = false)[0m
2026.03.09 20:45:18 INFO  [INFO] SUCCESS: io.springfox:springfox-swagger2:jar:2.8.0:compile (sources = false)[0m
2026.03.09 20:45:18 INFO  [INFO] Resolving artifact: io.springfox:springfox-swagger2:jar:2.8.0:compile (sources = true)[0m
2026.03.09 20:45:18 INFO  Downloading from central: https://repo.maven.apache.org/maven2/io/springfox/springfox-swagger2/2.8.0/springfox-swagger2-2.8.0-sources.jar[0m
2026.03.09 20:45:18 INFO  Progress (1): 7.7/31 kB[0m
2026.03.09 20:45:18 INFO  Progress (1): 8.2/31 kB[0m
2026.03.09 20:45:18 INFO  Progress (1): 25/31 kB [0m
2026.03.09 20:45:18 INFO  Progress (1): 31 kB   [0m
2026.03.09 20:45:18 INFO                     [0m
2026.03.09 20:45:18 INFO  Downloaded from central: https://repo.maven.apache.org/maven2/io/springfox/springfox-swagger2/2.8.0/springfox-swagger2-2.8.0-sources.jar (31 kB at 593 kB/s)[0m
2026.03.09 20:45:18 INFO  [INFO] SUCCESS: io.springfox:springfox-swagger2:jar:2.8.0:compile (sources = true)[0m
2026.03.09 20:45:18 INFO  [INFO] Resolving artifact: io.springfox:springfox-swagger-common:jar:2.8.0:compile (sources = false)[0m
2026.03.09 20:45:18 INFO  [INFO] SUCCESS: io.springfox:springfox-swagger-common:jar:2.8.0:compile (sources = false)[0m
2026.03.09 20:45:18 INFO  [INFO] Resolving artifact: io.springfox:springfox-swagger-common:jar:2.8.0:compile (sources = true)[0m
2026.03.09 20:45:18 INFO  Downloading from central: https://repo.maven.apache.org/maven2/io/springfox/springfox-swagger-common/2.8.0/springfox-swagger-common-2.8.0-sources.jar[0m
2026.03.09 20:45:19 INFO  Progress (1): 16/57 kB[0m
2026.03.09 20:45:19 INFO  Progress (1): 25/57 kB[0m
2026.03.09 20:45:19 INFO  Progress (1): 41/57 kB[0m
2026.03.09 20:45:19 INFO  Progress (1): 57 kB   [0m
2026.03.09 20:45:19 INFO                     [0m
2026.03.09 20:45:19 INFO  Downloaded from central: https://repo.maven.apache.org/maven2/io/springfox/springfox-swagger-common/2.8.0/springfox-swagger-common-2.8.0-sources.jar (57 kB at 932 kB/s)[0m
2026.03.09 20:45:19 INFO  [INFO] SUCCESS: io.springfox:springfox-swagger-common:jar:2.8.0:compile (sources = true)[0m
2026.03.09 20:45:19 INFO  [INFO] Resolving artifact: org.junit.jupiter:junit-jupiter:jar:5.5.2:test (sources = false)[0m
2026.03.09 20:45:19 INFO  [INFO] SUCCESS: org.junit.jupiter:junit-jupiter:jar:5.5.2:test (sources = false)[0m
2026.03.09 20:45:19 INFO  [INFO] Resolving artifact: org.junit.jupiter:junit-jupiter:jar:5.5.2:test (sources = true)[0m
2026.03.09 20:45:19 INFO  Downloading from central: https://repo.maven.apache.org/maven2/org/junit/jupiter/junit-jupiter/5.5.2/junit-jupiter-5.5.2-sources.jar[0m
2026.03.09 20:45:19 INFO  Progress (1): 6.1 kB[0m
2026.03.09 20:45:19 INFO                      [0m
2026.03.09 20:45:19 INFO  Downloaded from central: https://repo.maven.apache.org/maven2/org/junit/jupiter/junit-jupiter/5.5.2/junit-jupiter-5.5.2-sources.jar (6.1 kB at 138 kB/s)[0m
2026.03.09 20:45:19 INFO  [INFO] SUCCESS: org.junit.jupiter:junit-jupiter:jar:5.5.2:test (sources = true)[0m
2026.03.09 20:45:19 INFO  [INFO] Resolving artifact: net.minidev:json-smart:jar:2.3:test (sources = false)[0m
2026.03.09 20:45:19 INFO  [INFO] SUCCESS: net.minidev:json-smart:jar:2.3:test (sources = false)[0m
2026.03.09 20:45:19 INFO  [INFO] Resolving artifact: net.minidev:json-smart:jar:2.3:test (sources = true)[0m
2026.03.09 20:45:19 INFO  Downloading from central: https://repo.maven.apache.org/maven2/net/minidev/json-smart/2.3/json-smart-2.3-sources.jar[0m
2026.03.09 20:45:19 INFO  Progress (1): 7.7/56 kB[0m
2026.03.09 20:45:19 INFO  Progress (1): 16/56 kB [0m
2026.03.09 20:45:19 INFO  Progress (1): 25/56 kB[0m
2026.03.09 20:45:19 INFO  Progress (1): 41/56 kB[0m
2026.03.09 20:45:19 INFO  Progress (1): 56 kB   [0m
2026.03.09 20:45:19 INFO                     [0m
2026.03.09 20:45:19 INFO  Downloaded from central: https://repo.maven.apache.org/maven2/net/minidev/json-smart/2.3/json-smart-2.3-sources.jar (56 kB at 922 kB/s)[0m
2026.03.09 20:45:19 INFO  [INFO] SUCCESS: net.minidev:json-smart:jar:2.3:test (sources = true)[0m
2026.03.09 20:45:19 INFO  [INFO] Resolving artifact: org.springframework:spring-aspects:jar:5.2.2.RELEASE:compile (sources = false)[0m
2026.03.09 20:45:19 INFO  [INFO] SUCCESS: org.springframework:spring-aspects:jar:5.2.2.RELEASE:compile (sources = false)[0m
2026.03.09 20:45:19 INFO  [INFO] Resolving artifact: org.springframework:spring-aspects:jar:5.2.2.RELEASE:compile (sources = true)[0m
2026.03.09 20:45:19 INFO  Downloading from central: https://repo.maven.apache.org/maven2/org/springframework/spring-aspects/5.2.2.RELEASE/spring-aspects-5.2.2.RELEASE-sources.jar[0m
2026.03.09 20:45:19 INFO  Progress (1): 7.7/31 kB[0m
2026.03.09 20:45:19 INFO  Progress (1): 12/31 kB [0m
2026.03.09 20:45:19 INFO  Progress (1): 28/31 kB[0m
2026.03.09 20:45:19 INFO  Progress (1): 31 kB   [0m
2026.03.09 20:45:19 INFO                     [0m
2026.03.09 20:45:19 INFO  Downloaded from central: https://repo.maven.apache.org/maven2/org/springframework/spring-aspects/5.2.2.RELEASE/spring-aspects-5.2.2.RELEASE-sources.jar (31 kB at 137 kB/s)[0m
2026.03.09 20:45:19 INFO  [INFO] SUCCESS: org.springframework:spring-aspects:jar:5.2.2.RELEASE:compile (sources = true)[0m
2026.03.09 20:45:19 INFO  [INFO] Resolving artifact: org.slf4j:slf4j-api:jar:1.7.29:compile (sources = false)[0m
2026.03.09 20:45:19 INFO  [INFO] SUCCESS: org.slf4j:slf4j-api:jar:1.7.29:compile (sources = false)[0m
2026.03.09 20:45:19 INFO  [INFO] Resolving artifact: org.slf4j:slf4j-api:jar:1.7.29:compile (sources = true)[0m
2026.03.09 20:45:19 INFO  Downloading from central: https://repo.maven.apache.org/maven2/org/slf4j/slf4j-api/1.7.29/slf4j-api-1.7.29-sources.jar[0m
2026.03.09 20:45:19 INFO  Progress (1): 7.7/59 kB[0m
2026.03.09 20:45:19 INFO  Progress (1): 12/59 kB [0m
2026.03.09 20:45:19 INFO  Progress (1): 29/59 kB[0m
2026.03.09 20:45:19 INFO  Progress (1): 45/59 kB[0m
2026.03.09 20:45:19 INFO  Progress (1): 59 kB   [0m
2026.03.09 20:45:19 INFO                     [0m
2026.03.09 20:45:19 INFO  Downloaded from central: https://repo.maven.apache.org/maven2/org/slf4j/slf4j-api/1.7.29/slf4j-api-1.7.29-sources.jar (59 kB at 838 kB/s)[0m
2026.03.09 20:45:19 INFO  [INFO] SUCCESS: org.slf4j:slf4j-api:jar:1.7.29:compile (sources = true)[0m
2026.03.09 20:45:19 INFO  [INFO] Resolving artifact: org.springframework.data:spring-data-jpa:jar:2.2.3.RELEASE:compile (sources = false)[0m
2026.03.09 20:45:19 INFO  [INFO] SUCCESS: org.springframework.data:spring-data-jpa:jar:2.2.3.RELEASE:compile (sources = false)[0m
2026.03.09 20:45:19 INFO  [INFO] Resolving artifact: org.springframework.data:spring-data-jpa:jar:2.2.3.RELEASE:compile (sources = true)[0m
2026.03.09 20:45:19 INFO  [INFO] SUCCESS: org.springframework.data:spring-data-jpa:jar:2.2.3.RELEASE:compile (sources = true)[0m
2026.03.09 20:45:19 INFO  [INFO] Resolving artifact: io.springfox:springfox-spring-web:jar:2.8.0:compile (sources = false)[0m
2026.03.09 20:45:19 INFO  [INFO] SUCCESS: io.springfox:springfox-spring-web:jar:2.8.0:compile (sources = false)[0m
2026.03.09 20:45:19 INFO  [INFO] Resolving artifact: io.springfox:springfox-spring-web:jar:2.8.0:compile (sources = true)[0m
2026.03.09 20:45:19 INFO  Downloading from central: https://repo.maven.apache.org/maven2/io/springfox/springfox-spring-web/2.8.0/springfox-spring-web-2.8.0-sources.jar[0m
2026.03.09 20:45:19 INFO  Progress (1): 8.2/97 kB[0m
2026.03.09 20:45:19 INFO  Progress (1): 25/97 kB [0m
2026.03.09 20:45:19 INFO  Progress (1): 41/97 kB[0m
2026.03.09 20:45:19 INFO  Progress (1): 57/97 kB[0m
2026.03.09 20:45:19 INFO  Progress (1): 74/97 kB[0m
2026.03.09 20:45:19 INFO  Progress (1): 90/97 kB[0m
2026.03.09 20:45:19 INFO  Progress (1): 97 kB   [0m
2026.03.09 20:45:19 INFO                     [0m
2026.03.09 20:45:19 INFO  Downloaded from central: https://repo.maven.apache.org/maven2/io/springfox/springfox-spring-web/2.8.0/springfox-spring-web-2.8.0-sources.jar (97 kB at 1.1 MB/s)[0m
2026.03.09 20:45:19 INFO  [INFO] SUCCESS: io.springfox:springfox-spring-web:jar:2.8.0:compile (sources = true)[0m
2026.03.09 20:45:19 INFO  [INFO] Resolving artifact: org.springframework:spring-tx:jar:5.2.2.RELEASE:compile (sources = false)[0m
2026.03.09 20:45:19 INFO  [INFO] SUCCESS: org.springframework:spring-tx:jar:5.2.2.RELEASE:compile (sources = false)[0m
2026.03.09 20:45:19 INFO  [INFO] Resolving artifact: org.springframework:spring-tx:jar:5.2.2.RELEASE:compile (sources = true)[0m
2026.03.09 20:45:19 INFO  Downloading from central: https://repo.maven.apache.org/maven2/org/springframework/spring-tx/5.2.2.RELEASE/spring-tx-5.2.2.RELEASE-sources.jar[0m
2026.03.09 20:45:19 INFO  Progress (1): 8.2/337 kB[0m
2026.03.09 20:45:19 INFO  Progress (1): 25/337 kB [0m
2026.03.09 20:45:19 INFO  Progress (1): 41/337 kB[0m
2026.03.09 20:45:19 INFO  Progress (1): 57/337 kB[0m
2026.03.09 20:45:19 INFO  Progress (1): 66/337 kB[0m
2026.03.09 20:45:19 INFO  Progress (1): 82/337 kB[0m
2026.03.09 20:45:19 INFO  Progress (1): 98/337 kB[0m
2026.03.09 20:45:19 INFO  Progress (1): 115/337 kB[0m
2026.03.09 20:45:19 INFO  Progress (1): 131/337 kB[0m
2026.03.09 20:45:19 INFO  Progress (1): 147/337 kB[0m
2026.03.09 20:45:19 INFO  Progress (1): 164/337 kB[0m
2026.03.09 20:45:19 INFO  Progress (1): 180/337 kB[0m
2026.03.09 20:45:19 INFO  Progress (1): 197/337 kB[0m
2026.03.09 20:45:19 INFO  Progress (1): 213/337 kB[0m
2026.03.09 20:45:19 INFO  Progress (1): 229/337 kB[0m
2026.03.09 20:45:19 INFO  Progress (1): 246/337 kB[0m
2026.03.09 20:45:19 INFO  Progress (1): 262/337 kB[0m
2026.03.09 20:45:19 INFO  Progress (1): 279/337 kB[0m
2026.03.09 20:45:19 INFO  Progress (1): 295/337 kB[0m
2026.03.09 20:45:19 INFO  Progress (1): 311/337 kB[0m
2026.03.09 20:45:19 INFO  Progress (1): 328/337 kB[0m
2026.03.09 20:45:19 INFO  Progress (1): 337 kB    [0m
2026.03.09 20:45:19 INFO                      [0m
2026.03.09 20:45:19 INFO  Downloaded from central: https://repo.maven.apache.org/maven2/org/springframework/spring-tx/5.2.2.RELEASE/spring-tx-5.2.2.RELEASE-sources.jar (337 kB at 1.6 MB/s)[0m
2026.03.09 20:45:19 INFO  [INFO] SUCCESS: org.springframework:spring-tx:jar:5.2.2.RELEASE:compile (sources = true)[0m
2026.03.09 20:45:19 INFO  [INFO] Resolving artifact: net.minidev:accessors-smart:jar:1.2:test (sources = false)[0m
2026.03.09 20:45:19 INFO  [INFO] SUCCESS: net.minidev:accessors-smart:jar:1.2:test (sources = false)[0m
2026.03.09 20:45:19 INFO  [INFO] Resolving artifact: net.minidev:accessors-smart:jar:1.2:test (sources = true)[0m
2026.03.09 20:45:19 INFO  Downloading from central: https://repo.maven.apache.org/maven2/net/minidev/accessors-smart/1.2/accessors-smart-1.2-sources.jar[0m
2026.03.09 20:45:19 INFO  Progress (1): 4.1/16 kB[0m
2026.03.09 20:45:19 INFO  Progress (1): 16 kB    [0m
2026.03.09 20:45:19 INFO                     [0m
2026.03.09 20:45:19 INFO  Downloaded from central: https://repo.maven.apache.org/maven2/net/minidev/accessors-smart/1.2/accessors-smart-1.2-sources.jar (16 kB at 339 kB/s)[0m
2026.03.09 20:45:19 INFO  [INFO] SUCCESS: net.minidev:accessors-smart:jar:1.2:test (sources = true)[0m
2026.03.09 20:45:19 INFO  [INFO] Resolving artifact: antlr:antlr:jar:2.7.7:compile (sources = false)[0m
2026.03.09 20:45:19 INFO  [INFO] SUCCESS: antlr:antlr:jar:2.7.7:compile (sources = false)[0m
2026.03.09 20:45:19 INFO  [INFO] Resolving artifact: antlr:antlr:jar:2.7.7:compile (sources = true)[0m
2026.03.09 20:45:19 INFO  Downloading from central: https://repo.maven.apache.org/maven2/antlr/antlr/2.7.7/antlr-2.7.7-sources.jar[0m
2026.03.09 20:45:19 INFO  [ERROR] FAILURE antlr:antlr:jar:2.7.7:compile (sources = true)[0m
2026.03.09 20:45:19 INFO  org.eclipse.aether.resolution.ArtifactResolutionException: The following artifacts could not be resolved: antlr:antlr:jar:sources:2.7.7 (absent): Could not find artifact antlr:antlr:jar:sources:2.7.7 in central (https://repo.maven.apache.org/maven2)[0m
2026.03.09 20:45:19 INFO      at org.eclipse.aether.internal.impl.DefaultArtifactResolver.resolve (DefaultArtifactResolver.java:473)[0m
2026.03.09 20:45:19 INFO      at org.eclipse.aether.internal.impl.DefaultArtifactResolver.resolveArtifacts (DefaultArtifactResolver.java:261)[0m
2026.03.09 20:45:19 INFO      at org.eclipse.aether.internal.impl.DefaultArtifactResolver.resolveArtifact (DefaultArtifactResolver.java:243)[0m
2026.03.09 20:45:19 INFO      at org.eclipse.aether.internal.impl.DefaultRepositorySystem.resolveArtifact (DefaultRepositorySystem.java:278)[0m
2026.03.09 20:45:19 INFO      at bloop.integrations.maven.MojoImplementation$.bloop$integrations$maven$MojoImplementation$$resolveArtifact$1 (MojoImplementation.scala:115)[0m
2026.03.09 20:45:19 INFO      at bloop.integrations.maven.MojoImplementation$$anonfun$2.applyOrElse (MojoImplementation.scala:240)[0m
2026.03.09 20:45:19 INFO      at bloop.integrations.maven.MojoImplementation$$anonfun$2.applyOrElse (MojoImplementation.scala:222)[0m
2026.03.09 20:45:19 INFO      at scala.collection.StrictOptimizedIterableOps.collect (StrictOptimizedIterableOps.scala:151)[0m
2026.03.09 20:45:19 INFO      at scala.collection.StrictOptimizedIterableOps.collect$ (StrictOptimizedIterableOps.scala:136)[0m
2026.03.09 20:45:19 INFO      at scala.collection.mutable.HashSet.collect (HashSet.scala:31)[0m
2026.03.09 20:45:19 INFO      at bloop.integrations.maven.MojoImplementation$.writeConfig$1 (MojoImplementation.scala:222)[0m
2026.03.09 20:45:19 INFO      at bloop.integrations.maven.MojoImplementation$.writeCompileAndTestConfiguration (MojoImplementation.scala:298)[0m
2026.03.09 20:45:19 INFO      at bloop.integrations.maven.MojoImplementation.writeCompileAndTestConfiguration (MojoImplementation.scala)[0m
2026.03.09 20:45:19 INFO      at bloop.integrations.maven.BloopMojo.execute (BloopMojo.java:105)[0m
2026.03.09 20:45:19 INFO      at org.apache.maven.plugin.DefaultBuildPluginManager.executeMojo (DefaultBuildPluginManager.java:126)[0m
2026.03.09 20:45:19 INFO      at org.apache.maven.lifecycle.internal.MojoExecutor.doExecute2 (MojoExecutor.java:328)[0m
2026.03.09 20:45:19 INFO      at org.apache.maven.lifecycle.internal.MojoExecutor.doExecute (MojoExecutor.java:316)[0m
2026.03.09 20:45:19 INFO      at org.apache.maven.lifecycle.internal.MojoExecutor.execute (MojoExecutor.java:212)[0m
2026.03.09 20:45:19 INFO      at org.apache.maven.lifecycle.internal.MojoExecutor.execute (MojoExecutor.java:174)[0m
2026.03.09 20:45:19 INFO      at org.apache.maven.lifecycle.internal.MojoExecutor.access$000 (MojoExecutor.java:75)[0m
2026.03.09 20:45:19 INFO      at org.apache.maven.lifecycle.internal.MojoExecutor$1.run (MojoExecutor.java:162)[0m
2026.03.09 20:45:19 INFO      at org.apache.maven.plugin.DefaultMojosExecutionStrategy.execute (DefaultMojosExecutionStrategy.java:39)[0m
2026.03.09 20:45:19 INFO      at org.apache.maven.lifecycle.internal.MojoExecutor.execute (MojoExecutor.java:159)[0m
2026.03.09 20:45:19 INFO      at org.apache.maven.lifecycle.internal.LifecycleModuleBuilder.buildProject (LifecycleModuleBuilder.java:105)[0m
2026.03.09 20:45:19 INFO      at org.apache.maven.lifecycle.internal.LifecycleModuleBuilder.buildProject (LifecycleModuleBuilder.java:73)[0m
2026.03.09 20:45:19 INFO      at org.apache.maven.lifecycle.internal.builder.singlethreaded.SingleThreadedBuilder.build (SingleThreadedBuilder.java:53)[0m
2026.03.09 20:45:19 INFO      at org.apache.maven.lifecycle.internal.LifecycleStarter.execute (LifecycleStarter.java:118)[0m
2026.03.09 20:45:19 INFO      at org.apache.maven.DefaultMaven.doExecute (DefaultMaven.java:261)[0m
2026.03.09 20:45:19 INFO      at org.apache.maven.DefaultMaven.doExecute (DefaultMaven.java:173)[0m
2026.03.09 20:45:19 INFO      at org.apache.maven.DefaultMaven.execute (DefaultMaven.java:101)[0m
2026.03.09 20:45:19 INFO      at org.apache.maven.cli.MavenCli.execute (MavenCli.java:906)[0m
2026.03.09 20:45:19 INFO      at org.apache.maven.cli.MavenCli.doMain (MavenCli.java:283)[0m
2026.03.09 20:45:19 INFO      at org.apache.maven.cli.MavenCli.main (MavenCli.java:206)[0m
2026.03.09 20:45:19 INFO      at jdk.internal.reflect.DirectMethodHandleAccessor.invoke (DirectMethodHandleAccessor.java:103)[0m
2026.03.09 20:45:19 INFO      at java.lang.reflect.Method.invoke (Method.java:580)[0m
2026.03.09 20:45:19 INFO      at org.codehaus.plexus.classworlds.launcher.Launcher.launchEnhanced (Launcher.java:255)[0m
2026.03.09 20:45:19 INFO      at org.codehaus.plexus.classworlds.launcher.Launcher.launch (Launcher.java:201)[0m
2026.03.09 20:45:19 INFO      at org.codehaus.plexus.classworlds.launcher.Launcher.mainWithExitCode (Launcher.java:361)[0m
2026.03.09 20:45:19 INFO      at org.codehaus.plexus.classworlds.launcher.Launcher.main (Launcher.java:314)[0m
2026.03.09 20:45:19 INFO      at jdk.internal.reflect.DirectMethodHandleAccessor.invoke (DirectMethodHandleAccessor.java:103)[0m
2026.03.09 20:45:19 INFO      at java.lang.reflect.Method.invoke (Method.java:580)[0m
2026.03.09 20:45:19 INFO      at org.apache.maven.wrapper.BootstrapMainStarter.start (BootstrapMainStarter.java:52)[0m
2026.03.09 20:45:19 INFO      at org.apache.maven.wrapper.WrapperExecutor.execute (WrapperExecutor.java:161)[0m
2026.03.09 20:45:19 INFO      at org.apache.maven.wrapper.MavenWrapperMain.main (MavenWrapperMain.java:73)[0m
2026.03.09 20:45:19 INFO  Caused by: org.eclipse.aether.transfer.ArtifactNotFoundException: Could not find artifact antlr:antlr:jar:sources:2.7.7 in central (https://repo.maven.apache.org/maven2)[0m
2026.03.09 20:45:19 INFO      at org.eclipse.aether.connector.basic.ArtifactTransportListener.transferFailed (ArtifactTransportListener.java:42)[0m
2026.03.09 20:45:19 INFO      at org.eclipse.aether.connector.basic.BasicRepositoryConnector$TaskRunner.run (BasicRepositoryConnector.java:417)[0m
2026.03.09 20:45:19 INFO      at org.eclipse.aether.connector.basic.BasicRepositoryConnector.get (BasicRepositoryConnector.java:260)[0m
2026.03.09 20:45:19 INFO      at org.eclipse.aether.internal.impl.DefaultArtifactResolver.performDownloads (DefaultArtifactResolver.java:537)[0m
2026.03.09 20:45:19 INFO      at org.eclipse.aether.internal.impl.DefaultArtifactResolver.resolve (DefaultArtifactResolver.java:449)[0m
2026.03.09 20:45:19 INFO      at org.eclipse.aether.internal.impl.DefaultArtifactResolver.resolveArtifacts (DefaultArtifactResolver.java:261)[0m
2026.03.09 20:45:19 INFO      at org.eclipse.aether.internal.impl.DefaultArtifactResolver.resolveArtifact (DefaultArtifactResolver.java:243)[0m
2026.03.09 20:45:19 INFO      at org.eclipse.aether.internal.impl.DefaultRepositorySystem.resolveArtifact (DefaultRepositorySystem.java:278)[0m
2026.03.09 20:45:19 INFO      at bloop.integrations.maven.MojoImplementation$.bloop$integrations$maven$MojoImplementation$$resolveArtifact$1 (MojoImplementation.scala:115)[0m
2026.03.09 20:45:19 INFO      at bloop.integrations.maven.MojoImplementation$$anonfun$2.applyOrElse (MojoImplementation.scala:240)[0m
2026.03.09 20:45:19 INFO      at bloop.integrations.maven.MojoImplementation$$anonfun$2.applyOrElse (MojoImplementation.scala:222)[0m
2026.03.09 20:45:19 INFO      at scala.collection.StrictOptimizedIterableOps.collect (StrictOptimizedIterableOps.scala:151)[0m
2026.03.09 20:45:19 INFO      at scala.collection.StrictOptimizedIterableOps.collect$ (StrictOptimizedIterableOps.scala:136)[0m
2026.03.09 20:45:19 INFO      at scala.collection.mutable.HashSet.collect (HashSet.scala:31)[0m
2026.03.09 20:45:19 INFO      at bloop.integrations.maven.MojoImplementation$.writeConfig$1 (MojoImplementation.scala:222)[0m
2026.03.09 20:45:19 INFO      at bloop.integrations.maven.MojoImplementation$.writeCompileAndTestConfiguration (MojoImplementation.scala:298)[0m
2026.03.09 20:45:19 INFO      at bloop.integrations.maven.MojoImplementation.writeCompileAndTestConfiguration (MojoImplementation.scala)[0m
2026.03.09 20:45:19 INFO      at bloop.integrations.maven.BloopMojo.execute (BloopMojo.java:105)[0m
2026.03.09 20:45:19 INFO      at org.apache.maven.plugin.DefaultBuildPluginManager.executeMojo (DefaultBuildPluginManager.java:126)[0m
2026.03.09 20:45:19 INFO      at org.apache.maven.lifecycle.internal.MojoExecutor.doExecute2 (MojoExecutor.java:328)[0m
2026.03.09 20:45:19 INFO      at org.apache.maven.lifecycle.internal.MojoExecutor.doExecute (MojoExecutor.java:316)[0m
2026.03.09 20:45:19 INFO      at org.apache.maven.lifecycle.internal.MojoExecutor.execute (MojoExecutor.java:212)[0m
2026.03.09 20:45:19 INFO      at org.apache.maven.lifecycle.internal.MojoExecutor.execute (MojoExecutor.java:174)[0m
2026.03.09 20:45:19 INFO      at org.apache.maven.lifecycle.internal.MojoExecutor.access$000 (MojoExecutor.java:75)[0m
2026.03.09 20:45:19 INFO      at org.apache.maven.lifecycle.internal.MojoExecutor$1.run (MojoExecutor.java:162)[0m
2026.03.09 20:45:19 INFO      at org.apache.maven.plugin.DefaultMojosExecutionStrategy.execute (DefaultMojosExecutionStrategy.java:39)[0m
2026.03.09 20:45:19 INFO      at org.apache.maven.lifecycle.internal.MojoExecutor.execute (MojoExecutor.java:159)[0m
2026.03.09 20:45:19 INFO      at org.apache.maven.lifecycle.internal.LifecycleModuleBuilder.buildProject (LifecycleModuleBuilder.java:105)[0m
2026.03.09 20:45:19 INFO      at org.apache.maven.lifecycle.internal.LifecycleModuleBuilder.buildProject (LifecycleModuleBuilder.java:73)[0m
2026.03.09 20:45:19 INFO      at org.apache.maven.lifecycle.internal.builder.singlethreaded.SingleThreadedBuilder.build (SingleThreadedBuilder.java:53)[0m
2026.03.09 20:45:19 INFO      at org.apache.maven.lifecycle.internal.LifecycleStarter.execute (LifecycleStarter.java:118)[0m
2026.03.09 20:45:19 INFO      at org.apache.maven.DefaultMaven.doExecute (DefaultMaven.java:261)[0m
2026.03.09 20:45:19 INFO      at org.apache.maven.DefaultMaven.doExecute (DefaultMaven.java:173)[0m
2026.03.09 20:45:19 INFO      at org.apache.maven.DefaultMaven.execute (DefaultMaven.java:101)[0m
2026.03.09 20:45:19 INFO      at org.apache.maven.cli.MavenCli.execute (MavenCli.java:906)[0m
2026.03.09 20:45:19 INFO      at org.apache.maven.cli.MavenCli.doMain (MavenCli.java:283)[0m
2026.03.09 20:45:19 INFO      at org.apache.maven.cli.MavenCli.main (MavenCli.java:206)[0m
2026.03.09 20:45:19 INFO      at jdk.internal.reflect.DirectMethodHandleAccessor.invoke (DirectMethodHandleAccessor.java:103)[0m
2026.03.09 20:45:19 INFO      at java.lang.reflect.Method.invoke (Method.java:580)[0m
2026.03.09 20:45:19 INFO      at org.codehaus.plexus.classworlds.launcher.Launcher.launchEnhanced (Launcher.java:255)[0m
2026.03.09 20:45:19 INFO      at org.codehaus.plexus.classworlds.launcher.Launcher.launch (Launcher.java:201)[0m
2026.03.09 20:45:19 INFO      at org.codehaus.plexus.classworlds.launcher.Launcher.mainWithExitCode (Launcher.java:361)[0m
2026.03.09 20:45:19 INFO      at org.codehaus.plexus.classworlds.launcher.Launcher.main (Launcher.java:314)[0m
2026.03.09 20:45:19 INFO      at jdk.internal.reflect.DirectMethodHandleAccessor.invoke (DirectMethodHandleAccessor.java:103)[0m
2026.03.09 20:45:19 INFO      at java.lang.reflect.Method.invoke (Method.java:580)[0m
2026.03.09 20:45:19 INFO      at org.apache.maven.wrapper.BootstrapMainStarter.start (BootstrapMainStarter.java:52)[0m
2026.03.09 20:45:19 INFO      at org.apache.maven.wrapper.WrapperExecutor.execute (WrapperExecutor.java:161)[0m
2026.03.09 20:45:19 INFO      at org.apache.maven.wrapper.MavenWrapperMain.main (MavenWrapperMain.java:73)[0m
2026.03.09 20:45:19 INFO  [INFO] Resolving artifact: jakarta.annotation:jakarta.annotation-api:jar:1.3.5:compile (sources = false)[0m
2026.03.09 20:45:19 INFO  [INFO] SUCCESS: jakarta.annotation:jakarta.annotation-api:jar:1.3.5:compile (sources = false)[0m
2026.03.09 20:45:19 INFO  [INFO] Resolving artifact: jakarta.annotation:jakarta.annotation-api:jar:1.3.5:compile (sources = true)[0m
2026.03.09 20:45:19 INFO  Downloading from central: https://repo.maven.apache.org/maven2/jakarta/annotation/jakarta.annotation-api/1.3.5/jakarta.annotation-api-1.3.5-sources.jar[0m
2026.03.09 20:45:19 INFO  Progress (1): 7.7/38 kB[0m
2026.03.09 20:45:19 INFO  Progress (1): 8.2/38 kB[0m
2026.03.09 20:45:19 INFO  Progress (1): 25/38 kB [0m
2026.03.09 20:45:19 INFO  Progress (1): 38 kB   [0m
2026.03.09 20:45:19 INFO                     [0m
2026.03.09 20:45:19 INFO  Downloaded from central: https://repo.maven.apache.org/maven2/jakarta/annotation/jakarta.annotation-api/1.3.5/jakarta.annotation-api-1.3.5-sources.jar (38 kB at 450 kB/s)[0m
2026.03.09 20:45:19 INFO  [INFO] SUCCESS: jakarta.annotation:jakarta.annotation-api:jar:1.3.5:compile (sources = true)[0m
2026.03.09 20:45:19 INFO  [INFO] Resolving artifact: org.springframework:spring-core:jar:5.2.2.RELEASE:compile (sources = false)[0m
2026.03.09 20:45:19 INFO  [INFO] SUCCESS: org.springframework:spring-core:jar:5.2.2.RELEASE:compile (sources = false)[0m
2026.03.09 20:45:19 INFO  [INFO] Resolving artifact: org.springframework:spring-core:jar:5.2.2.RELEASE:compile (sources = true)[0m
2026.03.09 20:45:19 INFO  Downloading from central: https://repo.maven.apache.org/maven2/org/springframework/spring-core/5.2.2.RELEASE/spring-core-5.2.2.RELEASE-sources.jar[0m
2026.03.09 20:45:20 INFO  Progress (1): 7.7/964 kB[0m
2026.03.09 20:45:20 INFO  Progress (1): 12/964 kB [0m
2026.03.09 20:45:20 INFO  Progress (1): 29/964 kB[0m
2026.03.09 20:45:20 INFO  Progress (1): 45/964 kB[0m
2026.03.09 20:45:20 INFO  Progress (1): 61/964 kB[0m
2026.03.09 20:45:20 INFO  Progress (1): 78/964 kB[0m
2026.03.09 20:45:20 INFO  Progress (1): 94/964 kB[0m
2026.03.09 20:45:20 INFO  Progress (1): 111/964 kB[0m
2026.03.09 20:45:20 INFO  Progress (1): 127/964 kB[0m
2026.03.09 20:45:20 INFO  Progress (1): 143/964 kB[0m
2026.03.09 20:45:20 INFO  Progress (1): 147/964 kB[0m
2026.03.09 20:45:20 INFO  Progress (1): 164/964 kB[0m
2026.03.09 20:45:20 INFO  Progress (1): 180/964 kB[0m
2026.03.09 20:45:20 INFO  Progress (1): 197/964 kB[0m
2026.03.09 20:45:20 INFO  Progress (1): 213/964 kB[0m
2026.03.09 20:45:20 INFO  Progress (1): 229/964 kB[0m
2026.03.09 20:45:20 INFO  Progress (1): 246/964 kB[0m
2026.03.09 20:45:20 INFO  Progress (1): 262/964 kB[0m
2026.03.09 20:45:20 INFO  Progress (1): 279/964 kB[0m
2026.03.09 20:45:20 INFO  Progress (1): 295/964 kB[0m
2026.03.09 20:45:20 INFO  Progress (1): 311/964 kB[0m
2026.03.09 20:45:20 INFO  Progress (1): 328/964 kB[0m
2026.03.09 20:45:20 INFO  Progress (1): 344/964 kB[0m
2026.03.09 20:45:20 INFO  Progress (1): 360/964 kB[0m
2026.03.09 20:45:20 INFO  Progress (1): 377/964 kB[0m
2026.03.09 20:45:20 INFO  Progress (1): 393/964 kB[0m
2026.03.09 20:45:20 INFO  Progress (1): 410/964 kB[0m
2026.03.09 20:45:20 INFO  Progress (1): 426/964 kB[0m
2026.03.09 20:45:20 INFO  Progress (1): 442/964 kB[0m
2026.03.09 20:45:20 INFO  Progress (1): 459/964 kB[0m
2026.03.09 20:45:20 INFO  Progress (1): 475/964 kB[0m
2026.03.09 20:45:20 INFO  Progress (1): 492/964 kB[0m
2026.03.09 20:45:20 INFO  Progress (1): 508/964 kB[0m
2026.03.09 20:45:20 INFO  Progress (1): 524/964 kB[0m
2026.03.09 20:45:20 INFO  Progress (1): 541/964 kB[0m
2026.03.09 20:45:20 INFO  Progress (1): 557/964 kB[0m
2026.03.09 20:45:20 INFO  Progress (1): 573/964 kB[0m
2026.03.09 20:45:20 INFO  Progress (1): 590/964 kB[0m
2026.03.09 20:45:20 INFO  Progress (1): 606/964 kB[0m
2026.03.09 20:45:20 INFO  Progress (1): 623/964 kB[0m
2026.03.09 20:45:20 INFO  Progress (1): 639/964 kB[0m
2026.03.09 20:45:20 INFO  Progress (1): 655/964 kB[0m
2026.03.09 20:45:20 INFO  Progress (1): 672/964 kB[0m
2026.03.09 20:45:20 INFO  Progress (1): 688/964 kB[0m
2026.03.09 20:45:20 INFO  Progress (1): 705/964 kB[0m
2026.03.09 20:45:20 INFO  Progress (1): 721/964 kB[0m
2026.03.09 20:45:20 INFO  Progress (1): 737/964 kB[0m
2026.03.09 20:45:20 INFO  Progress (1): 754/964 kB[0m
2026.03.09 20:45:20 INFO  Progress (1): 770/964 kB[0m
2026.03.09 20:45:20 INFO  Progress (1): 786/964 kB[0m
2026.03.09 20:45:20 INFO  Progress (1): 803/964 kB[0m
2026.03.09 20:45:20 INFO  Progress (1): 819/964 kB[0m
2026.03.09 20:45:20 INFO  Progress (1): 836/964 kB[0m
2026.03.09 20:45:20 INFO  Progress (1): 852/964 kB[0m
2026.03.09 20:45:20 INFO  Progress (1): 868/964 kB[0m
2026.03.09 20:45:20 INFO  Progress (1): 885/964 kB[0m
2026.03.09 20:45:20 INFO  Progress (1): 901/964 kB[0m
2026.03.09 20:45:20 INFO  Progress (1): 918/964 kB[0m
2026.03.09 20:45:20 INFO  Progress (1): 934/964 kB[0m
2026.03.09 20:45:20 INFO  Progress (1): 950/964 kB[0m
2026.03.09 20:45:20 INFO  Progress (1): 964 kB    [0m
2026.03.09 20:45:20 INFO                      [0m
2026.03.09 20:45:20 INFO  Downloaded from central: https://repo.maven.apache.org/maven2/org/springframework/spring-core/5.2.2.RELEASE/spring-core-5.2.2.RELEASE-sources.jar (964 kB at 2.1 MB/s)[0m
2026.03.09 20:45:20 INFO  [INFO] SUCCESS: org.springframework:spring-core:jar:5.2.2.RELEASE:compile (sources = true)[0m
2026.03.09 20:45:20 INFO  [INFO] Resolving artifact: org.springframework.boot:spring-boot-autoconfigure:jar:2.2.2.RELEASE:compile (sources = false)[0m
2026.03.09 20:45:20 INFO  [INFO] SUCCESS: org.springframework.boot:spring-boot-autoconfigure:jar:2.2.2.RELEASE:compile (sources = false)[0m
2026.03.09 20:45:20 INFO  [INFO] Resolving artifact: org.springframework.boot:spring-boot-autoconfigure:jar:2.2.2.RELEASE:compile (sources = true)[0m
2026.03.09 20:45:20 INFO  Downloading from central: https://repo.maven.apache.org/maven2/org/springframework/boot/spring-boot-autoconfigure/2.2.2.RELEASE/spring-boot-autoconfigure-2.2.2.RELEASE-sources.jar[0m
2026.03.09 20:45:20 INFO  Progress (1): 8.2/857 kB[0m
2026.03.09 20:45:20 INFO  Progress (1): 25/857 kB [0m
2026.03.09 20:45:20 INFO  Progress (1): 33/857 kB[0m
2026.03.09 20:45:20 INFO  Progress (1): 49/857 kB[0m
2026.03.09 20:45:20 INFO  Progress (1): 66/857 kB[0m
2026.03.09 20:45:20 INFO  Progress (1): 82/857 kB[0m
2026.03.09 20:45:20 INFO  Progress (1): 98/857 kB[0m
2026.03.09 20:45:20 INFO  Progress (1): 115/857 kB[0m
2026.03.09 20:45:20 INFO  Progress (1): 131/857 kB[0m
2026.03.09 20:45:20 INFO  Progress (1): 147/857 kB[0m
2026.03.09 20:45:20 INFO  Progress (1): 164/857 kB[0m
2026.03.09 20:45:20 INFO  Progress (1): 180/857 kB[0m
2026.03.09 20:45:20 INFO  Progress (1): 197/857 kB[0m
2026.03.09 20:45:20 INFO  Progress (1): 213/857 kB[0m
2026.03.09 20:45:20 INFO  Progress (1): 229/857 kB[0m
2026.03.09 20:45:20 INFO  Progress (1): 246/857 kB[0m
2026.03.09 20:45:20 INFO  Progress (1): 262/857 kB[0m
2026.03.09 20:45:20 INFO  Progress (1): 279/857 kB[0m
2026.03.09 20:45:20 INFO  Progress (1): 295/857 kB[0m
2026.03.09 20:45:20 INFO  Progress (1): 311/857 kB[0m
2026.03.09 20:45:20 INFO  Progress (1): 328/857 kB[0m
2026.03.09 20:45:20 INFO  Progress (1): 344/857 kB[0m
2026.03.09 20:45:20 INFO  Progress (1): 360/857 kB[0m
2026.03.09 20:45:20 INFO  Progress (1): 377/857 kB[0m
2026.03.09 20:45:20 INFO  Progress (1): 393/857 kB[0m
2026.03.09 20:45:20 INFO  Progress (1): 410/857 kB[0m
2026.03.09 20:45:20 INFO  Progress (1): 426/857 kB[0m
2026.03.09 20:45:20 INFO  Progress (1): 442/857 kB[0m
2026.03.09 20:45:20 INFO  Progress (1): 459/857 kB[0m
2026.03.09 20:45:20 INFO  Progress (1): 475/857 kB[0m
2026.03.09 20:45:20 INFO  Progress (1): 492/857 kB[0m
2026.03.09 20:45:20 INFO  Progress (1): 508/857 kB[0m
2026.03.09 20:45:20 INFO  Progress (1): 524/857 kB[0m
2026.03.09 20:45:20 INFO  Progress (1): 541/857 kB[0m
2026.03.09 20:45:20 INFO  Progress (1): 557/857 kB[0m
2026.03.09 20:45:20 INFO  Progress (1): 573/857 kB[0m
2026.03.09 20:45:20 INFO  Progress (1): 590/857 kB[0m
2026.03.09 20:45:20 INFO  Progress (1): 606/857 kB[0m
2026.03.09 20:45:20 INFO  Progress (1): 623/857 kB[0m
2026.03.09 20:45:20 INFO  Progress (1): 639/857 kB[0m
2026.03.09 20:45:20 INFO  Progress (1): 655/857 kB[0m
2026.03.09 20:45:20 INFO  Progress (1): 672/857 kB[0m
2026.03.09 20:45:20 INFO  Progress (1): 688/857 kB[0m
2026.03.09 20:45:20 INFO  Progress (1): 705/857 kB[0m
2026.03.09 20:45:20 INFO  Progress (1): 721/857 kB[0m
2026.03.09 20:45:20 INFO  Progress (1): 737/857 kB[0m
2026.03.09 20:45:20 INFO  Progress (1): 754/857 kB[0m
2026.03.09 20:45:20 INFO  Progress (1): 770/857 kB[0m
2026.03.09 20:45:20 INFO  Progress (1): 786/857 kB[0m
2026.03.09 20:45:20 INFO  Progress (1): 803/857 kB[0m
2026.03.09 20:45:20 INFO  Progress (1): 819/857 kB[0m
2026.03.09 20:45:20 INFO  Progress (1): 836/857 kB[0m
2026.03.09 20:45:20 INFO  Progress (1): 852/857 kB[0m
2026.03.09 20:45:20 INFO  Progress (1): 857 kB    [0m
2026.03.09 20:45:20 INFO                      [0m
2026.03.09 20:45:20 INFO  Downloaded from central: https://repo.maven.apache.org/maven2/org/springframework/boot/spring-boot-autoconfigure/2.2.2.RELEASE/spring-boot-autoconfigure-2.2.2.RELEASE-sources.jar (857 kB at 2.4 MB/s)[0m
2026.03.09 20:45:20 INFO  [INFO] SUCCESS: org.springframework.boot:spring-boot-autoconfigure:jar:2.2.2.RELEASE:compile (sources = true)[0m
2026.03.09 20:45:20 INFO  [INFO] Resolving artifact: com.sun.istack:istack-commons-runtime:jar:3.0.8:compile (sources = false)[0m
2026.03.09 20:45:20 INFO  [INFO] SUCCESS: com.sun.istack:istack-commons-runtime:jar:3.0.8:compile (sources = false)[0m
2026.03.09 20:45:20 INFO  [INFO] Resolving artifact: com.sun.istack:istack-commons-runtime:jar:3.0.8:compile (sources = true)[0m
2026.03.09 20:45:20 INFO  Downloading from central: https://repo.maven.apache.org/maven2/com/sun/istack/istack-commons-runtime/3.0.8/istack-commons-runtime-3.0.8-sources.jar[0m
2026.03.09 20:45:20 INFO  Progress (1): 7.7/26 kB[0m
2026.03.09 20:45:20 INFO  Progress (1): 16/26 kB [0m
2026.03.09 20:45:20 INFO  Progress (1): 26 kB   [0m
2026.03.09 20:45:20 INFO                     [0m
2026.03.09 20:45:20 INFO  Downloaded from central: https://repo.maven.apache.org/maven2/com/sun/istack/istack-commons-runtime/3.0.8/istack-commons-runtime-3.0.8-sources.jar (26 kB at 551 kB/s)[0m
2026.03.09 20:45:20 INFO  [INFO] SUCCESS: com.sun.istack:istack-commons-runtime:jar:3.0.8:compile (sources = true)[0m
2026.03.09 20:45:20 INFO  [INFO] Resolving artifact: org.ow2.asm:asm:jar:5.0.4:test (sources = false)[0m
2026.03.09 20:45:20 INFO  [INFO] SUCCESS: org.ow2.asm:asm:jar:5.0.4:test (sources = false)[0m
2026.03.09 20:45:20 INFO  [INFO] Resolving artifact: org.ow2.asm:asm:jar:5.0.4:test (sources = true)[0m
2026.03.09 20:45:20 INFO  Downloading from central: https://repo.maven.apache.org/maven2/org/ow2/asm/asm/5.0.4/asm-5.0.4-sources.jar[0m
2026.03.09 20:45:20 INFO  Progress (1): 0/1.0 MB[0m
2026.03.09 20:45:20 INFO  Progress (1): 0/1.0 MB[0m
2026.03.09 20:45:20 INFO  Progress (1): 0/1.0 MB[0m
2026.03.09 20:45:20 INFO  Progress (1): 0/1.0 MB[0m
2026.03.09 20:45:20 INFO  Progress (1): 0.1/1.0 MB[0m
2026.03.09 20:45:20 INFO  Progress (1): 0.1/1.0 MB[0m
2026.03.09 20:45:20 INFO  Progress (1): 0.1/1.0 MB[0m
2026.03.09 20:45:20 INFO  Progress (1): 0.1/1.0 MB[0m
2026.03.09 20:45:20 INFO  Progress (1): 0.1/1.0 MB[0m
2026.03.09 20:45:20 INFO  Progress (1): 0.1/1.0 MB[0m
2026.03.09 20:45:20 INFO  Progress (1): 0.1/1.0 MB[0m
2026.03.09 20:45:20 INFO  Progress (1): 0.2/1.0 MB[0m
2026.03.09 20:45:20 INFO  Progress (1): 0.2/1.0 MB[0m
2026.03.09 20:45:20 INFO  Progress (1): 0.2/1.0 MB[0m
2026.03.09 20:45:20 INFO  Progress (1): 0.2/1.0 MB[0m
2026.03.09 20:45:20 INFO  Progress (1): 0.2/1.0 MB[0m
2026.03.09 20:45:20 INFO  Progress (1): 0.2/1.0 MB[0m
2026.03.09 20:45:20 INFO  Progress (1): 0.3/1.0 MB[0m
2026.03.09 20:45:20 INFO  Progress (1): 0.3/1.0 MB[0m
2026.03.09 20:45:20 INFO  Progress (1): 0.3/1.0 MB[0m
2026.03.09 20:45:20 INFO  Progress (1): 0.3/1.0 MB[0m
2026.03.09 20:45:20 INFO  Progress (1): 0.3/1.0 MB[0m
2026.03.09 20:45:20 INFO  Progress (1): 0.3/1.0 MB[0m
2026.03.09 20:45:20 INFO  Progress (1): 0.4/1.0 MB[0m
2026.03.09 20:45:20 INFO  Progress (1): 0.4/1.0 MB[0m
2026.03.09 20:45:20 INFO  Progress (1): 0.4/1.0 MB[0m
2026.03.09 20:45:20 INFO  Progress (1): 0.4/1.0 MB[0m
2026.03.09 20:45:20 INFO  Progress (1): 0.4/1.0 MB[0m
2026.03.09 20:45:21 INFO  Progress (1): 0.4/1.0 MB[0m
2026.03.09 20:45:21 INFO  Progress (1): 0.5/1.0 MB[0m
2026.03.09 20:45:21 INFO  Progress (1): 0.5/1.0 MB[0m
2026.03.09 20:45:21 INFO  Progress (1): 0.5/1.0 MB[0m
2026.03.09 20:45:21 INFO  Progress (1): 0.5/1.0 MB[0m
2026.03.09 20:45:21 INFO  Progress (1): 0.5/1.0 MB[0m
2026.03.09 20:45:21 INFO  Progress (1): 0.5/1.0 MB[0m
2026.03.09 20:45:21 INFO  Progress (1): 0.6/1.0 MB[0m
2026.03.09 20:45:21 INFO  Progress (1): 0.6/1.0 MB[0m
2026.03.09 20:45:21 INFO  Progress (1): 0.6/1.0 MB[0m
2026.03.09 20:45:21 INFO  Progress (1): 0.6/1.0 MB[0m
2026.03.09 20:45:21 INFO  Progress (1): 0.6/1.0 MB[0m
2026.03.09 20:45:21 INFO  Progress (1): 0.6/1.0 MB[0m
2026.03.09 20:45:21 INFO  Progress (1): 0.7/1.0 MB[0m
2026.03.09 20:45:21 INFO  Progress (1): 0.7/1.0 MB[0m
2026.03.09 20:45:21 INFO  Progress (1): 0.7/1.0 MB[0m
2026.03.09 20:45:21 INFO  Progress (1): 0.7/1.0 MB[0m
2026.03.09 20:45:21 INFO  Progress (1): 0.7/1.0 MB[0m
2026.03.09 20:45:21 INFO  Progress (1): 0.7/1.0 MB[0m
2026.03.09 20:45:21 INFO  Progress (1): 0.8/1.0 MB[0m
2026.03.09 20:45:21 INFO  Progress (1): 0.8/1.0 MB[0m
2026.03.09 20:45:21 INFO  Progress (1): 0.8/1.0 MB[0m
2026.03.09 20:45:21 INFO  Progress (1): 0.8/1.0 MB[0m
2026.03.09 20:45:21 INFO  Progress (1): 0.8/1.0 MB[0m
2026.03.09 20:45:21 INFO  Progress (1): 0.8/1.0 MB[0m
2026.03.09 20:45:21 INFO  Progress (1): 0.9/1.0 MB[0m
2026.03.09 20:45:21 INFO  Progress (1): 0.9/1.0 MB[0m
2026.03.09 20:45:21 INFO  Progress (1): 0.9/1.0 MB[0m
2026.03.09 20:45:21 INFO  Progress (1): 0.9/1.0 MB[0m
2026.03.09 20:45:21 INFO  Progress (1): 0.9/1.0 MB[0m
2026.03.09 20:45:21 INFO  Progress (1): 0.9/1.0 MB[0m
2026.03.09 20:45:21 INFO  Progress (1): 1.0/1.0 MB[0m
2026.03.09 20:45:21 INFO  Progress (1): 1.0/1.0 MB[0m
2026.03.09 20:45:21 INFO  Progress (1): 1.0/1.0 MB[0m
2026.03.09 20:45:21 INFO  Progress (1): 1.0/1.0 MB[0m
2026.03.09 20:45:21 INFO  Progress (1): 1.0/1.0 MB[0m
2026.03.09 20:45:21 INFO  Progress (1): 1.0/1.0 MB[0m
2026.03.09 20:45:21 INFO  Progress (1): 1.0 MB    [0m
2026.03.09 20:45:21 INFO                      [0m
2026.03.09 20:45:21 INFO  Downloaded from central: https://repo.maven.apache.org/maven2/org/ow2/asm/asm/5.0.4/asm-5.0.4-sources.jar (1.0 MB at 2.1 MB/s)[0m
2026.03.09 20:45:21 INFO  [INFO] SUCCESS: org.ow2.asm:asm:jar:5.0.4:test (sources = true)[0m
2026.03.09 20:45:21 INFO  [INFO] Resolving artifact: com.fasterxml.jackson.module:jackson-module-parameter-names:jar:2.10.1:compile (sources = false)[0m
2026.03.09 20:45:21 INFO  [INFO] SUCCESS: com.fasterxml.jackson.module:jackson-module-parameter-names:jar:2.10.1:compile (sources = false)[0m
2026.03.09 20:45:21 INFO  [INFO] Resolving artifact: com.fasterxml.jackson.module:jackson-module-parameter-names:jar:2.10.1:compile (sources = true)[0m
2026.03.09 20:45:21 INFO  Downloading from central: https://repo.maven.apache.org/maven2/com/fasterxml/jackson/module/jackson-module-parameter-names/2.10.1/jackson-module-parameter-names-2.10.1-sources.jar[0m
2026.03.09 20:45:21 INFO  Progress (1): 7.2 kB[0m
2026.03.09 20:45:21 INFO                      [0m
2026.03.09 20:45:21 INFO  Downloaded from central: https://repo.maven.apache.org/maven2/com/fasterxml/jackson/module/jackson-module-parameter-names/2.10.1/jackson-module-parameter-names-2.10.1-sources.jar (7.2 kB at 102 kB/s)[0m
2026.03.09 20:45:21 INFO  [INFO] SUCCESS: com.fasterxml.jackson.module:jackson-module-parameter-names:jar:2.10.1:compile (sources = true)[0m
2026.03.09 20:45:21 INFO  [INFO] Resolving artifact: io.springfox:springfox-spi:jar:2.8.0:compile (sources = false)[0m
2026.03.09 20:45:21 INFO  [INFO] SUCCESS: io.springfox:springfox-spi:jar:2.8.0:compile (sources = false)[0m
2026.03.09 20:45:21 INFO  [INFO] Resolving artifact: io.springfox:springfox-spi:jar:2.8.0:compile (sources = true)[0m
2026.03.09 20:45:21 INFO  Downloading from central: https://repo.maven.apache.org/maven2/io/springfox/springfox-spi/2.8.0/springfox-spi-2.8.0-sources.jar[0m
2026.03.09 20:45:21 INFO  Progress (1): 7.7/41 kB[0m
2026.03.09 20:45:21 INFO  Progress (1): 12/41 kB [0m
2026.03.09 20:45:21 INFO  Progress (1): 29/41 kB[0m
2026.03.09 20:45:21 INFO  Progress (1): 41 kB   [0m
2026.03.09 20:45:21 INFO                     [0m
2026.03.09 20:45:21 INFO  Downloaded from central: https://repo.maven.apache.org/maven2/io/springfox/springfox-spi/2.8.0/springfox-spi-2.8.0-sources.jar (41 kB at 801 kB/s)[0m
2026.03.09 20:45:21 INFO  [INFO] SUCCESS: io.springfox:springfox-spi:jar:2.8.0:compile (sources = true)[0m
2026.03.09 20:45:21 INFO  [INFO] Resolving artifact: org.springframework.plugin:spring-plugin-metadata:jar:1.2.0.RELEASE:compile (sources = false)[0m
2026.03.09 20:45:21 INFO  [INFO] SUCCESS: org.springframework.plugin:spring-plugin-metadata:jar:1.2.0.RELEASE:compile (sources = false)[0m
2026.03.09 20:45:21 INFO  [INFO] Resolving artifact: org.springframework.plugin:spring-plugin-metadata:jar:1.2.0.RELEASE:compile (sources = true)[0m
2026.03.09 20:45:21 INFO  Downloading from central: https://repo.maven.apache.org/maven2/org/springframework/plugin/spring-plugin-metadata/1.2.0.RELEASE/spring-plugin-metadata-1.2.0.RELEASE-sources.jar[0m
2026.03.09 20:45:21 INFO  Progress (1): 4.7 kB[0m
2026.03.09 20:45:21 INFO                      [0m
2026.03.09 20:45:21 INFO  Downloaded from central: https://repo.maven.apache.org/maven2/org/springframework/plugin/spring-plugin-metadata/1.2.0.RELEASE/spring-plugin-metadata-1.2.0.RELEASE-sources.jar (4.7 kB at 111 kB/s)[0m
2026.03.09 20:45:21 INFO  [INFO] SUCCESS: org.springframework.plugin:spring-plugin-metadata:jar:1.2.0.RELEASE:compile (sources = true)[0m
2026.03.09 20:45:21 INFO  [INFO] Resolving artifact: org.mockito:mockito-junit-jupiter:jar:3.1.0:test (sources = false)[0m
2026.03.09 20:45:21 INFO  [INFO] SUCCESS: org.mockito:mockito-junit-jupiter:jar:3.1.0:test (sources = false)[0m
2026.03.09 20:45:21 INFO  [INFO] Resolving artifact: org.mockito:mockito-junit-jupiter:jar:3.1.0:test (sources = true)[0m
2026.03.09 20:45:21 INFO  Downloading from central: https://repo.maven.apache.org/maven2/org/mockito/mockito-junit-jupiter/3.1.0/mockito-junit-jupiter-3.1.0-sources.jar[0m
2026.03.09 20:45:21 INFO  Progress (1): 4.9 kB[0m
2026.03.09 20:45:21 INFO                      [0m
2026.03.09 20:45:21 INFO  Downloaded from central: https://repo.maven.apache.org/maven2/org/mockito/mockito-junit-jupiter/3.1.0/mockito-junit-jupiter-3.1.0-sources.jar (4.9 kB at 120 kB/s)[0m
2026.03.09 20:45:21 INFO  [INFO] SUCCESS: org.mockito:mockito-junit-jupiter:jar:3.1.0:test (sources = true)[0m
2026.03.09 20:45:21 INFO  [INFO] Resolving artifact: org.springframework:spring-web:jar:5.2.2.RELEASE:compile (sources = false)[0m
2026.03.09 20:45:21 INFO  [INFO] SUCCESS: org.springframework:spring-web:jar:5.2.2.RELEASE:compile (sources = false)[0m
2026.03.09 20:45:21 INFO  [INFO] Resolving artifact: org.springframework:spring-web:jar:5.2.2.RELEASE:compile (sources = true)[0m
2026.03.09 20:45:21 INFO  Downloading from central: https://repo.maven.apache.org/maven2/org/springframework/spring-web/5.2.2.RELEASE/spring-web-5.2.2.RELEASE-sources.jar[0m
2026.03.09 20:45:21 INFO  Progress (1): 0/1.1 MB[0m
2026.03.09 20:45:21 INFO  Progress (1): 0/1.1 MB[0m
2026.03.09 20:45:21 INFO  Progress (1): 0/1.1 MB[0m
2026.03.09 20:45:21 INFO  Progress (1): 0.1/1.1 MB[0m
2026.03.09 20:45:21 INFO  Progress (1): 0.1/1.1 MB[0m
2026.03.09 20:45:21 INFO  Progress (1): 0.1/1.1 MB[0m
2026.03.09 20:45:21 INFO  Progress (1): 0.1/1.1 MB[0m
2026.03.09 20:45:21 INFO  Progress (1): 0.1/1.1 MB[0m
2026.03.09 20:45:21 INFO  Progress (1): 0.1/1.1 MB[0m
2026.03.09 20:45:21 INFO  Progress (1): 0.1/1.1 MB[0m
2026.03.09 20:45:21 INFO  Progress (1): 0.2/1.1 MB[0m
2026.03.09 20:45:21 INFO  Progress (1): 0.2/1.1 MB[0m
2026.03.09 20:45:21 INFO  Progress (1): 0.2/1.1 MB[0m
2026.03.09 20:45:21 INFO  Progress (1): 0.2/1.1 MB[0m
2026.03.09 20:45:21 INFO  Progress (1): 0.2/1.1 MB[0m
2026.03.09 20:45:21 INFO  Progress (1): 0.2/1.1 MB[0m
2026.03.09 20:45:21 INFO  Progress (1): 0.3/1.1 MB[0m
2026.03.09 20:45:21 INFO  Progress (1): 0.3/1.1 MB[0m
2026.03.09 20:45:21 INFO  Progress (1): 0.3/1.1 MB[0m
2026.03.09 20:45:21 INFO  Progress (1): 0.3/1.1 MB[0m
2026.03.09 20:45:21 INFO  Progress (1): 0.3/1.1 MB[0m
2026.03.09 20:45:21 INFO  Progress (1): 0.3/1.1 MB[0m
2026.03.09 20:45:21 INFO  Progress (1): 0.4/1.1 MB[0m
2026.03.09 20:45:21 INFO  Progress (1): 0.4/1.1 MB[0m
2026.03.09 20:45:21 INFO  Progress (1): 0.4/1.1 MB[0m
2026.03.09 20:45:21 INFO  Progress (1): 0.4/1.1 MB[0m
2026.03.09 20:45:21 INFO  Progress (1): 0.4/1.1 MB[0m
2026.03.09 20:45:21 INFO  Progress (1): 0.4/1.1 MB[0m
2026.03.09 20:45:21 INFO  Progress (1): 0.5/1.1 MB[0m
2026.03.09 20:45:21 INFO  Progress (1): 0.5/1.1 MB[0m
2026.03.09 20:45:21 INFO  Progress (1): 0.5/1.1 MB[0m
2026.03.09 20:45:21 INFO  Progress (1): 0.5/1.1 MB[0m
2026.03.09 20:45:21 INFO  Progress (1): 0.5/1.1 MB[0m
2026.03.09 20:45:21 INFO  Progress (1): 0.5/1.1 MB[0m
2026.03.09 20:45:21 INFO  Progress (1): 0.6/1.1 MB[0m
2026.03.09 20:45:21 INFO  Progress (1): 0.6/1.1 MB[0m
2026.03.09 20:45:21 INFO  Progress (1): 0.6/1.1 MB[0m
2026.03.09 20:45:21 INFO  Progress (1): 0.6/1.1 MB[0m
2026.03.09 20:45:21 INFO  Progress (1): 0.6/1.1 MB[0m
2026.03.09 20:45:21 INFO  Progress (1): 0.6/1.1 MB[0m
2026.03.09 20:45:21 INFO  Progress (1): 0.7/1.1 MB[0m
2026.03.09 20:45:21 INFO  Progress (1): 0.7/1.1 MB[0m
2026.03.09 20:45:21 INFO  Progress (1): 0.7/1.1 MB[0m
2026.03.09 20:45:21 INFO  Progress (1): 0.7/1.1 MB[0m
2026.03.09 20:45:21 INFO  Progress (1): 0.7/1.1 MB[0m
2026.03.09 20:45:21 INFO  Progress (1): 0.7/1.1 MB[0m
2026.03.09 20:45:21 INFO  Progress (1): 0.8/1.1 MB[0m
2026.03.09 20:45:21 INFO  Progress (1): 0.8/1.1 MB[0m
2026.03.09 20:45:21 INFO  Progress (1): 0.8/1.1 MB[0m
2026.03.09 20:45:21 INFO  Progress (1): 0.8/1.1 MB[0m
2026.03.09 20:45:21 INFO  Progress (1): 0.8/1.1 MB[0m
2026.03.09 20:45:21 INFO  Progress (1): 0.8/1.1 MB[0m
2026.03.09 20:45:21 INFO  Progress (1): 0.9/1.1 MB[0m
2026.03.09 20:45:21 INFO  Progress (1): 0.9/1.1 MB[0m
2026.03.09 20:45:21 INFO  Progress (1): 0.9/1.1 MB[0m
2026.03.09 20:45:21 INFO  Progress (1): 0.9/1.1 MB[0m
2026.03.09 20:45:21 INFO  Progress (1): 0.9/1.1 MB[0m
2026.03.09 20:45:21 INFO  Progress (1): 0.9/1.1 MB[0m
2026.03.09 20:45:21 INFO  Progress (1): 1.0/1.1 MB[0m
2026.03.09 20:45:21 INFO  Progress (1): 1.0/1.1 MB[0m
2026.03.09 20:45:21 INFO  Progress (1): 1.0/1.1 MB[0m
2026.03.09 20:45:21 INFO  Progress (1): 1.0/1.1 MB[0m
2026.03.09 20:45:21 INFO  Progress (1): 1.0/1.1 MB[0m
2026.03.09 20:45:21 INFO  Progress (1): 1.0/1.1 MB[0m
2026.03.09 20:45:21 INFO  Progress (1): 1.0/1.1 MB[0m
2026.03.09 20:45:21 INFO  Progress (1): 1.1/1.1 MB[0m
2026.03.09 20:45:22 INFO  Progress (1): 1.1/1.1 MB[0m
2026.03.09 20:45:22 INFO  Progress (1): 1.1/1.1 MB[0m
2026.03.09 20:45:22 INFO  Progress (1): 1.1/1.1 MB[0m
2026.03.09 20:45:22 INFO  Progress (1): 1.1/1.1 MB[0m
2026.03.09 20:45:22 INFO  Progress (1): 1.1 MB    [0m
2026.03.09 20:45:22 INFO                      [0m
2026.03.09 20:45:22 INFO  Downloaded from central: https://repo.maven.apache.org/maven2/org/springframework/spring-web/5.2.2.RELEASE/spring-web-5.2.2.RELEASE-sources.jar (1.1 MB at 2.1 MB/s)[0m
2026.03.09 20:45:22 INFO  [INFO] SUCCESS: org.springframework:spring-web:jar:5.2.2.RELEASE:compile (sources = true)[0m
2026.03.09 20:45:22 INFO  [INFO] Resolving artifact: org.yaml:snakeyaml:jar:1.25:runtime (sources = false)[0m
2026.03.09 20:45:22 INFO  [INFO] SUCCESS: org.yaml:snakeyaml:jar:1.25:runtime (sources = false)[0m
2026.03.09 20:45:22 INFO  [INFO] Resolving artifact: org.yaml:snakeyaml:jar:1.25:runtime (sources = true)[0m
2026.03.09 20:45:22 INFO  Downloading from central: https://repo.maven.apache.org/maven2/org/yaml/snakeyaml/1.25/snakeyaml-1.25-sources.jar[0m
2026.03.09 20:45:22 INFO  Progress (1): 7.7/192 kB[0m
2026.03.09 20:45:22 INFO  Progress (1): 16/192 kB [0m
2026.03.09 20:45:22 INFO  Progress (1): 25/192 kB[0m
2026.03.09 20:45:22 INFO  Progress (1): 41/192 kB[0m
2026.03.09 20:45:22 INFO  Progress (1): 57/192 kB[0m
2026.03.09 20:45:22 INFO  Progress (1): 74/192 kB[0m
2026.03.09 20:45:22 INFO  Progress (1): 90/192 kB[0m
2026.03.09 20:45:22 INFO  Progress (1): 106/192 kB[0m
2026.03.09 20:45:22 INFO  Progress (1): 123/192 kB[0m
2026.03.09 20:45:22 INFO  Progress (1): 139/192 kB[0m
2026.03.09 20:45:22 INFO  Progress (1): 156/192 kB[0m
2026.03.09 20:45:22 INFO  Progress (1): 172/192 kB[0m
2026.03.09 20:45:22 INFO  Progress (1): 188/192 kB[0m
2026.03.09 20:45:22 INFO  Progress (1): 192 kB    [0m
2026.03.09 20:45:22 INFO                      [0m
2026.03.09 20:45:22 INFO  Downloaded from central: https://repo.maven.apache.org/maven2/org/yaml/snakeyaml/1.25/snakeyaml-1.25-sources.jar (192 kB at 1.4 MB/s)[0m
2026.03.09 20:45:22 INFO  [INFO] SUCCESS: org.yaml:snakeyaml:jar:1.25:runtime (sources = true)[0m
2026.03.09 20:45:22 INFO  [INFO] Resolving artifact: jakarta.activation:jakarta.activation-api:jar:1.2.1:compile (sources = false)[0m
2026.03.09 20:45:22 INFO  [INFO] SUCCESS: jakarta.activation:jakarta.activation-api:jar:1.2.1:compile (sources = false)[0m
2026.03.09 20:45:22 INFO  [INFO] Resolving artifact: jakarta.activation:jakarta.activation-api:jar:1.2.1:compile (sources = true)[0m
2026.03.09 20:45:22 INFO  Downloading from central: https://repo.maven.apache.org/maven2/jakarta/activation/jakarta.activation-api/1.2.1/jakarta.activation-api-1.2.1-sources.jar[0m
2026.03.09 20:45:22 INFO  Progress (1): 7.7/43 kB[0m
2026.03.09 20:45:22 INFO  Progress (1): 16/43 kB [0m
2026.03.09 20:45:22 INFO  Progress (1): 24/43 kB[0m
2026.03.09 20:45:22 INFO  Progress (1): 40/43 kB[0m
2026.03.09 20:45:22 INFO  Progress (1): 43 kB   [0m
2026.03.09 20:45:22 INFO                     [0m
2026.03.09 20:45:22 INFO  Downloaded from central: https://repo.maven.apache.org/maven2/jakarta/activation/jakarta.activation-api/1.2.1/jakarta.activation-api-1.2.1-sources.jar (43 kB at 758 kB/s)[0m
2026.03.09 20:45:22 INFO  [INFO] SUCCESS: jakarta.activation:jakarta.activation-api:jar:1.2.1:compile (sources = true)[0m
2026.03.09 20:45:22 INFO  [INFO] Resolving artifact: org.apache.tomcat.embed:tomcat-embed-websocket:jar:9.0.29:compile (sources = false)[0m
2026.03.09 20:45:22 INFO  [INFO] SUCCESS: org.apache.tomcat.embed:tomcat-embed-websocket:jar:9.0.29:compile (sources = false)[0m
2026.03.09 20:45:22 INFO  [INFO] Resolving artifact: org.apache.tomcat.embed:tomcat-embed-websocket:jar:9.0.29:compile (sources = true)[0m
2026.03.09 20:45:22 INFO  Downloading from central: https://repo.maven.apache.org/maven2/org/apache/tomcat/embed/tomcat-embed-websocket/9.0.29/tomcat-embed-websocket-9.0.29-sources.jar[0m
2026.03.09 20:45:22 INFO  Progress (1): 7.7/188 kB[0m
2026.03.09 20:45:22 INFO  Progress (1): 7.7/188 kB[0m
2026.03.09 20:45:22 INFO  Progress (1): 24/188 kB [0m
2026.03.09 20:45:22 INFO  Progress (1): 40/188 kB[0m
2026.03.09 20:45:22 INFO  Progress (1): 57/188 kB[0m
2026.03.09 20:45:22 INFO  Progress (1): 73/188 kB[0m
2026.03.09 20:45:22 INFO  Progress (1): 90/188 kB[0m
2026.03.09 20:45:22 INFO  Progress (1): 106/188 kB[0m
2026.03.09 20:45:22 INFO  Progress (1): 122/188 kB[0m
2026.03.09 20:45:22 INFO  Progress (1): 131/188 kB[0m
2026.03.09 20:45:22 INFO  Progress (1): 147/188 kB[0m
2026.03.09 20:45:22 INFO  Progress (1): 164/188 kB[0m
2026.03.09 20:45:22 INFO  Progress (1): 180/188 kB[0m
2026.03.09 20:45:22 INFO  Progress (1): 188 kB    [0m
2026.03.09 20:45:22 INFO                      [0m
2026.03.09 20:45:22 INFO  Downloaded from central: https://repo.maven.apache.org/maven2/org/apache/tomcat/embed/tomcat-embed-websocket/9.0.29/tomcat-embed-websocket-9.0.29-sources.jar (188 kB at 1.9 MB/s)[0m
2026.03.09 20:45:22 INFO  [INFO] SUCCESS: org.apache.tomcat.embed:tomcat-embed-websocket:jar:9.0.29:compile (sources = true)[0m
2026.03.09 20:45:22 INFO  [INFO] Resolving artifact: org.glassfish.jaxb:jaxb-runtime:jar:2.3.2:compile (sources = false)[0m
2026.03.09 20:45:22 INFO  [INFO] SUCCESS: org.glassfish.jaxb:jaxb-runtime:jar:2.3.2:compile (sources = false)[0m
2026.03.09 20:45:22 INFO  [INFO] Resolving artifact: org.glassfish.jaxb:jaxb-runtime:jar:2.3.2:compile (sources = true)[0m
2026.03.09 20:45:22 INFO  Downloading from central: https://repo.maven.apache.org/maven2/org/glassfish/jaxb/jaxb-runtime/2.3.2/jaxb-runtime-2.3.2-sources.jar[0m
2026.03.09 20:45:22 INFO  Progress (1): 7.7/758 kB[0m
2026.03.09 20:45:22 INFO  Progress (1): 16/758 kB [0m
2026.03.09 20:45:22 INFO  Progress (1): 24/758 kB[0m
2026.03.09 20:45:22 INFO  Progress (1): 40/758 kB[0m
2026.03.09 20:45:22 INFO  Progress (1): 57/758 kB[0m
2026.03.09 20:45:22 INFO  Progress (1): 73/758 kB[0m
2026.03.09 20:45:22 INFO  Progress (1): 90/758 kB[0m
2026.03.09 20:45:22 INFO  Progress (1): 106/758 kB[0m
2026.03.09 20:45:22 INFO  Progress (1): 122/758 kB[0m
2026.03.09 20:45:22 INFO  Progress (1): 139/758 kB[0m
2026.03.09 20:45:22 INFO  Progress (1): 155/758 kB[0m
2026.03.09 20:45:22 INFO  Progress (1): 172/758 kB[0m
2026.03.09 20:45:22 INFO  Progress (1): 188/758 kB[0m
2026.03.09 20:45:22 INFO  Progress (1): 204/758 kB[0m
2026.03.09 20:45:22 INFO  Progress (1): 221/758 kB[0m
2026.03.09 20:45:22 INFO  Progress (1): 237/758 kB[0m
2026.03.09 20:45:22 INFO  Progress (1): 253/758 kB[0m
2026.03.09 20:45:22 INFO  Progress (1): 270/758 kB[0m
2026.03.09 20:45:22 INFO  Progress (1): 286/758 kB[0m
2026.03.09 20:45:22 INFO  Progress (1): 303/758 kB[0m
2026.03.09 20:45:22 INFO  Progress (1): 319/758 kB[0m
2026.03.09 20:45:22 INFO  Progress (1): 335/758 kB[0m
2026.03.09 20:45:22 INFO  Progress (1): 352/758 kB[0m
2026.03.09 20:45:22 INFO  Progress (1): 368/758 kB[0m
2026.03.09 20:45:22 INFO  Progress (1): 385/758 kB[0m
2026.03.09 20:45:22 INFO  Progress (1): 401/758 kB[0m
2026.03.09 20:45:22 INFO  Progress (1): 417/758 kB[0m
2026.03.09 20:45:22 INFO  Progress (1): 434/758 kB[0m
2026.03.09 20:45:22 INFO  Progress (1): 450/758 kB[0m
2026.03.09 20:45:22 INFO  Progress (1): 466/758 kB[0m
2026.03.09 20:45:22 INFO  Progress (1): 483/758 kB[0m
2026.03.09 20:45:22 INFO  Progress (1): 499/758 kB[0m
2026.03.09 20:45:22 INFO  Progress (1): 516/758 kB[0m
2026.03.09 20:45:22 INFO  Progress (1): 532/758 kB[0m
2026.03.09 20:45:22 INFO  Progress (1): 548/758 kB[0m
2026.03.09 20:45:22 INFO  Progress (1): 565/758 kB[0m
2026.03.09 20:45:22 INFO  Progress (1): 581/758 kB[0m
2026.03.09 20:45:22 INFO  Progress (1): 598/758 kB[0m
2026.03.09 20:45:22 INFO  Progress (1): 614/758 kB[0m
2026.03.09 20:45:22 INFO  Progress (1): 630/758 kB[0m
2026.03.09 20:45:22 INFO  Progress (1): 647/758 kB[0m
2026.03.09 20:45:22 INFO  Progress (1): 663/758 kB[0m
2026.03.09 20:45:22 INFO  Progress (1): 679/758 kB[0m
2026.03.09 20:45:22 INFO  Progress (1): 696/758 kB[0m
2026.03.09 20:45:22 INFO  Progress (1): 702/758 kB[0m
2026.03.09 20:45:22 INFO  Progress (1): 718/758 kB[0m
2026.03.09 20:45:22 INFO  Progress (1): 735/758 kB[0m
2026.03.09 20:45:22 INFO  Progress (1): 751/758 kB[0m
2026.03.09 20:45:22 INFO  Progress (1): 758 kB    [0m
2026.03.09 20:45:22 INFO                      [0m
2026.03.09 20:45:22 INFO  Downloaded from central: https://repo.maven.apache.org/maven2/org/glassfish/jaxb/jaxb-runtime/2.3.2/jaxb-runtime-2.3.2-sources.jar (758 kB at 2.3 MB/s)[0m
2026.03.09 20:45:22 INFO  [INFO] SUCCESS: org.glassfish.jaxb:jaxb-runtime:jar:2.3.2:compile (sources = true)[0m
2026.03.09 20:45:22 INFO  [INFO] Resolving artifact: org.hibernate:hibernate-core:jar:5.4.9.Final:compile (sources = false)[0m
2026.03.09 20:45:22 INFO  [INFO] SUCCESS: org.hibernate:hibernate-core:jar:5.4.9.Final:compile (sources = false)[0m
2026.03.09 20:45:22 INFO  [INFO] Resolving artifact: org.hibernate:hibernate-core:jar:5.4.9.Final:compile (sources = true)[0m
2026.03.09 20:45:22 INFO  Downloading from central: https://repo.maven.apache.org/maven2/org/hibernate/hibernate-core/5.4.9.Final/hibernate-core-5.4.9.Final-sources.jar[0m
2026.03.09 20:45:22 INFO  Progress (1): 0/4.9 MB[0m
2026.03.09 20:45:22 INFO  Progress (1): 0/4.9 MB[0m
2026.03.09 20:45:22 INFO  Progress (1): 0/4.9 MB[0m
2026.03.09 20:45:22 INFO  Progress (1): 0.1/4.9 MB[0m
2026.03.09 20:45:22 INFO  Progress (1): 0.1/4.9 MB[0m
2026.03.09 20:45:22 INFO  Progress (1): 0.1/4.9 MB[0m
2026.03.09 20:45:22 INFO  Progress (1): 0.1/4.9 MB[0m
2026.03.09 20:45:22 INFO  Progress (1): 0.1/4.9 MB[0m
2026.03.09 20:45:22 INFO  Progress (1): 0.1/4.9 MB[0m
2026.03.09 20:45:22 INFO  Progress (1): 0.2/4.9 MB[0m
2026.03.09 20:45:22 INFO  Progress (1): 0.2/4.9 MB[0m
2026.03.09 20:45:22 INFO  Progress (1): 0.2/4.9 MB[0m
2026.03.09 20:45:22 INFO  Progress (1): 0.2/4.9 MB[0m
2026.03.09 20:45:22 INFO  Progress (1): 0.2/4.9 MB[0m
2026.03.09 20:45:22 INFO  Progress (1): 0.2/4.9 MB[0m
2026.03.09 20:45:22 INFO  Progress (1): 0.3/4.9 MB[0m
2026.03.09 20:45:22 INFO  Progress (1): 0.3/4.9 MB[0m
2026.03.09 20:45:22 INFO  Progress (1): 0.3/4.9 MB[0m
2026.03.09 20:45:22 INFO  Progress (1): 0.3/4.9 MB[0m
2026.03.09 20:45:22 INFO  Progress (1): 0.3/4.9 MB[0m
2026.03.09 20:45:22 INFO  Progress (1): 0.3/4.9 MB[0m
2026.03.09 20:45:22 INFO  Progress (1): 0.4/4.9 MB[0m
2026.03.09 20:45:22 INFO  Progress (1): 0.4/4.9 MB[0m
2026.03.09 20:45:22 INFO  Progress (1): 0.4/4.9 MB[0m
2026.03.09 20:45:22 INFO  Progress (1): 0.4/4.9 MB[0m
2026.03.09 20:45:22 INFO  Progress (1): 0.4/4.9 MB[0m
2026.03.09 20:45:22 INFO  Progress (1): 0.4/4.9 MB[0m
2026.03.09 20:45:22 INFO  Progress (1): 0.5/4.9 MB[0m
2026.03.09 20:45:22 INFO  Progress (1): 0.5/4.9 MB[0m
2026.03.09 20:45:22 INFO  Progress (1): 0.5/4.9 MB[0m
2026.03.09 20:45:22 INFO  Progress (1): 0.5/4.9 MB[0m
2026.03.09 20:45:22 INFO  Progress (1): 0.5/4.9 MB[0m
2026.03.09 20:45:22 INFO  Progress (1): 0.5/4.9 MB[0m
2026.03.09 20:45:22 INFO  Progress (1): 0.6/4.9 MB[0m
2026.03.09 20:45:22 INFO  Progress (1): 0.6/4.9 MB[0m
2026.03.09 20:45:22 INFO  Progress (1): 0.6/4.9 MB[0m
2026.03.09 20:45:22 INFO  Progress (1): 0.6/4.9 MB[0m
2026.03.09 20:45:22 INFO  Progress (1): 0.6/4.9 MB[0m
2026.03.09 20:45:22 INFO  Progress (1): 0.6/4.9 MB[0m
2026.03.09 20:45:22 INFO  Progress (1): 0.7/4.9 MB[0m
2026.03.09 20:45:23 INFO  Progress (1): 0.7/4.9 MB[0m
2026.03.09 20:45:23 INFO  Progress (1): 0.7/4.9 MB[0m
2026.03.09 20:45:23 INFO  Progress (1): 0.7/4.9 MB[0m
2026.03.09 20:45:23 INFO  Progress (1): 0.7/4.9 MB[0m
2026.03.09 20:45:23 INFO  Progress (1): 0.7/4.9 MB[0m
2026.03.09 20:45:23 INFO  Progress (1): 0.8/4.9 MB[0m
2026.03.09 20:45:23 INFO  Progress (1): 0.8/4.9 MB[0m
2026.03.09 20:45:23 INFO  Progress (1): 0.8/4.9 MB[0m
2026.03.09 20:45:23 INFO  Progress (1): 0.8/4.9 MB[0m
2026.03.09 20:45:23 INFO  Progress (1): 0.8/4.9 MB[0m
2026.03.09 20:45:23 INFO  Progress (1): 0.8/4.9 MB[0m
2026.03.09 20:45:23 INFO  Progress (1): 0.9/4.9 MB[0m
2026.03.09 20:45:23 INFO  Progress (1): 0.9/4.9 MB[0m
2026.03.09 20:45:23 INFO  Progress (1): 0.9/4.9 MB[0m
2026.03.09 20:45:23 INFO  Progress (1): 0.9/4.9 MB[0m
2026.03.09 20:45:23 INFO  Progress (1): 0.9/4.9 MB[0m
2026.03.09 20:45:23 INFO  Progress (1): 0.9/4.9 MB[0m
2026.03.09 20:45:23 INFO  Progress (1): 1.0/4.9 MB[0m
2026.03.09 20:45:23 INFO  Progress (1): 1.0/4.9 MB[0m
2026.03.09 20:45:23 INFO  Progress (1): 1.0/4.9 MB[0m
2026.03.09 20:45:23 INFO  Progress (1): 1.0/4.9 MB[0m
2026.03.09 20:45:23 INFO  Progress (1): 1.0/4.9 MB[0m
2026.03.09 20:45:23 INFO  Progress (1): 1.0/4.9 MB[0m
2026.03.09 20:45:23 INFO  Progress (1): 1.0/4.9 MB[0m
2026.03.09 20:45:23 INFO  Progress (1): 1.1/4.9 MB[0m
2026.03.09 20:45:23 INFO  Progress (1): 1.1/4.9 MB[0m
2026.03.09 20:45:23 INFO  Progress (1): 1.1/4.9 MB[0m
2026.03.09 20:45:23 INFO  Progress (1): 1.1/4.9 MB[0m
2026.03.09 20:45:23 INFO  Progress (1): 1.1/4.9 MB[0m
2026.03.09 20:45:23 INFO  Progress (1): 1.1/4.9 MB[0m
2026.03.09 20:45:23 INFO  Progress (1): 1.2/4.9 MB[0m
2026.03.09 20:45:23 INFO  Progress (1): 1.2/4.9 MB[0m
2026.03.09 20:45:23 INFO  Progress (1): 1.2/4.9 MB[0m
2026.03.09 20:45:23 INFO  Progress (1): 1.2/4.9 MB[0m
2026.03.09 20:45:23 INFO  Progress (1): 1.2/4.9 MB[0m
2026.03.09 20:45:23 INFO  Progress (1): 1.2/4.9 MB[0m
2026.03.09 20:45:23 INFO  Progress (1): 1.3/4.9 MB[0m
2026.03.09 20:45:23 INFO  Progress (1): 1.3/4.9 MB[0m
2026.03.09 20:45:23 INFO  Progress (1): 1.3/4.9 MB[0m
2026.03.09 20:45:23 INFO  Progress (1): 1.3/4.9 MB[0m
2026.03.09 20:45:23 INFO  Progress (1): 1.3/4.9 MB[0m
2026.03.09 20:45:23 INFO  Progress (1): 1.3/4.9 MB[0m
2026.03.09 20:45:23 INFO  Progress (1): 1.3/4.9 MB[0m
2026.03.09 20:45:23 INFO  Progress (1): 1.4/4.9 MB[0m
2026.03.09 20:45:23 INFO  Progress (1): 1.4/4.9 MB[0m
2026.03.09 20:45:23 INFO  Progress (1): 1.4/4.9 MB[0m
2026.03.09 20:45:23 INFO  Progress (1): 1.4/4.9 MB[0m
2026.03.09 20:45:23 INFO  Progress (1): 1.4/4.9 MB[0m
2026.03.09 20:45:23 INFO  Progress (1): 1.4/4.9 MB[0m
2026.03.09 20:45:23 INFO  Progress (1): 1.5/4.9 MB[0m
2026.03.09 20:45:23 INFO  Progress (1): 1.5/4.9 MB[0m
2026.03.09 20:45:23 INFO  Progress (1): 1.5/4.9 MB[0m
2026.03.09 20:45:23 INFO  Progress (1): 1.5/4.9 MB[0m
2026.03.09 20:45:23 INFO  Progress (1): 1.5/4.9 MB[0m
2026.03.09 20:45:23 INFO  Progress (1): 1.5/4.9 MB[0m
2026.03.09 20:45:23 INFO  Progress (1): 1.6/4.9 MB[0m
2026.03.09 20:45:23 INFO  Progress (1): 1.6/4.9 MB[0m
2026.03.09 20:45:23 INFO  Progress (1): 1.6/4.9 MB[0m
2026.03.09 20:45:23 INFO  Progress (1): 1.6/4.9 MB[0m
2026.03.09 20:45:23 INFO  Progress (1): 1.6/4.9 MB[0m
2026.03.09 20:45:23 INFO  Progress (1): 1.6/4.9 MB[0m
2026.03.09 20:45:23 INFO  Progress (1): 1.7/4.9 MB[0m
2026.03.09 20:45:23 INFO  Progress (1): 1.7/4.9 MB[0m
2026.03.09 20:45:23 INFO  Progress (1): 1.7/4.9 MB[0m
2026.03.09 20:45:23 INFO  Progress (1): 1.7/4.9 MB[0m
2026.03.09 20:45:23 INFO  Progress (1): 1.7/4.9 MB[0m
2026.03.09 20:45:23 INFO  Progress (1): 1.7/4.9 MB[0m
2026.03.09 20:45:23 INFO  Progress (1): 1.8/4.9 MB[0m
2026.03.09 20:45:23 INFO  Progress (1): 1.8/4.9 MB[0m
2026.03.09 20:45:23 INFO  Progress (1): 1.8/4.9 MB[0m
2026.03.09 20:45:23 INFO  Progress (1): 1.8/4.9 MB[0m
2026.03.09 20:45:23 INFO  Progress (1): 1.8/4.9 MB[0m
2026.03.09 20:45:23 INFO  Progress (1): 1.8/4.9 MB[0m
2026.03.09 20:45:23 INFO  Progress (1): 1.9/4.9 MB[0m
2026.03.09 20:45:23 INFO  Progress (1): 1.9/4.9 MB[0m
2026.03.09 20:45:23 INFO  Progress (1): 1.9/4.9 MB[0m
2026.03.09 20:45:23 INFO  Progress (1): 1.9/4.9 MB[0m
2026.03.09 20:45:23 INFO  Progress (1): 1.9/4.9 MB[0m
2026.03.09 20:45:23 INFO  Progress (1): 1.9/4.9 MB[0m
2026.03.09 20:45:23 INFO  Progress (1): 2.0/4.9 MB[0m
2026.03.09 20:45:23 INFO  Progress (1): 2.0/4.9 MB[0m
2026.03.09 20:45:23 INFO  Progress (1): 2.0/4.9 MB[0m
2026.03.09 20:45:23 INFO  Progress (1): 2.0/4.9 MB[0m
2026.03.09 20:45:23 INFO  Progress (1): 2.0/4.9 MB[0m
2026.03.09 20:45:23 INFO  Progress (1): 2.0/4.9 MB[0m
2026.03.09 20:45:23 INFO  Progress (1): 2.1/4.9 MB[0m
2026.03.09 20:45:23 INFO  Progress (1): 2.1/4.9 MB[0m
2026.03.09 20:45:23 INFO  Progress (1): 2.1/4.9 MB[0m
2026.03.09 20:45:23 INFO  Progress (1): 2.1/4.9 MB[0m
2026.03.09 20:45:23 INFO  Progress (1): 2.1/4.9 MB[0m
2026.03.09 20:45:23 INFO  Progress (1): 2.1/4.9 MB[0m
2026.03.09 20:45:23 INFO  Progress (1): 2.2/4.9 MB[0m
2026.03.09 20:45:23 INFO  Progress (1): 2.2/4.9 MB[0m
2026.03.09 20:45:23 INFO  Progress (1): 2.2/4.9 MB[0m
2026.03.09 20:45:23 INFO  Progress (1): 2.2/4.9 MB[0m
2026.03.09 20:45:23 INFO  Progress (1): 2.2/4.9 MB[0m
2026.03.09 20:45:23 INFO  Progress (1): 2.2/4.9 MB[0m
2026.03.09 20:45:23 INFO  Progress (1): 2.2/4.9 MB[0m
2026.03.09 20:45:23 INFO  Progress (1): 2.3/4.9 MB[0m
2026.03.09 20:45:23 INFO  Progress (1): 2.3/4.9 MB[0m
2026.03.09 20:45:23 INFO  Progress (1): 2.3/4.9 MB[0m
2026.03.09 20:45:23 INFO  Progress (1): 2.3/4.9 MB[0m
2026.03.09 20:45:23 INFO  Progress (1): 2.3/4.9 MB[0m
2026.03.09 20:45:23 INFO  Progress (1): 2.3/4.9 MB[0m
2026.03.09 20:45:23 INFO  Progress (1): 2.4/4.9 MB[0m
2026.03.09 20:45:23 INFO  Progress (1): 2.4/4.9 MB[0m
2026.03.09 20:45:23 INFO  Progress (1): 2.4/4.9 MB[0m
2026.03.09 20:45:23 INFO  Progress (1): 2.4/4.9 MB[0m
2026.03.09 20:45:23 INFO  Progress (1): 2.4/4.9 MB[0m
2026.03.09 20:45:23 INFO  Progress (1): 2.4/4.9 MB[0m
2026.03.09 20:45:23 INFO  Progress (1): 2.5/4.9 MB[0m
2026.03.09 20:45:23 INFO  Progress (1): 2.5/4.9 MB[0m
2026.03.09 20:45:23 INFO  Progress (1): 2.5/4.9 MB[0m
2026.03.09 20:45:23 INFO  Progress (1): 2.5/4.9 MB[0m
2026.03.09 20:45:23 INFO  Progress (1): 2.5/4.9 MB[0m
2026.03.09 20:45:23 INFO  Progress (1): 2.5/4.9 MB[0m
2026.03.09 20:45:23 INFO  Progress (1): 2.6/4.9 MB[0m
2026.03.09 20:45:23 INFO  Progress (1): 2.6/4.9 MB[0m
2026.03.09 20:45:23 INFO  Progress (1): 2.6/4.9 MB[0m
2026.03.09 20:45:23 INFO  Progress (1): 2.6/4.9 MB[0m
2026.03.09 20:45:23 INFO  Progress (1): 2.6/4.9 MB[0m
2026.03.09 20:45:23 INFO  Progress (1): 2.6/4.9 MB[0m
2026.03.09 20:45:23 INFO  Progress (1): 2.7/4.9 MB[0m
2026.03.09 20:45:23 INFO  Progress (1): 2.7/4.9 MB[0m
2026.03.09 20:45:23 INFO  Progress (1): 2.7/4.9 MB[0m
2026.03.09 20:45:23 INFO  Progress (1): 2.7/4.9 MB[0m
2026.03.09 20:45:23 INFO  Progress (1): 2.7/4.9 MB[0m
2026.03.09 20:45:23 INFO  Progress (1): 2.7/4.9 MB[0m
2026.03.09 20:45:23 INFO  Progress (1): 2.8/4.9 MB[0m
2026.03.09 20:45:23 INFO  Progress (1): 2.8/4.9 MB[0m
2026.03.09 20:45:23 INFO  Progress (1): 2.8/4.9 MB[0m
2026.03.09 20:45:23 INFO  Progress (1): 2.8/4.9 MB[0m
2026.03.09 20:45:23 INFO  Progress (1): 2.8/4.9 MB[0m
2026.03.09 20:45:23 INFO  Progress (1): 2.8/4.9 MB[0m
2026.03.09 20:45:23 INFO  Progress (1): 2.9/4.9 MB[0m
2026.03.09 20:45:23 INFO  Progress (1): 2.9/4.9 MB[0m
2026.03.09 20:45:23 INFO  Progress (1): 2.9/4.9 MB[0m
2026.03.09 20:45:23 INFO  Progress (1): 2.9/4.9 MB[0m
2026.03.09 20:45:23 INFO  Progress (1): 2.9/4.9 MB[0m
2026.03.09 20:45:23 INFO  Progress (1): 2.9/4.9 MB[0m
2026.03.09 20:45:23 INFO  Progress (1): 3.0/4.9 MB[0m
2026.03.09 20:45:23 INFO  Progress (1): 3.0/4.9 MB[0m
2026.03.09 20:45:23 INFO  Progress (1): 3.0/4.9 MB[0m
2026.03.09 20:45:23 INFO  Progress (1): 3.0/4.9 MB[0m
2026.03.09 20:45:23 INFO  Progress (1): 3.0/4.9 MB[0m
2026.03.09 20:45:23 INFO  Progress (1): 3.0/4.9 MB[0m
2026.03.09 20:45:23 INFO  Progress (1): 3.1/4.9 MB[0m
2026.03.09 20:45:23 INFO  Progress (1): 3.1/4.9 MB[0m
2026.03.09 20:45:23 INFO  Progress (1): 3.1/4.9 MB[0m
2026.03.09 20:45:23 INFO  Progress (1): 3.1/4.9 MB[0m
2026.03.09 20:45:23 INFO  Progress (1): 3.1/4.9 MB[0m
2026.03.09 20:45:23 INFO  Progress (1): 3.1/4.9 MB[0m
2026.03.09 20:45:23 INFO  Progress (1): 3.2/4.9 MB[0m
2026.03.09 20:45:23 INFO  Progress (1): 3.2/4.9 MB[0m
2026.03.09 20:45:23 INFO  Progress (1): 3.2/4.9 MB[0m
2026.03.09 20:45:23 INFO  Progress (1): 3.2/4.9 MB[0m
2026.03.09 20:45:23 INFO  Progress (1): 3.2/4.9 MB[0m
2026.03.09 20:45:23 INFO  Progress (1): 3.2/4.9 MB[0m
2026.03.09 20:45:23 INFO  Progress (1): 3.2/4.9 MB[0m
2026.03.09 20:45:23 INFO  Progress (1): 3.3/4.9 MB[0m
2026.03.09 20:45:23 INFO  Progress (1): 3.3/4.9 MB[0m
2026.03.09 20:45:23 INFO  Progress (1): 3.3/4.9 MB[0m
2026.03.09 20:45:23 INFO  Progress (1): 3.3/4.9 MB[0m
2026.03.09 20:45:23 INFO  Progress (1): 3.3/4.9 MB[0m
2026.03.09 20:45:23 INFO  Progress (1): 3.3/4.9 MB[0m
2026.03.09 20:45:23 INFO  Progress (1): 3.4/4.9 MB[0m
2026.03.09 20:45:23 INFO  Progress (1): 3.4/4.9 MB[0m
2026.03.09 20:45:23 INFO  Progress (1): 3.4/4.9 MB[0m
2026.03.09 20:45:23 INFO  Progress (1): 3.4/4.9 MB[0m
2026.03.09 20:45:23 INFO  Progress (1): 3.4/4.9 MB[0m
2026.03.09 20:45:23 INFO  Progress (1): 3.4/4.9 MB[0m
2026.03.09 20:45:23 INFO  Progress (1): 3.5/4.9 MB[0m
2026.03.09 20:45:23 INFO  Progress (1): 3.5/4.9 MB[0m
2026.03.09 20:45:23 INFO  Progress (1): 3.5/4.9 MB[0m
2026.03.09 20:45:23 INFO  Progress (1): 3.5/4.9 MB[0m
2026.03.09 20:45:23 INFO  Progress (1): 3.5/4.9 MB[0m
2026.03.09 20:45:23 INFO  Progress (1): 3.5/4.9 MB[0m
2026.03.09 20:45:24 INFO  Progress (1): 3.6/4.9 MB[0m
2026.03.09 20:45:24 INFO  Progress (1): 3.6/4.9 MB[0m
2026.03.09 20:45:24 INFO  Progress (1): 3.6/4.9 MB[0m
2026.03.09 20:45:24 INFO  Progress (1): 3.6/4.9 MB[0m
2026.03.09 20:45:24 INFO  Progress (1): 3.6/4.9 MB[0m
2026.03.09 20:45:24 INFO  Progress (1): 3.6/4.9 MB[0m
2026.03.09 20:45:24 INFO  Progress (1): 3.6/4.9 MB[0m
2026.03.09 20:45:24 INFO  Progress (1): 3.7/4.9 MB[0m
2026.03.09 20:45:24 INFO  Progress (1): 3.7/4.9 MB[0m
2026.03.09 20:45:24 INFO  Progress (1): 3.7/4.9 MB[0m
2026.03.09 20:45:24 INFO  Progress (1): 3.7/4.9 MB[0m
2026.03.09 20:45:24 INFO  Progress (1): 3.7/4.9 MB[0m
2026.03.09 20:45:24 INFO  Progress (1): 3.7/4.9 MB[0m
2026.03.09 20:45:24 INFO  Progress (1): 3.8/4.9 MB[0m
2026.03.09 20:45:24 INFO  Progress (1): 3.8/4.9 MB[0m
2026.03.09 20:45:24 INFO  Progress (1): 3.8/4.9 MB[0m
2026.03.09 20:45:24 INFO  Progress (1): 3.8/4.9 MB[0m
2026.03.09 20:45:24 INFO  Progress (1): 3.8/4.9 MB[0m
2026.03.09 20:45:24 INFO  Progress (1): 3.8/4.9 MB[0m
2026.03.09 20:45:24 INFO  Progress (1): 3.8/4.9 MB[0m
2026.03.09 20:45:24 INFO  Progress (1): 3.9/4.9 MB[0m
2026.03.09 20:45:24 INFO  Progress (1): 3.9/4.9 MB[0m
2026.03.09 20:45:24 INFO  Progress (1): 3.9/4.9 MB[0m
2026.03.09 20:45:24 INFO  Progress (1): 3.9/4.9 MB[0m
2026.03.09 20:45:24 INFO  Progress (1): 3.9/4.9 MB[0m
2026.03.09 20:45:24 INFO  Progress (1): 3.9/4.9 MB[0m
2026.03.09 20:45:24 INFO  Progress (1): 4.0/4.9 MB[0m
2026.03.09 20:45:24 INFO  Progress (1): 4.0/4.9 MB[0m
2026.03.09 20:45:24 INFO  Progress (1): 4.0/4.9 MB[0m
2026.03.09 20:45:24 INFO  Progress (1): 4.0/4.9 MB[0m
2026.03.09 20:45:24 INFO  Progress (1): 4.0/4.9 MB[0m
2026.03.09 20:45:24 INFO  Progress (1): 4.0/4.9 MB[0m
2026.03.09 20:45:24 INFO  Progress (1): 4.1/4.9 MB[0m
2026.03.09 20:45:24 INFO  Progress (1): 4.1/4.9 MB[0m
2026.03.09 20:45:24 INFO  Progress (1): 4.1/4.9 MB[0m
2026.03.09 20:45:24 INFO  Progress (1): 4.1/4.9 MB[0m
2026.03.09 20:45:24 INFO  Progress (1): 4.1/4.9 MB[0m
2026.03.09 20:45:24 INFO  Progress (1): 4.1/4.9 MB[0m
2026.03.09 20:45:24 INFO  Progress (1): 4.2/4.9 MB[0m
2026.03.09 20:45:24 INFO  Progress (1): 4.2/4.9 MB[0m
2026.03.09 20:45:24 INFO  Progress (1): 4.2/4.9 MB[0m
2026.03.09 20:45:24 INFO  Progress (1): 4.2/4.9 MB[0m
2026.03.09 20:45:24 INFO  Progress (1): 4.2/4.9 MB[0m
2026.03.09 20:45:24 INFO  Progress (1): 4.2/4.9 MB[0m
2026.03.09 20:45:24 INFO  Progress (1): 4.3/4.9 MB[0m
2026.03.09 20:45:24 INFO  Progress (1): 4.3/4.9 MB[0m
2026.03.09 20:45:24 INFO  Progress (1): 4.3/4.9 MB[0m
2026.03.09 20:45:24 INFO  Progress (1): 4.3/4.9 MB[0m
2026.03.09 20:45:24 INFO  Progress (1): 4.3/4.9 MB[0m
2026.03.09 20:45:24 INFO  Progress (1): 4.3/4.9 MB[0m
2026.03.09 20:45:24 INFO  Progress (1): 4.3/4.9 MB[0m
2026.03.09 20:45:24 INFO  Progress (1): 4.4/4.9 MB[0m
2026.03.09 20:45:24 INFO  Progress (1): 4.4/4.9 MB[0m
2026.03.09 20:45:24 INFO  Progress (1): 4.4/4.9 MB[0m
2026.03.09 20:45:24 INFO  Progress (1): 4.4/4.9 MB[0m
2026.03.09 20:45:24 INFO  Progress (1): 4.4/4.9 MB[0m
2026.03.09 20:45:24 INFO  Progress (1): 4.4/4.9 MB[0m
2026.03.09 20:45:24 INFO  Progress (1): 4.5/4.9 MB[0m
2026.03.09 20:45:24 INFO  Progress (1): 4.5/4.9 MB[0m
2026.03.09 20:45:24 INFO  Progress (1): 4.5/4.9 MB[0m
2026.03.09 20:45:24 INFO  Progress (1): 4.5/4.9 MB[0m
2026.03.09 20:45:24 INFO  Progress (1): 4.5/4.9 MB[0m
2026.03.09 20:45:24 INFO  Progress (1): 4.5/4.9 MB[0m
2026.03.09 20:45:24 INFO  Progress (1): 4.6/4.9 MB[0m
2026.03.09 20:45:24 INFO  Progress (1): 4.6/4.9 MB[0m
2026.03.09 20:45:24 INFO  Progress (1): 4.6/4.9 MB[0m
2026.03.09 20:45:24 INFO  Progress (1): 4.6/4.9 MB[0m
2026.03.09 20:45:24 INFO  Progress (1): 4.6/4.9 MB[0m
2026.03.09 20:45:24 INFO  Progress (1): 4.6/4.9 MB[0m
2026.03.09 20:45:24 INFO  Progress (1): 4.7/4.9 MB[0m
2026.03.09 20:45:24 INFO  Progress (1): 4.7/4.9 MB[0m
2026.03.09 20:45:24 INFO  Progress (1): 4.7/4.9 MB[0m
2026.03.09 20:45:24 INFO  Progress (1): 4.7/4.9 MB[0m
2026.03.09 20:45:24 INFO  Progress (1): 4.7/4.9 MB[0m
2026.03.09 20:45:24 INFO  Progress (1): 4.7/4.9 MB[0m
2026.03.09 20:45:24 INFO  Progress (1): 4.8/4.9 MB[0m
2026.03.09 20:45:24 INFO  Progress (1): 4.8/4.9 MB[0m
2026.03.09 20:45:24 INFO  Progress (1): 4.8/4.9 MB[0m
2026.03.09 20:45:24 INFO  Progress (1): 4.8/4.9 MB[0m
2026.03.09 20:45:24 INFO  Progress (1): 4.8/4.9 MB[0m
2026.03.09 20:45:24 INFO  Progress (1): 4.8/4.9 MB[0m
2026.03.09 20:45:24 INFO  Progress (1): 4.9/4.9 MB[0m
2026.03.09 20:45:24 INFO  Progress (1): 4.9/4.9 MB[0m
2026.03.09 20:45:24 INFO  Progress (1): 4.9/4.9 MB[0m
2026.03.09 20:45:24 INFO  Progress (1): 4.9/4.9 MB[0m
2026.03.09 20:45:24 INFO  Progress (1): 4.9/4.9 MB[0m
2026.03.09 20:45:24 INFO  Progress (1): 4.9 MB    [0m
2026.03.09 20:45:24 INFO                      [0m
2026.03.09 20:45:24 INFO  Downloaded from central: https://repo.maven.apache.org/maven2/org/hibernate/hibernate-core/5.4.9.Final/hibernate-core-5.4.9.Final-sources.jar (4.9 MB at 2.6 MB/s)[0m
2026.03.09 20:45:24 INFO  [INFO] SUCCESS: org.hibernate:hibernate-core:jar:5.4.9.Final:compile (sources = true)[0m
2026.03.09 20:45:24 INFO  [INFO] Resolving artifact: io.swagger:swagger-annotations:jar:1.5.14:compile (sources = false)[0m
2026.03.09 20:45:24 INFO  [INFO] SUCCESS: io.swagger:swagger-annotations:jar:1.5.14:compile (sources = false)[0m
2026.03.09 20:45:24 INFO  [INFO] Resolving artifact: io.swagger:swagger-annotations:jar:1.5.14:compile (sources = true)[0m
2026.03.09 20:45:24 INFO  Downloading from central: https://repo.maven.apache.org/maven2/io/swagger/swagger-annotations/1.5.14/swagger-annotations-1.5.14-sources.jar[0m
2026.03.09 20:45:24 INFO  Progress (1): 7.7/29 kB[0m
2026.03.09 20:45:24 INFO  Progress (1): 16/29 kB [0m
2026.03.09 20:45:24 INFO  Progress (1): 29 kB   [0m
2026.03.09 20:45:24 INFO                     [0m
2026.03.09 20:45:24 INFO  Downloaded from central: https://repo.maven.apache.org/maven2/io/swagger/swagger-annotations/1.5.14/swagger-annotations-1.5.14-sources.jar (29 kB at 484 kB/s)[0m
2026.03.09 20:45:24 INFO  [INFO] SUCCESS: io.swagger:swagger-annotations:jar:1.5.14:compile (sources = true)[0m
2026.03.09 20:45:24 INFO  [INFO] Resolving artifact: jakarta.transaction:jakarta.transaction-api:jar:1.3.3:compile (sources = false)[0m
2026.03.09 20:45:24 INFO  [INFO] SUCCESS: jakarta.transaction:jakarta.transaction-api:jar:1.3.3:compile (sources = false)[0m
2026.03.09 20:45:24 INFO  [INFO] Resolving artifact: jakarta.transaction:jakarta.transaction-api:jar:1.3.3:compile (sources = true)[0m
2026.03.09 20:45:24 INFO  Downloading from central: https://repo.maven.apache.org/maven2/jakarta/transaction/jakarta.transaction-api/1.3.3/jakarta.transaction-api-1.3.3-sources.jar[0m
2026.03.09 20:45:24 INFO  Progress (1): 7.7/26 kB[0m
2026.03.09 20:45:24 INFO  Progress (1): 8.2/26 kB[0m
2026.03.09 20:45:24 INFO  Progress (1): 25/26 kB [0m
2026.03.09 20:45:24 INFO  Progress (1): 26 kB   [0m
2026.03.09 20:45:24 INFO                     [0m
2026.03.09 20:45:24 INFO  Downloaded from central: https://repo.maven.apache.org/maven2/jakarta/transaction/jakarta.transaction-api/1.3.3/jakarta.transaction-api-1.3.3-sources.jar (26 kB at 456 kB/s)[0m
2026.03.09 20:45:24 INFO  [INFO] SUCCESS: jakarta.transaction:jakarta.transaction-api:jar:1.3.3:compile (sources = true)[0m
2026.03.09 20:45:24 INFO  [INFO] Resolving artifact: org.springframework:spring-jdbc:jar:5.2.2.RELEASE:compile (sources = false)[0m
2026.03.09 20:45:24 INFO  [INFO] SUCCESS: org.springframework:spring-jdbc:jar:5.2.2.RELEASE:compile (sources = false)[0m
2026.03.09 20:45:24 INFO  [INFO] Resolving artifact: org.springframework:spring-jdbc:jar:5.2.2.RELEASE:compile (sources = true)[0m
2026.03.09 20:45:24 INFO  Downloading from central: https://repo.maven.apache.org/maven2/org/springframework/spring-jdbc/5.2.2.RELEASE/spring-jdbc-5.2.2.RELEASE-sources.jar[0m
2026.03.09 20:45:24 INFO  Progress (1): 7.7/422 kB[0m
2026.03.09 20:45:24 INFO  Progress (1): 16/422 kB [0m
2026.03.09 20:45:24 INFO  Progress (1): 32/422 kB[0m
2026.03.09 20:45:24 INFO  Progress (1): 49/422 kB[0m
2026.03.09 20:45:26 INFO  Progress (1): 65/422 kB[0m
2026.03.09 20:45:26 INFO  Progress (1): 81/422 kB[0m
2026.03.09 20:45:26 INFO  Progress (1): 98/422 kB[0m
2026.03.09 20:45:26 INFO  Progress (1): 114/422 kB[0m
2026.03.09 20:45:26 INFO  Progress (1): 131/422 kB[0m
2026.03.09 20:45:26 INFO  Progress (1): 147/422 kB[0m
2026.03.09 20:45:26 INFO  Progress (1): 163/422 kB[0m
2026.03.09 20:45:26 INFO  Progress (1): 180/422 kB[0m
2026.03.09 20:45:26 INFO  Progress (1): 196/422 kB[0m
2026.03.09 20:45:26 INFO  Progress (1): 197/422 kB[0m
2026.03.09 20:45:26 INFO  Progress (1): 213/422 kB[0m
2026.03.09 20:45:26 INFO  Progress (1): 229/422 kB[0m
2026.03.09 20:45:26 INFO  Progress (1): 246/422 kB[0m
2026.03.09 20:45:26 INFO  Progress (1): 262/422 kB[0m
2026.03.09 20:45:26 INFO  Progress (1): 279/422 kB[0m
2026.03.09 20:45:26 INFO  Progress (1): 295/422 kB[0m
2026.03.09 20:45:26 INFO  Progress (1): 311/422 kB[0m
2026.03.09 20:45:26 INFO  Progress (1): 328/422 kB[0m
2026.03.09 20:45:26 INFO  Progress (1): 344/422 kB[0m
2026.03.09 20:45:26 INFO  Progress (1): 360/422 kB[0m
2026.03.09 20:45:26 INFO  Progress (1): 377/422 kB[0m
2026.03.09 20:45:26 INFO  Progress (1): 393/422 kB[0m
2026.03.09 20:45:26 INFO  Progress (1): 410/422 kB[0m
2026.03.09 20:45:26 INFO  Progress (1): 422 kB    [0m
2026.03.09 20:45:26 INFO                      [0m
2026.03.09 20:45:26 INFO  Downloaded from central: https://repo.maven.apache.org/maven2/org/springframework/spring-jdbc/5.2.2.RELEASE/spring-jdbc-5.2.2.RELEASE-sources.jar (422 kB at 972 kB/s)[0m
2026.03.09 20:45:26 INFO  [INFO] SUCCESS: org.springframework:spring-jdbc:jar:5.2.2.RELEASE:compile (sources = true)[0m
2026.03.09 20:45:26 INFO  [INFO] Resolving artifact: org.springframework.boot:spring-boot:jar:2.2.2.RELEASE:compile (sources = false)[0m
2026.03.09 20:45:26 INFO  [INFO] SUCCESS: org.springframework.boot:spring-boot:jar:2.2.2.RELEASE:compile (sources = false)[0m
2026.03.09 20:45:26 INFO  [INFO] Resolving artifact: org.springframework.boot:spring-boot:jar:2.2.2.RELEASE:compile (sources = true)[0m
2026.03.09 20:45:26 INFO  Downloading from central: https://repo.maven.apache.org/maven2/org/springframework/boot/spring-boot/2.2.2.RELEASE/spring-boot-2.2.2.RELEASE-sources.jar[0m
2026.03.09 20:45:26 INFO  Progress (1): 7.7/774 kB[0m
2026.03.09 20:45:26 INFO  Progress (1): 16/774 kB [0m
2026.03.09 20:45:26 INFO  Progress (1): 16/774 kB[0m
2026.03.09 20:45:26 INFO  Progress (1): 33/774 kB[0m
2026.03.09 20:45:26 INFO  Progress (1): 49/774 kB[0m
2026.03.09 20:45:26 INFO  Progress (1): 66/774 kB[0m
2026.03.09 20:45:26 INFO  Progress (1): 82/774 kB[0m
2026.03.09 20:45:26 INFO  Progress (1): 98/774 kB[0m
2026.03.09 20:45:26 INFO  Progress (1): 115/774 kB[0m
2026.03.09 20:45:26 INFO  Progress (1): 131/774 kB[0m
2026.03.09 20:45:26 INFO  Progress (1): 147/774 kB[0m
2026.03.09 20:45:26 INFO  Progress (1): 164/774 kB[0m
2026.03.09 20:45:26 INFO  Progress (1): 180/774 kB[0m
2026.03.09 20:45:26 INFO  Progress (1): 197/774 kB[0m
2026.03.09 20:45:26 INFO  Progress (1): 213/774 kB[0m
2026.03.09 20:45:26 INFO  Progress (1): 229/774 kB[0m
2026.03.09 20:45:26 INFO  Progress (1): 246/774 kB[0m
2026.03.09 20:45:26 INFO  Progress (1): 262/774 kB[0m
2026.03.09 20:45:26 INFO  Progress (1): 279/774 kB[0m
2026.03.09 20:45:26 INFO  Progress (1): 295/774 kB[0m
2026.03.09 20:45:26 INFO  Progress (1): 311/774 kB[0m
2026.03.09 20:45:26 INFO  Progress (1): 328/774 kB[0m
2026.03.09 20:45:26 INFO  Progress (1): 344/774 kB[0m
2026.03.09 20:45:26 INFO  Progress (1): 360/774 kB[0m
2026.03.09 20:45:26 INFO  Progress (1): 377/774 kB[0m
2026.03.09 20:45:26 INFO  Progress (1): 393/774 kB[0m
2026.03.09 20:45:26 INFO  Progress (1): 410/774 kB[0m
2026.03.09 20:45:26 INFO  Progress (1): 426/774 kB[0m
2026.03.09 20:45:26 INFO  Progress (1): 442/774 kB[0m
2026.03.09 20:45:26 INFO  Progress (1): 459/774 kB[0m
2026.03.09 20:45:26 INFO  Progress (1): 475/774 kB[0m
2026.03.09 20:45:26 INFO  Progress (1): 492/774 kB[0m
2026.03.09 20:45:26 INFO  Progress (1): 508/774 kB[0m
2026.03.09 20:45:26 INFO  Progress (1): 524/774 kB[0m
2026.03.09 20:45:26 INFO  Progress (1): 541/774 kB[0m
2026.03.09 20:45:26 INFO  Progress (1): 557/774 kB[0m
2026.03.09 20:45:26 INFO  Progress (1): 573/774 kB[0m
2026.03.09 20:45:26 INFO  Progress (1): 590/774 kB[0m
2026.03.09 20:45:26 INFO  Progress (1): 606/774 kB[0m
2026.03.09 20:45:26 INFO  Progress (1): 623/774 kB[0m
2026.03.09 20:45:26 INFO  Progress (1): 639/774 kB[0m
2026.03.09 20:45:26 INFO  Progress (1): 655/774 kB[0m
2026.03.09 20:45:26 INFO  Progress (1): 672/774 kB[0m
2026.03.09 20:45:26 INFO  Progress (1): 688/774 kB[0m
2026.03.09 20:45:26 INFO  Progress (1): 705/774 kB[0m
2026.03.09 20:45:26 INFO  Progress (1): 721/774 kB[0m
2026.03.09 20:45:26 INFO  Progress (1): 737/774 kB[0m
2026.03.09 20:45:26 INFO  Progress (1): 754/774 kB[0m
2026.03.09 20:45:26 INFO  Progress (1): 770/774 kB[0m
2026.03.09 20:45:26 INFO  Progress (1): 774 kB    [0m
2026.03.09 20:45:26 INFO                      [0m
2026.03.09 20:45:26 INFO  Downloaded from central: https://repo.maven.apache.org/maven2/org/springframework/boot/spring-boot/2.2.2.RELEASE/spring-boot-2.2.2.RELEASE-sources.jar (774 kB at 2.3 MB/s)[0m
2026.03.09 20:45:26 INFO  [INFO] SUCCESS: org.springframework.boot:spring-boot:jar:2.2.2.RELEASE:compile (sources = true)[0m
2026.03.09 20:45:26 INFO  [INFO] Resolving artifact: org.springframework.boot:spring-boot-starter-validation:jar:2.2.2.RELEASE:compile (sources = false)[0m
2026.03.09 20:45:26 INFO  [INFO] SUCCESS: org.springframework.boot:spring-boot-starter-validation:jar:2.2.2.RELEASE:compile (sources = false)[0m
2026.03.09 20:45:26 INFO  [INFO] Resolving artifact: org.springframework.boot:spring-boot-starter-validation:jar:2.2.2.RELEASE:compile (sources = true)[0m
2026.03.09 20:45:26 INFO  Downloading from central: https://repo.maven.apache.org/maven2/org/springframework/boot/spring-boot-starter-validation/2.2.2.RELEASE/spring-boot-starter-validation-2.2.2.RELEASE-sources.jar[0m
2026.03.09 20:45:26 INFO  Progress (1): 2.2 kB[0m
2026.03.09 20:45:26 INFO                      [0m
2026.03.09 20:45:26 INFO  Downloaded from central: https://repo.maven.apache.org/maven2/org/springframework/boot/spring-boot-starter-validation/2.2.2.RELEASE/spring-boot-starter-validation-2.2.2.RELEASE-sources.jar (2.2 kB at 29 kB/s)[0m
2026.03.09 20:45:26 INFO  [INFO] SUCCESS: org.springframework.boot:spring-boot-starter-validation:jar:2.2.2.RELEASE:compile (sources = true)[0m
2026.03.09 20:45:26 INFO  [INFO] Resolving artifact: org.jboss.logging:jboss-logging:jar:3.4.1.Final:compile (sources = false)[0m
2026.03.09 20:45:26 INFO  [INFO] SUCCESS: org.jboss.logging:jboss-logging:jar:3.4.1.Final:compile (sources = false)[0m
2026.03.09 20:45:26 INFO  [INFO] Resolving artifact: org.jboss.logging:jboss-logging:jar:3.4.1.Final:compile (sources = true)[0m
2026.03.09 20:45:26 INFO  Downloading from central: https://repo.maven.apache.org/maven2/org/jboss/logging/jboss-logging/3.4.1.Final/jboss-logging-3.4.1.Final-sources.jar[0m
2026.03.09 20:45:26 INFO  Progress (1): 7.7/48 kB[0m
2026.03.09 20:45:26 INFO  Progress (1): 12/48 kB [0m
2026.03.09 20:45:26 INFO  Progress (1): 29/48 kB[0m
2026.03.09 20:45:26 INFO  Progress (1): 45/48 kB[0m
2026.03.09 20:45:26 INFO  Progress (1): 48 kB   [0m
2026.03.09 20:45:26 INFO                     [0m
2026.03.09 20:45:26 INFO  Downloaded from central: https://repo.maven.apache.org/maven2/org/jboss/logging/jboss-logging/3.4.1.Final/jboss-logging-3.4.1.Final-sources.jar (48 kB at 294 kB/s)[0m
2026.03.09 20:45:26 INFO  [INFO] SUCCESS: org.jboss.logging:jboss-logging:jar:3.4.1.Final:compile (sources = true)[0m
2026.03.09 20:45:26 INFO  [INFO] Resolving artifact: org.xmlunit:xmlunit-core:jar:2.6.3:test (sources = false)[0m
2026.03.09 20:45:26 INFO  [INFO] SUCCESS: org.xmlunit:xmlunit-core:jar:2.6.3:test (sources = false)[0m
2026.03.09 20:45:26 INFO  [INFO] Resolving artifact: org.xmlunit:xmlunit-core:jar:2.6.3:test (sources = true)[0m
2026.03.09 20:45:26 INFO  Downloading from central: https://repo.maven.apache.org/maven2/org/xmlunit/xmlunit-core/2.6.3/xmlunit-core-2.6.3-sources.jar[0m
2026.03.09 20:45:26 INFO  Progress (1): 7.7/100 kB[0m
2026.03.09 20:45:26 INFO  Progress (1): 16/100 kB [0m
2026.03.09 20:45:26 INFO  Progress (1): 16/100 kB[0m
2026.03.09 20:45:26 INFO  Progress (1): 33/100 kB[0m
2026.03.09 20:45:26 INFO  Progress (1): 49/100 kB[0m
2026.03.09 20:45:26 INFO  Progress (1): 66/100 kB[0m
2026.03.09 20:45:26 INFO  Progress (1): 82/100 kB[0m
2026.03.09 20:45:26 INFO  Progress (1): 98/100 kB[0m
2026.03.09 20:45:26 INFO  Progress (1): 100 kB   [0m
2026.03.09 20:45:26 INFO                      [0m
2026.03.09 20:45:26 INFO  Downloaded from central: https://repo.maven.apache.org/maven2/org/xmlunit/xmlunit-core/2.6.3/xmlunit-core-2.6.3-sources.jar (100 kB at 1.4 MB/s)[0m
2026.03.09 20:45:26 INFO  [INFO] SUCCESS: org.xmlunit:xmlunit-core:jar:2.6.3:test (sources = true)[0m
2026.03.09 20:45:26 INFO  [INFO] Resolving artifact: org.slf4j:jul-to-slf4j:jar:1.7.29:compile (sources = false)[0m
2026.03.09 20:45:26 INFO  [INFO] SUCCESS: org.slf4j:jul-to-slf4j:jar:1.7.29:compile (sources = false)[0m
2026.03.09 20:45:26 INFO  [INFO] Resolving artifact: org.slf4j:jul-to-slf4j:jar:1.7.29:compile (sources = true)[0m
2026.03.09 20:45:26 INFO  Downloading from central: https://repo.maven.apache.org/maven2/org/slf4j/jul-to-slf4j/1.7.29/jul-to-slf4j-1.7.29-sources.jar[0m
2026.03.09 20:45:26 INFO  Progress (1): 6.2 kB[0m
2026.03.09 20:45:26 INFO                      [0m
2026.03.09 20:45:26 INFO  Downloaded from central: https://repo.maven.apache.org/maven2/org/slf4j/jul-to-slf4j/1.7.29/jul-to-slf4j-1.7.29-sources.jar (6.2 kB at 78 kB/s)[0m
2026.03.09 20:45:26 INFO  [INFO] SUCCESS: org.slf4j:jul-to-slf4j:jar:1.7.29:compile (sources = true)[0m
2026.03.09 20:45:26 INFO  [INFO] Resolving artifact: com.fasterxml.jackson.datatype:jackson-datatype-jdk8:jar:2.10.1:compile (sources = false)[0m
2026.03.09 20:45:26 INFO  [INFO] SUCCESS: com.fasterxml.jackson.datatype:jackson-datatype-jdk8:jar:2.10.1:compile (sources = false)[0m
2026.03.09 20:45:26 INFO  [INFO] Resolving artifact: com.fasterxml.jackson.datatype:jackson-datatype-jdk8:jar:2.10.1:compile (sources = true)[0m
2026.03.09 20:45:26 INFO  Downloading from central: https://repo.maven.apache.org/maven2/com/fasterxml/jackson/datatype/jackson-datatype-jdk8/2.10.1/jackson-datatype-jdk8-2.10.1-sources.jar[0m
2026.03.09 20:45:26 INFO  Progress (1): 7.7/22 kB[0m
2026.03.09 20:45:26 INFO  Progress (1): 16/22 kB [0m
2026.03.09 20:45:26 INFO  Progress (1): 22 kB   [0m
2026.03.09 20:45:26 INFO                     [0m
2026.03.09 20:45:26 INFO  Downloaded from central: https://repo.maven.apache.org/maven2/com/fasterxml/jackson/datatype/jackson-datatype-jdk8/2.10.1/jackson-datatype-jdk8-2.10.1-sources.jar (22 kB at 380 kB/s)[0m
2026.03.09 20:45:26 INFO  [INFO] SUCCESS: com.fasterxml.jackson.datatype:jackson-datatype-jdk8:jar:2.10.1:compile (sources = true)[0m
2026.03.09 20:45:26 INFO  [INFO] Resolving artifact: org.springframework:spring-expression:jar:5.2.2.RELEASE:compile (sources = false)[0m
2026.03.09 20:45:26 INFO  [INFO] SUCCESS: org.springframework:spring-expression:jar:5.2.2.RELEASE:compile (sources = false)[0m
2026.03.09 20:45:26 INFO  [INFO] Resolving artifact: org.springframework:spring-expression:jar:5.2.2.RELEASE:compile (sources = true)[0m
2026.03.09 20:45:26 INFO  Downloading from central: https://repo.maven.apache.org/maven2/org/springframework/spring-expression/5.2.2.RELEASE/spring-expression-5.2.2.RELEASE-sources.jar[0m
2026.03.09 20:45:27 INFO  Progress (1): 7.7/218 kB[0m
2026.03.09 20:45:27 INFO  Progress (1): 16/218 kB [0m
2026.03.09 20:45:27 INFO  Progress (1): 32/218 kB[0m
2026.03.09 20:45:27 INFO  Progress (1): 49/218 kB[0m
2026.03.09 20:45:27 INFO  Progress (1): 65/218 kB[0m
2026.03.09 20:45:27 INFO  Progress (1): 81/218 kB[0m
2026.03.09 20:45:27 INFO  Progress (1): 98/218 kB[0m
2026.03.09 20:45:27 INFO  Progress (1): 114/218 kB[0m
2026.03.09 20:45:27 INFO  Progress (1): 130/218 kB[0m
2026.03.09 20:45:27 INFO  Progress (1): 147/218 kB[0m
2026.03.09 20:45:27 INFO  Progress (1): 147/218 kB[0m
2026.03.09 20:45:27 INFO  Progress (1): 164/218 kB[0m
2026.03.09 20:45:27 INFO  Progress (1): 180/218 kB[0m
2026.03.09 20:45:27 INFO  Progress (1): 197/218 kB[0m
2026.03.09 20:45:27 INFO  Progress (1): 213/218 kB[0m
2026.03.09 20:45:27 INFO  Progress (1): 218 kB    [0m
2026.03.09 20:45:27 INFO                      [0m
2026.03.09 20:45:27 INFO  Downloaded from central: https://repo.maven.apache.org/maven2/org/springframework/spring-expression/5.2.2.RELEASE/spring-expression-5.2.2.RELEASE-sources.jar (218 kB at 1.6 MB/s)[0m
2026.03.09 20:45:27 INFO  [INFO] SUCCESS: org.springframework:spring-expression:jar:5.2.2.RELEASE:compile (sources = true)[0m
2026.03.09 20:45:27 INFO  [INFO] Resolving artifact: org.hibernate.validator:hibernate-validator:jar:6.0.18.Final:compile (sources = false)[0m
2026.03.09 20:45:27 INFO  [INFO] SUCCESS: org.hibernate.validator:hibernate-validator:jar:6.0.18.Final:compile (sources = false)[0m
2026.03.09 20:45:27 INFO  [INFO] Resolving artifact: org.hibernate.validator:hibernate-validator:jar:6.0.18.Final:compile (sources = true)[0m
2026.03.09 20:45:27 INFO  Downloading from central: https://repo.maven.apache.org/maven2/org/hibernate/validator/hibernate-validator/6.0.18.Final/hibernate-validator-6.0.18.Final-sources.jar[0m
2026.03.09 20:45:27 INFO  Progress (1): 7.5/825 kB[0m
2026.03.09 20:45:27 INFO  Progress (1): 24/825 kB [0m
2026.03.09 20:45:27 INFO  Progress (1): 40/825 kB[0m
2026.03.09 20:45:27 INFO  Progress (1): 57/825 kB[0m
2026.03.09 20:45:27 INFO  Progress (1): 73/825 kB[0m
2026.03.09 20:45:27 INFO  Progress (1): 89/825 kB[0m
2026.03.09 20:45:27 INFO  Progress (1): 106/825 kB[0m
2026.03.09 20:45:27 INFO  Progress (1): 122/825 kB[0m
2026.03.09 20:45:27 INFO  Progress (1): 130/825 kB[0m
2026.03.09 20:45:27 INFO  Progress (1): 147/825 kB[0m
2026.03.09 20:45:27 INFO  Progress (1): 163/825 kB[0m
2026.03.09 20:45:27 INFO  Progress (1): 179/825 kB[0m
2026.03.09 20:45:27 INFO  Progress (1): 196/825 kB[0m
2026.03.09 20:45:27 INFO  Progress (1): 212/825 kB[0m
2026.03.09 20:45:27 INFO  Progress (1): 229/825 kB[0m
2026.03.09 20:45:27 INFO  Progress (1): 245/825 kB[0m
2026.03.09 20:45:27 INFO  Progress (1): 261/825 kB[0m
2026.03.09 20:45:27 INFO  Progress (1): 278/825 kB[0m
2026.03.09 20:45:27 INFO  Progress (1): 294/825 kB[0m
2026.03.09 20:45:27 INFO  Progress (1): 311/825 kB[0m
2026.03.09 20:45:27 INFO  Progress (1): 327/825 kB[0m
2026.03.09 20:45:27 INFO  Progress (1): 343/825 kB[0m
2026.03.09 20:45:27 INFO  Progress (1): 360/825 kB[0m
2026.03.09 20:45:27 INFO  Progress (1): 376/825 kB[0m
2026.03.09 20:45:27 INFO  Progress (1): 392/825 kB[0m
2026.03.09 20:45:27 INFO  Progress (1): 409/825 kB[0m
2026.03.09 20:45:27 INFO  Progress (1): 425/825 kB[0m
2026.03.09 20:45:27 INFO  Progress (1): 442/825 kB[0m
2026.03.09 20:45:27 INFO  Progress (1): 458/825 kB[0m
2026.03.09 20:45:27 INFO  Progress (1): 474/825 kB[0m
2026.03.09 20:45:27 INFO  Progress (1): 491/825 kB[0m
2026.03.09 20:45:27 INFO  Progress (1): 507/825 kB[0m
2026.03.09 20:45:27 INFO  Progress (1): 524/825 kB[0m
2026.03.09 20:45:27 INFO  Progress (1): 540/825 kB[0m
2026.03.09 20:45:27 INFO  Progress (1): 556/825 kB[0m
2026.03.09 20:45:27 INFO  Progress (1): 573/825 kB[0m
2026.03.09 20:45:27 INFO  Progress (1): 589/825 kB[0m
2026.03.09 20:45:27 INFO  Progress (1): 605/825 kB[0m
2026.03.09 20:45:27 INFO  Progress (1): 622/825 kB[0m
2026.03.09 20:45:27 INFO  Progress (1): 638/825 kB[0m
2026.03.09 20:45:27 INFO  Progress (1): 655/825 kB[0m
2026.03.09 20:45:27 INFO  Progress (1): 671/825 kB[0m
2026.03.09 20:45:27 INFO  Progress (1): 687/825 kB[0m
2026.03.09 20:45:27 INFO  Progress (1): 704/825 kB[0m
2026.03.09 20:45:27 INFO  Progress (1): 720/825 kB[0m
2026.03.09 20:45:27 INFO  Progress (1): 737/825 kB[0m
2026.03.09 20:45:27 INFO  Progress (1): 753/825 kB[0m
2026.03.09 20:45:27 INFO  Progress (1): 769/825 kB[0m
2026.03.09 20:45:27 INFO  Progress (1): 786/825 kB[0m
2026.03.09 20:45:27 INFO  Progress (1): 802/825 kB[0m
2026.03.09 20:45:27 INFO  Progress (1): 818/825 kB[0m
2026.03.09 20:45:27 INFO  Progress (1): 825 kB    [0m
2026.03.09 20:45:27 INFO                      [0m
2026.03.09 20:45:27 INFO  Downloaded from central: https://repo.maven.apache.org/maven2/org/hibernate/validator/hibernate-validator/6.0.18.Final/hibernate-validator-6.0.18.Final-sources.jar (825 kB at 2.3 MB/s)[0m
2026.03.09 20:45:27 INFO  [INFO] SUCCESS: org.hibernate.validator:hibernate-validator:jar:6.0.18.Final:compile (sources = true)[0m
2026.03.09 20:45:27 INFO  [INFO] Resolving artifact: org.springframework:spring-aop:jar:5.2.2.RELEASE:compile (sources = false)[0m
2026.03.09 20:45:27 INFO  [INFO] SUCCESS: org.springframework:spring-aop:jar:5.2.2.RELEASE:compile (sources = false)[0m
2026.03.09 20:45:27 INFO  [INFO] Resolving artifact: org.springframework:spring-aop:jar:5.2.2.RELEASE:compile (sources = true)[0m
2026.03.09 20:45:27 INFO  Downloading from central: https://repo.maven.apache.org/maven2/org/springframework/spring-aop/5.2.2.RELEASE/spring-aop-5.2.2.RELEASE-sources.jar[0m
2026.03.09 20:45:27 INFO  Progress (1): 8.2/361 kB[0m
2026.03.09 20:45:27 INFO  Progress (1): 16/361 kB [0m
2026.03.09 20:45:27 INFO  Progress (1): 33/361 kB[0m
2026.03.09 20:45:27 INFO  Progress (1): 41/361 kB[0m
2026.03.09 20:45:27 INFO  Progress (1): 57/361 kB[0m
2026.03.09 20:45:27 INFO  Progress (1): 74/361 kB[0m
2026.03.09 20:45:27 INFO  Progress (1): 82/361 kB[0m
2026.03.09 20:45:27 INFO  Progress (1): 98/361 kB[0m
2026.03.09 20:45:27 INFO  Progress (1): 115/361 kB[0m
2026.03.09 20:45:27 INFO  Progress (1): 131/361 kB[0m
2026.03.09 20:45:27 INFO  Progress (1): 147/361 kB[0m
2026.03.09 20:45:27 INFO  Progress (1): 164/361 kB[0m
2026.03.09 20:45:27 INFO  Progress (1): 180/361 kB[0m
2026.03.09 20:45:27 INFO  Progress (1): 197/361 kB[0m
2026.03.09 20:45:27 INFO  Progress (1): 213/361 kB[0m
2026.03.09 20:45:27 INFO  Progress (1): 229/361 kB[0m
2026.03.09 20:45:27 INFO  Progress (1): 246/361 kB[0m
2026.03.09 20:45:27 INFO  Progress (1): 262/361 kB[0m
2026.03.09 20:45:27 INFO  Progress (1): 279/361 kB[0m
2026.03.09 20:45:27 INFO  Progress (1): 295/361 kB[0m
2026.03.09 20:45:27 INFO  Progress (1): 311/361 kB[0m
2026.03.09 20:45:27 INFO  Progress (1): 328/361 kB[0m
2026.03.09 20:45:27 INFO  Progress (1): 344/361 kB[0m
2026.03.09 20:45:27 INFO  Progress (1): 360/361 kB[0m
2026.03.09 20:45:27 INFO  Progress (1): 361 kB    [0m
2026.03.09 20:45:27 INFO                      [0m
2026.03.09 20:45:27 INFO  Downloaded from central: https://repo.maven.apache.org/maven2/org/springframework/spring-aop/5.2.2.RELEASE/spring-aop-5.2.2.RELEASE-sources.jar (361 kB at 1.8 MB/s)[0m
2026.03.09 20:45:27 INFO  [INFO] SUCCESS: org.springframework:spring-aop:jar:5.2.2.RELEASE:compile (sources = true)[0m
2026.03.09 20:45:27 INFO  [INFO] Resolving artifact: net.bytebuddy:byte-buddy-agent:jar:1.10.4:test (sources = false)[0m
2026.03.09 20:45:27 INFO  [INFO] SUCCESS: net.bytebuddy:byte-buddy-agent:jar:1.10.4:test (sources = false)[0m
2026.03.09 20:45:27 INFO  [INFO] Resolving artifact: net.bytebuddy:byte-buddy-agent:jar:1.10.4:test (sources = true)[0m
2026.03.09 20:45:27 INFO  Downloading from central: https://repo.maven.apache.org/maven2/net/bytebuddy/byte-buddy-agent/1.10.4/byte-buddy-agent-1.10.4-sources.jar[0m
2026.03.09 20:45:27 INFO  Progress (1): 7.7/207 kB[0m
2026.03.09 20:45:27 INFO  Progress (1): 16/207 kB [0m
2026.03.09 20:45:27 INFO  Progress (1): 25/207 kB[0m
2026.03.09 20:45:27 INFO  Progress (1): 41/207 kB[0m
2026.03.09 20:45:27 INFO  Progress (1): 57/207 kB[0m
2026.03.09 20:45:27 INFO  Progress (1): 74/207 kB[0m
2026.03.09 20:45:27 INFO  Progress (1): 90/207 kB[0m
2026.03.09 20:45:27 INFO  Progress (1): 98/207 kB[0m
2026.03.09 20:45:27 INFO  Progress (1): 115/207 kB[0m
2026.03.09 20:45:27 INFO  Progress (1): 131/207 kB[0m
2026.03.09 20:45:27 INFO  Progress (1): 147/207 kB[0m
2026.03.09 20:45:27 INFO  Progress (1): 164/207 kB[0m
2026.03.09 20:45:27 INFO  Progress (1): 180/207 kB[0m
2026.03.09 20:45:27 INFO  Progress (1): 197/207 kB[0m
2026.03.09 20:45:27 INFO  Progress (1): 207 kB    [0m
2026.03.09 20:45:27 INFO                      [0m
2026.03.09 20:45:27 INFO  Downloaded from central: https://repo.maven.apache.org/maven2/net/bytebuddy/byte-buddy-agent/1.10.4/byte-buddy-agent-1.10.4-sources.jar (207 kB at 979 kB/s)[0m
2026.03.09 20:45:27 INFO  [INFO] SUCCESS: net.bytebuddy:byte-buddy-agent:jar:1.10.4:test (sources = true)[0m
2026.03.09 20:45:27 INFO  [INFO] Resolving artifact: jakarta.xml.bind:jakarta.xml.bind-api:jar:2.3.2:compile (sources = false)[0m
2026.03.09 20:45:27 INFO  [INFO] SUCCESS: jakarta.xml.bind:jakarta.xml.bind-api:jar:2.3.2:compile (sources = false)[0m
2026.03.09 20:45:27 INFO  [INFO] Resolving artifact: jakarta.xml.bind:jakarta.xml.bind-api:jar:2.3.2:compile (sources = true)[0m
2026.03.09 20:45:27 INFO  Downloading from central: https://repo.maven.apache.org/maven2/jakarta/xml/bind/jakarta.xml.bind-api/2.3.2/jakarta.xml.bind-api-2.3.2-sources.jar[0m
2026.03.09 20:45:27 INFO  Progress (1): 7.7/194 kB[0m
2026.03.09 20:45:27 INFO  Progress (1): 7.7/194 kB[0m
2026.03.09 20:45:27 INFO  Progress (1): 24/194 kB [0m
2026.03.09 20:45:27 INFO  Progress (1): 40/194 kB[0m
2026.03.09 20:45:27 INFO  Progress (1): 57/194 kB[0m
2026.03.09 20:45:27 INFO  Progress (1): 73/194 kB[0m
2026.03.09 20:45:27 INFO  Progress (1): 90/194 kB[0m
2026.03.09 20:45:27 INFO  Progress (1): 106/194 kB[0m
2026.03.09 20:45:27 INFO  Progress (1): 122/194 kB[0m
2026.03.09 20:45:27 INFO  Progress (1): 139/194 kB[0m
2026.03.09 20:45:27 INFO  Progress (1): 155/194 kB[0m
2026.03.09 20:45:27 INFO  Progress (1): 172/194 kB[0m
2026.03.09 20:45:27 INFO  Progress (1): 188/194 kB[0m
2026.03.09 20:45:27 INFO  Progress (1): 194 kB    [0m
2026.03.09 20:45:27 INFO                      [0m
2026.03.09 20:45:27 INFO  Downloaded from central: https://repo.maven.apache.org/maven2/jakarta/xml/bind/jakarta.xml.bind-api/2.3.2/jakarta.xml.bind-api-2.3.2-sources.jar (194 kB at 1.4 MB/s)[0m
2026.03.09 20:45:28 INFO  [INFO] SUCCESS: jakarta.xml.bind:jakarta.xml.bind-api:jar:2.3.2:compile (sources = true)[0m
2026.03.09 20:45:28 INFO  [INFO] Resolving artifact: org.springframework.boot:spring-boot-starter-web:jar:2.2.2.RELEASE:compile (sources = false)[0m
2026.03.09 20:45:28 INFO  [INFO] SUCCESS: org.springframework.boot:spring-boot-starter-web:jar:2.2.2.RELEASE:compile (sources = false)[0m
2026.03.09 20:45:28 INFO  [INFO] Resolving artifact: org.springframework.boot:spring-boot-starter-web:jar:2.2.2.RELEASE:compile (sources = true)[0m
2026.03.09 20:45:28 INFO  Downloading from central: https://repo.maven.apache.org/maven2/org/springframework/boot/spring-boot-starter-web/2.2.2.RELEASE/spring-boot-starter-web-2.2.2.RELEASE-sources.jar[0m
2026.03.09 20:45:28 INFO  Progress (1): 2.1 kB[0m
2026.03.09 20:45:28 INFO                      [0m
2026.03.09 20:45:28 INFO  Downloaded from central: https://repo.maven.apache.org/maven2/org/springframework/boot/spring-boot-starter-web/2.2.2.RELEASE/spring-boot-starter-web-2.2.2.RELEASE-sources.jar (2.1 kB at 35 kB/s)[0m
2026.03.09 20:45:28 INFO  [INFO] SUCCESS: org.springframework.boot:spring-boot-starter-web:jar:2.2.2.RELEASE:compile (sources = true)[0m
2026.03.09 20:45:28 INFO  [INFO] Resolving artifact: com.h2database:h2:jar:1.4.200:runtime (sources = false)[0m
2026.03.09 20:45:28 INFO  [INFO] SUCCESS: com.h2database:h2:jar:1.4.200:runtime (sources = false)[0m
2026.03.09 20:45:28 INFO  [INFO] Resolving artifact: com.h2database:h2:jar:1.4.200:runtime (sources = true)[0m
2026.03.09 20:45:28 INFO  Downloading from central: https://repo.maven.apache.org/maven2/com/h2database/h2/1.4.200/h2-1.4.200-sources.jar[0m
2026.03.09 20:45:28 INFO  Progress (1): 0/1.6 MB[0m
2026.03.09 20:45:28 INFO  Progress (1): 0/1.6 MB[0m
2026.03.09 20:45:28 INFO  Progress (1): 0/1.6 MB[0m
2026.03.09 20:45:28 INFO  Progress (1): 0/1.6 MB[0m
2026.03.09 20:45:28 INFO  Progress (1): 0.1/1.6 MB[0m
2026.03.09 20:45:28 INFO  Progress (1): 0.1/1.6 MB[0m
2026.03.09 20:45:28 INFO  Progress (1): 0.1/1.6 MB[0m
2026.03.09 20:45:28 INFO  Progress (1): 0.1/1.6 MB[0m
2026.03.09 20:45:28 INFO  Progress (1): 0.1/1.6 MB[0m
2026.03.09 20:45:28 INFO  Progress (1): 0.1/1.6 MB[0m
2026.03.09 20:45:28 INFO  Progress (1): 0.2/1.6 MB[0m
2026.03.09 20:45:28 INFO  Progress (1): 0.2/1.6 MB[0m
2026.03.09 20:45:28 INFO  Progress (1): 0.2/1.6 MB[0m
2026.03.09 20:45:28 INFO  Progress (1): 0.2/1.6 MB[0m
2026.03.09 20:45:28 INFO  Progress (1): 0.2/1.6 MB[0m
2026.03.09 20:45:28 INFO  Progress (1): 0.2/1.6 MB[0m
2026.03.09 20:45:28 INFO  Progress (1): 0.3/1.6 MB[0m
2026.03.09 20:45:28 INFO  Progress (1): 0.3/1.6 MB[0m
2026.03.09 20:45:28 INFO  Progress (1): 0.3/1.6 MB[0m
2026.03.09 20:45:28 INFO  Progress (1): 0.3/1.6 MB[0m
2026.03.09 20:45:28 INFO  Progress (1): 0.3/1.6 MB[0m
2026.03.09 20:45:28 INFO  Progress (1): 0.3/1.6 MB[0m
2026.03.09 20:45:28 INFO  Progress (1): 0.4/1.6 MB[0m
2026.03.09 20:45:28 INFO  Progress (1): 0.4/1.6 MB[0m
2026.03.09 20:45:28 INFO  Progress (1): 0.4/1.6 MB[0m
2026.03.09 20:45:28 INFO  Progress (1): 0.4/1.6 MB[0m
2026.03.09 20:45:28 INFO  Progress (1): 0.4/1.6 MB[0m
2026.03.09 20:45:28 INFO  Progress (1): 0.4/1.6 MB[0m
2026.03.09 20:45:28 INFO  Progress (1): 0.5/1.6 MB[0m
2026.03.09 20:45:28 INFO  Progress (1): 0.5/1.6 MB[0m
2026.03.09 20:45:28 INFO  Progress (1): 0.5/1.6 MB[0m
2026.03.09 20:45:28 INFO  Progress (1): 0.5/1.6 MB[0m
2026.03.09 20:45:28 INFO  Progress (1): 0.5/1.6 MB[0m
2026.03.09 20:45:28 INFO  Progress (1): 0.5/1.6 MB[0m
2026.03.09 20:45:28 INFO  Progress (1): 0.6/1.6 MB[0m
2026.03.09 20:45:28 INFO  Progress (1): 0.6/1.6 MB[0m
2026.03.09 20:45:28 INFO  Progress (1): 0.6/1.6 MB[0m
2026.03.09 20:45:28 INFO  Progress (1): 0.6/1.6 MB[0m
2026.03.09 20:45:28 INFO  Progress (1): 0.6/1.6 MB[0m
2026.03.09 20:45:28 INFO  Progress (1): 0.6/1.6 MB[0m
2026.03.09 20:45:28 INFO  Progress (1): 0.7/1.6 MB[0m
2026.03.09 20:45:28 INFO  Progress (1): 0.7/1.6 MB[0m
2026.03.09 20:45:28 INFO  Progress (1): 0.7/1.6 MB[0m
2026.03.09 20:45:28 INFO  Progress (1): 0.7/1.6 MB[0m
2026.03.09 20:45:28 INFO  Progress (1): 0.7/1.6 MB[0m
2026.03.09 20:45:28 INFO  Progress (1): 0.7/1.6 MB[0m
2026.03.09 20:45:28 INFO  Progress (1): 0.7/1.6 MB[0m
2026.03.09 20:45:28 INFO  Progress (1): 0.8/1.6 MB[0m
2026.03.09 20:45:28 INFO  Progress (1): 0.8/1.6 MB[0m
2026.03.09 20:45:28 INFO  Progress (1): 0.8/1.6 MB[0m
2026.03.09 20:45:28 INFO  Progress (1): 0.8/1.6 MB[0m
2026.03.09 20:45:28 INFO  Progress (1): 0.8/1.6 MB[0m
2026.03.09 20:45:28 INFO  Progress (1): 0.8/1.6 MB[0m
2026.03.09 20:45:28 INFO  Progress (1): 0.9/1.6 MB[0m
2026.03.09 20:45:28 INFO  Progress (1): 0.9/1.6 MB[0m
2026.03.09 20:45:28 INFO  Progress (1): 0.9/1.6 MB[0m
2026.03.09 20:45:28 INFO  Progress (1): 0.9/1.6 MB[0m
2026.03.09 20:45:28 INFO  Progress (1): 0.9/1.6 MB[0m
2026.03.09 20:45:28 INFO  Progress (1): 0.9/1.6 MB[0m
2026.03.09 20:45:28 INFO  Progress (1): 1.0/1.6 MB[0m
2026.03.09 20:45:28 INFO  Progress (1): 1.0/1.6 MB[0m
2026.03.09 20:45:28 INFO  Progress (1): 1.0/1.6 MB[0m
2026.03.09 20:45:28 INFO  Progress (1): 1.0/1.6 MB[0m
2026.03.09 20:45:28 INFO  Progress (1): 1.0/1.6 MB[0m
2026.03.09 20:45:28 INFO  Progress (1): 1.0/1.6 MB[0m
2026.03.09 20:45:28 INFO  Progress (1): 1.1/1.6 MB[0m
2026.03.09 20:45:28 INFO  Progress (1): 1.1/1.6 MB[0m
2026.03.09 20:45:28 INFO  Progress (1): 1.1/1.6 MB[0m
2026.03.09 20:45:28 INFO  Progress (1): 1.1/1.6 MB[0m
2026.03.09 20:45:28 INFO  Progress (1): 1.1/1.6 MB[0m
2026.03.09 20:45:28 INFO  Progress (1): 1.1/1.6 MB[0m
2026.03.09 20:45:28 INFO  Progress (1): 1.2/1.6 MB[0m
2026.03.09 20:45:28 INFO  Progress (1): 1.2/1.6 MB[0m
2026.03.09 20:45:28 INFO  Progress (1): 1.2/1.6 MB[0m
2026.03.09 20:45:28 INFO  Progress (1): 1.2/1.6 MB[0m
2026.03.09 20:45:28 INFO  Progress (1): 1.2/1.6 MB[0m
2026.03.09 20:45:28 INFO  Progress (1): 1.2/1.6 MB[0m
2026.03.09 20:45:28 INFO  Progress (1): 1.3/1.6 MB[0m
2026.03.09 20:45:28 INFO  Progress (1): 1.3/1.6 MB[0m
2026.03.09 20:45:28 INFO  Progress (1): 1.3/1.6 MB[0m
2026.03.09 20:45:28 INFO  Progress (1): 1.3/1.6 MB[0m
2026.03.09 20:45:28 INFO  Progress (1): 1.3/1.6 MB[0m
2026.03.09 20:45:28 INFO  Progress (1): 1.3/1.6 MB[0m
2026.03.09 20:45:28 INFO  Progress (1): 1.4/1.6 MB[0m
2026.03.09 20:45:28 INFO  Progress (1): 1.4/1.6 MB[0m
2026.03.09 20:45:28 INFO  Progress (1): 1.4/1.6 MB[0m
2026.03.09 20:45:28 INFO  Progress (1): 1.4/1.6 MB[0m
2026.03.09 20:45:28 INFO  Progress (1): 1.4/1.6 MB[0m
2026.03.09 20:45:28 INFO  Progress (1): 1.4/1.6 MB[0m
2026.03.09 20:45:28 INFO  Progress (1): 1.5/1.6 MB[0m
2026.03.09 20:45:28 INFO  Progress (1): 1.5/1.6 MB[0m
2026.03.09 20:45:28 INFO  Progress (1): 1.5/1.6 MB[0m
2026.03.09 20:45:28 INFO  Progress (1): 1.5/1.6 MB[0m
2026.03.09 20:45:28 INFO  Progress (1): 1.5/1.6 MB[0m
2026.03.09 20:45:28 INFO  Progress (1): 1.5/1.6 MB[0m
2026.03.09 20:45:28 INFO  Progress (1): 1.6/1.6 MB[0m
2026.03.09 20:45:28 INFO  Progress (1): 1.6/1.6 MB[0m
2026.03.09 20:45:28 INFO  Progress (1): 1.6/1.6 MB[0m
2026.03.09 20:45:28 INFO  Progress (1): 1.6 MB    [0m
2026.03.09 20:45:28 INFO                      [0m
2026.03.09 20:45:28 INFO  Downloaded from central: https://repo.maven.apache.org/maven2/com/h2database/h2/1.4.200/h2-1.4.200-sources.jar (1.6 MB at 2.7 MB/s)[0m
2026.03.09 20:45:28 INFO  [INFO] SUCCESS: com.h2database:h2:jar:1.4.200:runtime (sources = true)[0m
2026.03.09 20:45:28 INFO  [INFO] Resolving artifact: org.aspectj:aspectjweaver:jar:1.9.5:compile (sources = false)[0m
2026.03.09 20:45:28 INFO  [INFO] SUCCESS: org.aspectj:aspectjweaver:jar:1.9.5:compile (sources = false)[0m
2026.03.09 20:45:28 INFO  [INFO] Resolving artifact: org.aspectj:aspectjweaver:jar:1.9.5:compile (sources = true)[0m
2026.03.09 20:45:28 INFO  Downloading from central: https://repo.maven.apache.org/maven2/org/aspectj/aspectjweaver/1.9.5/aspectjweaver-1.9.5-sources.jar[0m
2026.03.09 20:45:28 INFO  Progress (1): 0/1.5 MB[0m
2026.03.09 20:45:28 INFO  Progress (1): 0/1.5 MB[0m
2026.03.09 20:45:28 INFO  Progress (1): 0/1.5 MB[0m
2026.03.09 20:45:28 INFO  Progress (1): 0/1.5 MB[0m
2026.03.09 20:45:28 INFO  Progress (1): 0.1/1.5 MB[0m
2026.03.09 20:45:28 INFO  Progress (1): 0.1/1.5 MB[0m
2026.03.09 20:45:28 INFO  Progress (1): 0.1/1.5 MB[0m
2026.03.09 20:45:28 INFO  Progress (1): 0.1/1.5 MB[0m
2026.03.09 20:45:28 INFO  Progress (1): 0.1/1.5 MB[0m
2026.03.09 20:45:28 INFO  Progress (1): 0.1/1.5 MB[0m
2026.03.09 20:45:28 INFO  Progress (1): 0.2/1.5 MB[0m
2026.03.09 20:45:28 INFO  Progress (1): 0.2/1.5 MB[0m
2026.03.09 20:45:28 INFO  Progress (1): 0.2/1.5 MB[0m
2026.03.09 20:45:28 INFO  Progress (1): 0.2/1.5 MB[0m
2026.03.09 20:45:28 INFO  Progress (1): 0.2/1.5 MB[0m
2026.03.09 20:45:28 INFO  Progress (1): 0.2/1.5 MB[0m
2026.03.09 20:45:28 INFO  Progress (1): 0.2/1.5 MB[0m
2026.03.09 20:45:28 INFO  Progress (1): 0.3/1.5 MB[0m
2026.03.09 20:45:28 INFO  Progress (1): 0.3/1.5 MB[0m
2026.03.09 20:45:28 INFO  Progress (1): 0.3/1.5 MB[0m
2026.03.09 20:45:28 INFO  Progress (1): 0.3/1.5 MB[0m
2026.03.09 20:45:28 INFO  Progress (1): 0.3/1.5 MB[0m
2026.03.09 20:45:28 INFO  Progress (1): 0.3/1.5 MB[0m
2026.03.09 20:45:28 INFO  Progress (1): 0.4/1.5 MB[0m
2026.03.09 20:45:28 INFO  Progress (1): 0.4/1.5 MB[0m
2026.03.09 20:45:28 INFO  Progress (1): 0.4/1.5 MB[0m
2026.03.09 20:45:28 INFO  Progress (1): 0.4/1.5 MB[0m
2026.03.09 20:45:28 INFO  Progress (1): 0.4/1.5 MB[0m
2026.03.09 20:45:28 INFO  Progress (1): 0.4/1.5 MB[0m
2026.03.09 20:45:28 INFO  Progress (1): 0.5/1.5 MB[0m
2026.03.09 20:45:28 INFO  Progress (1): 0.5/1.5 MB[0m
2026.03.09 20:45:28 INFO  Progress (1): 0.5/1.5 MB[0m
2026.03.09 20:45:28 INFO  Progress (1): 0.5/1.5 MB[0m
2026.03.09 20:45:28 INFO  Progress (1): 0.5/1.5 MB[0m
2026.03.09 20:45:28 INFO  Progress (1): 0.5/1.5 MB[0m
2026.03.09 20:45:28 INFO  Progress (1): 0.6/1.5 MB[0m
2026.03.09 20:45:28 INFO  Progress (1): 0.6/1.5 MB[0m
2026.03.09 20:45:28 INFO  Progress (1): 0.6/1.5 MB[0m
2026.03.09 20:45:28 INFO  Progress (1): 0.6/1.5 MB[0m
2026.03.09 20:45:28 INFO  Progress (1): 0.6/1.5 MB[0m
2026.03.09 20:45:28 INFO  Progress (1): 0.6/1.5 MB[0m
2026.03.09 20:45:28 INFO  Progress (1): 0.7/1.5 MB[0m
2026.03.09 20:45:28 INFO  Progress (1): 0.7/1.5 MB[0m
2026.03.09 20:45:28 INFO  Progress (1): 0.7/1.5 MB[0m
2026.03.09 20:45:29 INFO  Progress (1): 0.7/1.5 MB[0m
2026.03.09 20:45:29 INFO  Progress (1): 0.7/1.5 MB[0m
2026.03.09 20:45:29 INFO  Progress (1): 0.7/1.5 MB[0m
2026.03.09 20:45:29 INFO  Progress (1): 0.8/1.5 MB[0m
2026.03.09 20:45:29 INFO  Progress (1): 0.8/1.5 MB[0m
2026.03.09 20:45:29 INFO  Progress (1): 0.8/1.5 MB[0m
2026.03.09 20:45:29 INFO  Progress (1): 0.8/1.5 MB[0m
2026.03.09 20:45:29 INFO  Progress (1): 0.8/1.5 MB[0m
2026.03.09 20:45:29 INFO  Progress (1): 0.8/1.5 MB[0m
2026.03.09 20:45:29 INFO  Progress (1): 0.9/1.5 MB[0m
2026.03.09 20:45:29 INFO  Progress (1): 0.9/1.5 MB[0m
2026.03.09 20:45:29 INFO  Progress (1): 0.9/1.5 MB[0m
2026.03.09 20:45:29 INFO  Progress (1): 0.9/1.5 MB[0m
2026.03.09 20:45:29 INFO  Progress (1): 0.9/1.5 MB[0m
2026.03.09 20:45:29 INFO  Progress (1): 0.9/1.5 MB[0m
2026.03.09 20:45:29 INFO  Progress (1): 1.0/1.5 MB[0m
2026.03.09 20:45:29 INFO  Progress (1): 1.0/1.5 MB[0m
2026.03.09 20:45:29 INFO  Progress (1): 1.0/1.5 MB[0m
2026.03.09 20:45:29 INFO  Progress (1): 1.0/1.5 MB[0m
2026.03.09 20:45:29 INFO  Progress (1): 1.0/1.5 MB[0m
2026.03.09 20:45:29 INFO  Progress (1): 1.0/1.5 MB[0m
2026.03.09 20:45:29 INFO  Progress (1): 1.0/1.5 MB[0m
2026.03.09 20:45:29 INFO  Progress (1): 1.1/1.5 MB[0m
2026.03.09 20:45:29 INFO  Progress (1): 1.1/1.5 MB[0m
2026.03.09 20:45:29 INFO  Progress (1): 1.1/1.5 MB[0m
2026.03.09 20:45:29 INFO  Progress (1): 1.1/1.5 MB[0m
2026.03.09 20:45:29 INFO  Progress (1): 1.1/1.5 MB[0m
2026.03.09 20:45:29 INFO  Progress (1): 1.1/1.5 MB[0m
2026.03.09 20:45:29 INFO  Progress (1): 1.2/1.5 MB[0m
2026.03.09 20:45:29 INFO  Progress (1): 1.2/1.5 MB[0m
2026.03.09 20:45:29 INFO  Progress (1): 1.2/1.5 MB[0m
2026.03.09 20:45:29 INFO  Progress (1): 1.2/1.5 MB[0m
2026.03.09 20:45:29 INFO  Progress (1): 1.2/1.5 MB[0m
2026.03.09 20:45:29 INFO  Progress (1): 1.2/1.5 MB[0m
2026.03.09 20:45:29 INFO  Progress (1): 1.3/1.5 MB[0m
2026.03.09 20:45:29 INFO  Progress (1): 1.3/1.5 MB[0m
2026.03.09 20:45:29 INFO  Progress (1): 1.3/1.5 MB[0m
2026.03.09 20:45:29 INFO  Progress (1): 1.3/1.5 MB[0m
2026.03.09 20:45:29 INFO  Progress (1): 1.3/1.5 MB[0m
2026.03.09 20:45:29 INFO  Progress (1): 1.3/1.5 MB[0m
2026.03.09 20:45:29 INFO  Progress (1): 1.4/1.5 MB[0m
2026.03.09 20:45:29 INFO  Progress (1): 1.4/1.5 MB[0m
2026.03.09 20:45:29 INFO  Progress (1): 1.4/1.5 MB[0m
2026.03.09 20:45:29 INFO  Progress (1): 1.4/1.5 MB[0m
2026.03.09 20:45:29 INFO  Progress (1): 1.4/1.5 MB[0m
2026.03.09 20:45:29 INFO  Progress (1): 1.4/1.5 MB[0m
2026.03.09 20:45:29 INFO  Progress (1): 1.5/1.5 MB[0m
2026.03.09 20:45:29 INFO  Progress (1): 1.5 MB    [0m
2026.03.09 20:45:29 INFO                      [0m
2026.03.09 20:45:29 INFO  Downloaded from central: https://repo.maven.apache.org/maven2/org/aspectj/aspectjweaver/1.9.5/aspectjweaver-1.9.5-sources.jar (1.5 MB at 2.6 MB/s)[0m
2026.03.09 20:45:29 INFO  [INFO] SUCCESS: org.aspectj:aspectjweaver:jar:1.9.5:compile (sources = true)[0m
2026.03.09 20:45:29 INFO  [INFO] Resolving artifact: org.springframework:spring-jcl:jar:5.2.2.RELEASE:compile (sources = false)[0m
2026.03.09 20:45:29 INFO  [INFO] SUCCESS: org.springframework:spring-jcl:jar:5.2.2.RELEASE:compile (sources = false)[0m
2026.03.09 20:45:29 INFO  [INFO] Resolving artifact: org.springframework:spring-jcl:jar:5.2.2.RELEASE:compile (sources = true)[0m
2026.03.09 20:45:29 INFO  Downloading from central: https://repo.maven.apache.org/maven2/org/springframework/spring-jcl/5.2.2.RELEASE/spring-jcl-5.2.2.RELEASE-sources.jar[0m
2026.03.09 20:45:29 INFO  Progress (1): 7.7/13 kB[0m
2026.03.09 20:45:29 INFO  Progress (1): 12/13 kB [0m
2026.03.09 20:45:29 INFO  Progress (1): 13 kB   [0m
2026.03.09 20:45:29 INFO                     [0m
2026.03.09 20:45:29 INFO  Downloaded from central: https://repo.maven.apache.org/maven2/org/springframework/spring-jcl/5.2.2.RELEASE/spring-jcl-5.2.2.RELEASE-sources.jar (13 kB at 158 kB/s)[0m
2026.03.09 20:45:29 INFO  [INFO] SUCCESS: org.springframework:spring-jcl:jar:5.2.2.RELEASE:compile (sources = true)[0m
2026.03.09 20:45:29 INFO  [INFO] Resolving artifact: org.junit.jupiter:junit-jupiter-engine:jar:5.5.2:test (sources = false)[0m
2026.03.09 20:45:29 INFO  [INFO] SUCCESS: org.junit.jupiter:junit-jupiter-engine:jar:5.5.2:test (sources = false)[0m
2026.03.09 20:45:29 INFO  [INFO] Resolving artifact: org.junit.jupiter:junit-jupiter-engine:jar:5.5.2:test (sources = true)[0m
2026.03.09 20:45:29 INFO  Downloading from central: https://repo.maven.apache.org/maven2/org/junit/jupiter/junit-jupiter-engine/5.5.2/junit-jupiter-engine-5.5.2-sources.jar[0m
2026.03.09 20:45:29 INFO  Progress (1): 7.7/126 kB[0m
2026.03.09 20:45:29 INFO  Progress (1): 16/126 kB [0m
2026.03.09 20:45:29 INFO  Progress (1): 25/126 kB[0m
2026.03.09 20:45:29 INFO  Progress (1): 41/126 kB[0m
2026.03.09 20:45:29 INFO  Progress (1): 57/126 kB[0m
2026.03.09 20:45:29 INFO  Progress (1): 74/126 kB[0m
2026.03.09 20:45:29 INFO  Progress (1): 90/126 kB[0m
2026.03.09 20:45:29 INFO  Progress (1): 106/126 kB[0m
2026.03.09 20:45:29 INFO  Progress (1): 123/126 kB[0m
2026.03.09 20:45:29 INFO  Progress (1): 126 kB    [0m
2026.03.09 20:45:29 INFO                      [0m
2026.03.09 20:45:29 INFO  Downloaded from central: https://repo.maven.apache.org/maven2/org/junit/jupiter/junit-jupiter-engine/5.5.2/junit-jupiter-engine-5.5.2-sources.jar (126 kB at 1.7 MB/s)[0m
2026.03.09 20:45:29 INFO  [INFO] SUCCESS: org.junit.jupiter:junit-jupiter-engine:jar:5.5.2:test (sources = true)[0m
2026.03.09 20:45:29 INFO  [INFO] Resolving artifact: org.springframework.boot:spring-boot-test-autoconfigure:jar:2.2.2.RELEASE:test (sources = false)[0m
2026.03.09 20:45:29 INFO  [INFO] SUCCESS: org.springframework.boot:spring-boot-test-autoconfigure:jar:2.2.2.RELEASE:test (sources = false)[0m
2026.03.09 20:45:29 INFO  [INFO] Resolving artifact: org.springframework.boot:spring-boot-test-autoconfigure:jar:2.2.2.RELEASE:test (sources = true)[0m
2026.03.09 20:45:29 INFO  Downloading from central: https://repo.maven.apache.org/maven2/org/springframework/boot/spring-boot-test-autoconfigure/2.2.2.RELEASE/spring-boot-test-autoconfigure-2.2.2.RELEASE-sources.jar[0m
2026.03.09 20:45:29 INFO  Progress (1): 16/148 kB[0m
2026.03.09 20:45:29 INFO  Progress (1): 33/148 kB[0m
2026.03.09 20:45:29 INFO  Progress (1): 49/148 kB[0m
2026.03.09 20:45:29 INFO  Progress (1): 66/148 kB[0m
2026.03.09 20:45:29 INFO  Progress (1): 82/148 kB[0m
2026.03.09 20:45:29 INFO  Progress (1): 98/148 kB[0m
2026.03.09 20:45:29 INFO  Progress (1): 115/148 kB[0m
2026.03.09 20:45:29 INFO  Progress (1): 131/148 kB[0m
2026.03.09 20:45:29 INFO  Progress (1): 147/148 kB[0m
2026.03.09 20:45:29 INFO  Progress (1): 148 kB    [0m
2026.03.09 20:45:29 INFO                      [0m
2026.03.09 20:45:29 INFO  Downloaded from central: https://repo.maven.apache.org/maven2/org/springframework/boot/spring-boot-test-autoconfigure/2.2.2.RELEASE/spring-boot-test-autoconfigure-2.2.2.RELEASE-sources.jar (148 kB at 1.1 MB/s)[0m
2026.03.09 20:45:29 INFO  [INFO] SUCCESS: org.springframework.boot:spring-boot-test-autoconfigure:jar:2.2.2.RELEASE:test (sources = true)[0m
2026.03.09 20:45:29 INFO  [INFO] Resolving artifact: io.springfox:springfox-schema:jar:2.8.0:compile (sources = false)[0m
2026.03.09 20:45:29 INFO  [INFO] SUCCESS: io.springfox:springfox-schema:jar:2.8.0:compile (sources = false)[0m
2026.03.09 20:45:29 INFO  [INFO] Resolving artifact: io.springfox:springfox-schema:jar:2.8.0:compile (sources = true)[0m
2026.03.09 20:45:29 INFO  Downloading from central: https://repo.maven.apache.org/maven2/io/springfox/springfox-schema/2.8.0/springfox-schema-2.8.0-sources.jar[0m
2026.03.09 20:45:29 INFO  Progress (1): 7.7/48 kB[0m
2026.03.09 20:45:29 INFO  Progress (1): 16/48 kB [0m
2026.03.09 20:45:29 INFO  Progress (1): 32/48 kB[0m
2026.03.09 20:45:29 INFO  Progress (1): 48 kB   [0m
2026.03.09 20:45:29 INFO                     [0m
2026.03.09 20:45:29 INFO  Downloaded from central: https://repo.maven.apache.org/maven2/io/springfox/springfox-schema/2.8.0/springfox-schema-2.8.0-sources.jar (48 kB at 500 kB/s)[0m
2026.03.09 20:45:29 INFO  [INFO] SUCCESS: io.springfox:springfox-schema:jar:2.8.0:compile (sources = true)[0m
2026.03.09 20:45:29 INFO  [INFO] Resolving artifact: org.springframework.data:spring-data-commons:jar:2.2.3.RELEASE:compile (sources = false)[0m
2026.03.09 20:45:29 INFO  [INFO] SUCCESS: org.springframework.data:spring-data-commons:jar:2.2.3.RELEASE:compile (sources = false)[0m
2026.03.09 20:45:29 INFO  [INFO] Resolving artifact: org.springframework.data:spring-data-commons:jar:2.2.3.RELEASE:compile (sources = true)[0m
2026.03.09 20:45:29 INFO  Downloading from central: https://repo.maven.apache.org/maven2/org/springframework/data/spring-data-commons/2.2.3.RELEASE/spring-data-commons-2.2.3.RELEASE-sources.jar[0m
2026.03.09 20:45:29 INFO  Progress (1): 8.2/764 kB[0m
2026.03.09 20:45:29 INFO  Progress (1): 16/764 kB [0m
2026.03.09 20:45:29 INFO  Progress (1): 33/764 kB[0m
2026.03.09 20:45:29 INFO  Progress (1): 49/764 kB[0m
2026.03.09 20:45:29 INFO  Progress (1): 66/764 kB[0m
2026.03.09 20:45:29 INFO  Progress (1): 82/764 kB[0m
2026.03.09 20:45:29 INFO  Progress (1): 98/764 kB[0m
2026.03.09 20:45:29 INFO  Progress (1): 115/764 kB[0m
2026.03.09 20:45:29 INFO  Progress (1): 131/764 kB[0m
2026.03.09 20:45:29 INFO  Progress (1): 147/764 kB[0m
2026.03.09 20:45:29 INFO  Progress (1): 164/764 kB[0m
2026.03.09 20:45:29 INFO  Progress (1): 180/764 kB[0m
2026.03.09 20:45:29 INFO  Progress (1): 197/764 kB[0m
2026.03.09 20:45:29 INFO  Progress (1): 213/764 kB[0m
2026.03.09 20:45:29 INFO  Progress (1): 229/764 kB[0m
2026.03.09 20:45:29 INFO  Progress (1): 246/764 kB[0m
2026.03.09 20:45:29 INFO  Progress (1): 262/764 kB[0m
2026.03.09 20:45:29 INFO  Progress (1): 279/764 kB[0m
2026.03.09 20:45:29 INFO  Progress (1): 295/764 kB[0m
2026.03.09 20:45:29 INFO  Progress (1): 311/764 kB[0m
2026.03.09 20:45:29 INFO  Progress (1): 328/764 kB[0m
2026.03.09 20:45:29 INFO  Progress (1): 344/764 kB[0m
2026.03.09 20:45:29 INFO  Progress (1): 360/764 kB[0m
2026.03.09 20:45:29 INFO  Progress (1): 377/764 kB[0m
2026.03.09 20:45:29 INFO  Progress (1): 393/764 kB[0m
2026.03.09 20:45:29 INFO  Progress (1): 410/764 kB[0m
2026.03.09 20:45:29 INFO  Progress (1): 426/764 kB[0m
2026.03.09 20:45:29 INFO  Progress (1): 442/764 kB[0m
2026.03.09 20:45:29 INFO  Progress (1): 459/764 kB[0m
2026.03.09 20:45:29 INFO  Progress (1): 475/764 kB[0m
2026.03.09 20:45:29 INFO  Progress (1): 492/764 kB[0m
2026.03.09 20:45:29 INFO  Progress (1): 508/764 kB[0m
2026.03.09 20:45:29 INFO  Progress (1): 524/764 kB[0m
2026.03.09 20:45:29 INFO  Progress (1): 541/764 kB[0m
2026.03.09 20:45:29 INFO  Progress (1): 557/764 kB[0m
2026.03.09 20:45:29 INFO  Progress (1): 573/764 kB[0m
2026.03.09 20:45:29 INFO  Progress (1): 590/764 kB[0m
2026.03.09 20:45:29 INFO  Progress (1): 606/764 kB[0m
2026.03.09 20:45:29 INFO  Progress (1): 623/764 kB[0m
2026.03.09 20:45:29 INFO  Progress (1): 639/764 kB[0m
2026.03.09 20:45:29 INFO  Progress (1): 655/764 kB[0m
2026.03.09 20:45:29 INFO  Progress (1): 672/764 kB[0m
2026.03.09 20:45:29 INFO  Progress (1): 688/764 kB[0m
2026.03.09 20:45:29 INFO  Progress (1): 705/764 kB[0m
2026.03.09 20:45:29 INFO  Progress (1): 721/764 kB[0m
2026.03.09 20:45:29 INFO  Progress (1): 737/764 kB[0m
2026.03.09 20:45:29 INFO  Progress (1): 754/764 kB[0m
2026.03.09 20:45:29 INFO  Progress (1): 764 kB    [0m
2026.03.09 20:45:29 INFO                      [0m
2026.03.09 20:45:29 INFO  Downloaded from central: https://repo.maven.apache.org/maven2/org/springframework/data/spring-data-commons/2.2.3.RELEASE/spring-data-commons-2.2.3.RELEASE-sources.jar (764 kB at 2.5 MB/s)[0m
2026.03.09 20:45:29 INFO  [INFO] SUCCESS: org.springframework.data:spring-data-commons:jar:2.2.3.RELEASE:compile (sources = true)[0m
2026.03.09 20:45:29 INFO  [INFO] Resolving artifact: org.glassfish.jaxb:txw2:jar:2.3.2:compile (sources = false)[0m
2026.03.09 20:45:29 INFO  [INFO] SUCCESS: org.glassfish.jaxb:txw2:jar:2.3.2:compile (sources = false)[0m
2026.03.09 20:45:29 INFO  [INFO] Resolving artifact: org.glassfish.jaxb:txw2:jar:2.3.2:compile (sources = true)[0m
2026.03.09 20:45:29 INFO  Downloading from central: https://repo.maven.apache.org/maven2/org/glassfish/jaxb/txw2/2.3.2/txw2-2.3.2-sources.jar[0m
2026.03.09 20:45:30 INFO  Progress (1): 7.7/70 kB[0m
2026.03.09 20:45:30 INFO  Progress (1): 12/70 kB [0m
2026.03.09 20:45:30 INFO  Progress (1): 29/70 kB[0m
2026.03.09 20:45:30 INFO  Progress (1): 45/70 kB[0m
2026.03.09 20:45:30 INFO  Progress (1): 61/70 kB[0m
2026.03.09 20:45:30 INFO  Progress (1): 70 kB   [0m
2026.03.09 20:45:30 INFO                     [0m
2026.03.09 20:45:30 INFO  Downloaded from central: https://repo.maven.apache.org/maven2/org/glassfish/jaxb/txw2/2.3.2/txw2-2.3.2-sources.jar (70 kB at 781 kB/s)[0m
2026.03.09 20:45:30 INFO  [INFO] SUCCESS: org.glassfish.jaxb:txw2:jar:2.3.2:compile (sources = true)[0m
2026.03.09 20:45:30 INFO  [INFO] Resolving artifact: io.springfox:springfox-core:jar:2.8.0:compile (sources = false)[0m
2026.03.09 20:45:30 INFO  [INFO] SUCCESS: io.springfox:springfox-core:jar:2.8.0:compile (sources = false)[0m
2026.03.09 20:45:30 INFO  [INFO] Resolving artifact: io.springfox:springfox-core:jar:2.8.0:compile (sources = true)[0m
2026.03.09 20:45:30 INFO  Downloading from central: https://repo.maven.apache.org/maven2/io/springfox/springfox-core/2.8.0/springfox-core-2.8.0-sources.jar[0m
2026.03.09 20:45:30 INFO  Progress (1): 7.7/84 kB[0m
2026.03.09 20:45:30 INFO  Progress (1): 12/84 kB [0m
2026.03.09 20:45:30 INFO  Progress (1): 29/84 kB[0m
2026.03.09 20:45:30 INFO  Progress (1): 45/84 kB[0m
2026.03.09 20:45:30 INFO  Progress (1): 61/84 kB[0m
2026.03.09 20:45:30 INFO  Progress (1): 78/84 kB[0m
2026.03.09 20:45:30 INFO  Progress (1): 84 kB   [0m
2026.03.09 20:45:30 INFO                     [0m
2026.03.09 20:45:30 INFO  Downloaded from central: https://repo.maven.apache.org/maven2/io/springfox/springfox-core/2.8.0/springfox-core-2.8.0-sources.jar (84 kB at 799 kB/s)[0m
2026.03.09 20:45:30 INFO  [INFO] SUCCESS: io.springfox:springfox-core:jar:2.8.0:compile (sources = true)[0m
2026.03.09 20:45:30 INFO  [INFO] Resolving artifact: junit:junit:jar:4.12:test (sources = false)[0m
2026.03.09 20:45:30 INFO  [INFO] SUCCESS: junit:junit:jar:4.12:test (sources = false)[0m
2026.03.09 20:45:30 INFO  [INFO] Resolving artifact: junit:junit:jar:4.12:test (sources = true)[0m
2026.03.09 20:45:30 INFO  [INFO] SUCCESS: junit:junit:jar:4.12:test (sources = true)[0m
2026.03.09 20:45:30 INFO  [INFO] Resolving artifact: net.bytebuddy:byte-buddy:jar:1.10.4:compile (sources = false)[0m
2026.03.09 20:45:30 INFO  [INFO] SUCCESS: net.bytebuddy:byte-buddy:jar:1.10.4:compile (sources = false)[0m
2026.03.09 20:45:30 INFO  [INFO] Resolving artifact: net.bytebuddy:byte-buddy:jar:1.10.4:compile (sources = true)[0m
2026.03.09 20:45:30 INFO  Downloading from central: https://repo.maven.apache.org/maven2/net/bytebuddy/byte-buddy/1.10.4/byte-buddy-1.10.4-sources.jar[0m
2026.03.09 20:45:30 INFO  Progress (1): 4.5 kB[0m
2026.03.09 20:45:30 INFO                      [0m
2026.03.09 20:45:30 INFO  Downloaded from central: https://repo.maven.apache.org/maven2/net/bytebuddy/byte-buddy/1.10.4/byte-buddy-1.10.4-sources.jar (4.5 kB at 57 kB/s)[0m
2026.03.09 20:45:30 INFO  [INFO] SUCCESS: net.bytebuddy:byte-buddy:jar:1.10.4:compile (sources = true)[0m
2026.03.09 20:45:30 INFO  [INFO] Resolving artifact: org.apache.logging.log4j:log4j-to-slf4j:jar:2.12.1:compile (sources = false)[0m
2026.03.09 20:45:30 INFO  [INFO] SUCCESS: org.apache.logging.log4j:log4j-to-slf4j:jar:2.12.1:compile (sources = false)[0m
2026.03.09 20:45:30 INFO  [INFO] Resolving artifact: org.apache.logging.log4j:log4j-to-slf4j:jar:2.12.1:compile (sources = true)[0m
2026.03.09 20:45:30 INFO  Downloading from central: https://repo.maven.apache.org/maven2/org/apache/logging/log4j/log4j-to-slf4j/2.12.1/log4j-to-slf4j-2.12.1-sources.jar[0m
2026.03.09 20:45:30 INFO  Progress (1): 7.7/16 kB[0m
2026.03.09 20:45:30 INFO  Progress (1): 16 kB    [0m
2026.03.09 20:45:30 INFO                     [0m
2026.03.09 20:45:30 INFO  Downloaded from central: https://repo.maven.apache.org/maven2/org/apache/logging/log4j/log4j-to-slf4j/2.12.1/log4j-to-slf4j-2.12.1-sources.jar (16 kB at 322 kB/s)[0m
2026.03.09 20:45:30 INFO  [INFO] SUCCESS: org.apache.logging.log4j:log4j-to-slf4j:jar:2.12.1:compile (sources = true)[0m
2026.03.09 20:45:30 INFO  [INFO] Resolving artifact: org.projectlombok:lombok:jar:1.18.10:provided (sources = false)[0m
2026.03.09 20:45:30 INFO  [INFO] SUCCESS: org.projectlombok:lombok:jar:1.18.10:provided (sources = false)[0m
2026.03.09 20:45:30 INFO  [INFO] Resolving artifact: org.projectlombok:lombok:jar:1.18.10:provided (sources = true)[0m
2026.03.09 20:45:30 INFO  Downloading from central: https://repo.maven.apache.org/maven2/org/projectlombok/lombok/1.18.10/lombok-1.18.10-sources.jar[0m
2026.03.09 20:45:30 INFO  Progress (1): 7.7/897 kB[0m
2026.03.09 20:45:30 INFO  Progress (1): 16/897 kB [0m
2026.03.09 20:45:30 INFO  Progress (1): 25/897 kB[0m
2026.03.09 20:45:30 INFO  Progress (1): 41/897 kB[0m
2026.03.09 20:45:30 INFO  Progress (1): 57/897 kB[0m
2026.03.09 20:45:30 INFO  Progress (1): 74/897 kB[0m
2026.03.09 20:45:30 INFO  Progress (1): 90/897 kB[0m
2026.03.09 20:45:30 INFO  Progress (1): 106/897 kB[0m
2026.03.09 20:45:30 INFO  Progress (1): 123/897 kB[0m
2026.03.09 20:45:30 INFO  Progress (1): 131/897 kB[0m
2026.03.09 20:45:30 INFO  Progress (1): 147/897 kB[0m
2026.03.09 20:45:30 INFO  Progress (1): 164/897 kB[0m
2026.03.09 20:45:30 INFO  Progress (1): 180/897 kB[0m
2026.03.09 20:45:30 INFO  Progress (1): 197/897 kB[0m
2026.03.09 20:45:30 INFO  Progress (1): 213/897 kB[0m
2026.03.09 20:45:30 INFO  Progress (1): 229/897 kB[0m
2026.03.09 20:45:30 INFO  Progress (1): 246/897 kB[0m
2026.03.09 20:45:30 INFO  Progress (1): 262/897 kB[0m
2026.03.09 20:45:30 INFO  Progress (1): 279/897 kB[0m
2026.03.09 20:45:30 INFO  Progress (1): 295/897 kB[0m
2026.03.09 20:45:30 INFO  Progress (1): 311/897 kB[0m
2026.03.09 20:45:30 INFO  Progress (1): 328/897 kB[0m
2026.03.09 20:45:30 INFO  Progress (1): 344/897 kB[0m
2026.03.09 20:45:30 INFO  Progress (1): 360/897 kB[0m
2026.03.09 20:45:30 INFO  Progress (1): 377/897 kB[0m
2026.03.09 20:45:30 INFO  Progress (1): 393/897 kB[0m
2026.03.09 20:45:30 INFO  Progress (1): 410/897 kB[0m
2026.03.09 20:45:30 INFO  Progress (1): 426/897 kB[0m
2026.03.09 20:45:30 INFO  Progress (1): 442/897 kB[0m
2026.03.09 20:45:30 INFO  Progress (1): 459/897 kB[0m
2026.03.09 20:45:30 INFO  Progress (1): 475/897 kB[0m
2026.03.09 20:45:30 INFO  Progress (1): 492/897 kB[0m
2026.03.09 20:45:30 INFO  Progress (1): 508/897 kB[0m
2026.03.09 20:45:30 INFO  Progress (1): 524/897 kB[0m
2026.03.09 20:45:30 INFO  Progress (1): 541/897 kB[0m
2026.03.09 20:45:30 INFO  Progress (1): 557/897 kB[0m
2026.03.09 20:45:30 INFO  Progress (1): 573/897 kB[0m
2026.03.09 20:45:30 INFO  Progress (1): 590/897 kB[0m
2026.03.09 20:45:30 INFO  Progress (1): 606/897 kB[0m
2026.03.09 20:45:30 INFO  Progress (1): 623/897 kB[0m
2026.03.09 20:45:30 INFO  Progress (1): 639/897 kB[0m
2026.03.09 20:45:30 INFO  Progress (1): 655/897 kB[0m
2026.03.09 20:45:30 INFO  Progress (1): 672/897 kB[0m
2026.03.09 20:45:30 INFO  Progress (1): 688/897 kB[0m
2026.03.09 20:45:30 INFO  Progress (1): 705/897 kB[0m
2026.03.09 20:45:30 INFO  Progress (1): 721/897 kB[0m
2026.03.09 20:45:30 INFO  Progress (1): 737/897 kB[0m
2026.03.09 20:45:30 INFO  Progress (1): 754/897 kB[0m
2026.03.09 20:45:30 INFO  Progress (1): 770/897 kB[0m
2026.03.09 20:45:30 INFO  Progress (1): 786/897 kB[0m
2026.03.09 20:45:30 INFO  Progress (1): 803/897 kB[0m
2026.03.09 20:45:30 INFO  Progress (1): 819/897 kB[0m
2026.03.09 20:45:30 INFO  Progress (1): 836/897 kB[0m
2026.03.09 20:45:30 INFO  Progress (1): 852/897 kB[0m
2026.03.09 20:45:30 INFO  Progress (1): 868/897 kB[0m
2026.03.09 20:45:30 INFO  Progress (1): 885/897 kB[0m
2026.03.09 20:45:30 INFO  Progress (1): 897 kB    [0m
2026.03.09 20:45:30 INFO                      [0m
2026.03.09 20:45:30 INFO  Downloaded from central: https://repo.maven.apache.org/maven2/org/projectlombok/lombok/1.18.10/lombok-1.18.10-sources.jar (897 kB at 2.6 MB/s)[0m
2026.03.09 20:45:30 INFO  [INFO] SUCCESS: org.projectlombok:lombok:jar:1.18.10:provided (sources = true)[0m
2026.03.09 20:45:30 INFO  [INFO] Resolving artifact: org.springframework.boot:spring-boot-starter-jdbc:jar:2.2.2.RELEASE:compile (sources = false)[0m
2026.03.09 20:45:30 INFO  [INFO] SUCCESS: org.springframework.boot:spring-boot-starter-jdbc:jar:2.2.2.RELEASE:compile (sources = false)[0m
2026.03.09 20:45:30 INFO  [INFO] Resolving artifact: org.springframework.boot:spring-boot-starter-jdbc:jar:2.2.2.RELEASE:compile (sources = true)[0m
2026.03.09 20:45:30 INFO  Downloading from central: https://repo.maven.apache.org/maven2/org/springframework/boot/spring-boot-starter-jdbc/2.2.2.RELEASE/spring-boot-starter-jdbc-2.2.2.RELEASE-sources.jar[0m
2026.03.09 20:45:30 INFO  Progress (1): 2.0 kB[0m
2026.03.09 20:45:30 INFO                      [0m
2026.03.09 20:45:30 INFO  Downloaded from central: https://repo.maven.apache.org/maven2/org/springframework/boot/spring-boot-starter-jdbc/2.2.2.RELEASE/spring-boot-starter-jdbc-2.2.2.RELEASE-sources.jar (2.0 kB at 9.2 kB/s)[0m
2026.03.09 20:45:30 INFO  [INFO] SUCCESS: org.springframework.boot:spring-boot-starter-jdbc:jar:2.2.2.RELEASE:compile (sources = true)[0m
2026.03.09 20:45:30 INFO  [INFO] Resolving artifact: com.vaadin.external.google:android-json:jar:0.0.20131108.vaadin1:test (sources = false)[0m
2026.03.09 20:45:30 INFO  [INFO] SUCCESS: com.vaadin.external.google:android-json:jar:0.0.20131108.vaadin1:test (sources = false)[0m
2026.03.09 20:45:30 INFO  [INFO] Resolving artifact: com.vaadin.external.google:android-json:jar:0.0.20131108.vaadin1:test (sources = true)[0m
2026.03.09 20:45:30 INFO  Downloading from central: https://repo.maven.apache.org/maven2/com/vaadin/external/google/android-json/0.0.20131108.vaadin1/android-json-0.0.20131108.vaadin1-sources.jar[0m
2026.03.09 20:45:30 INFO  Progress (1): 7.7/22 kB[0m
2026.03.09 20:45:30 INFO  Progress (1): 16/22 kB [0m
2026.03.09 20:45:30 INFO  Progress (1): 22 kB   [0m
2026.03.09 20:45:30 INFO                     [0m
2026.03.09 20:45:30 INFO  Downloaded from central: https://repo.maven.apache.org/maven2/com/vaadin/external/google/android-json/0.0.20131108.vaadin1/android-json-0.0.20131108.vaadin1-sources.jar (22 kB at 405 kB/s)[0m
2026.03.09 20:45:30 INFO  [INFO] SUCCESS: com.vaadin.external.google:android-json:jar:0.0.20131108.vaadin1:test (sources = true)[0m
2026.03.09 20:45:30 INFO  [INFO] Resolving artifact: org.javassist:javassist:jar:3.24.0-GA:compile (sources = false)[0m
2026.03.09 20:45:30 INFO  [INFO] SUCCESS: org.javassist:javassist:jar:3.24.0-GA:compile (sources = false)[0m
2026.03.09 20:45:30 INFO  [INFO] Resolving artifact: org.javassist:javassist:jar:3.24.0-GA:compile (sources = true)[0m
2026.03.09 20:45:30 INFO  Downloading from central: https://repo.maven.apache.org/maven2/org/javassist/javassist/3.24.0-GA/javassist-3.24.0-GA-sources.jar[0m
2026.03.09 20:45:30 INFO  Progress (1): 7.7/545 kB[0m
2026.03.09 20:45:30 INFO  Progress (1): 12/545 kB [0m
2026.03.09 20:45:30 INFO  Progress (1): 28/545 kB[0m
2026.03.09 20:45:30 INFO  Progress (1): 44/545 kB[0m
2026.03.09 20:45:30 INFO  Progress (1): 61/545 kB[0m
2026.03.09 20:45:30 INFO  Progress (1): 77/545 kB[0m
2026.03.09 20:45:30 INFO  Progress (1): 93/545 kB[0m
2026.03.09 20:45:30 INFO  Progress (1): 110/545 kB[0m
2026.03.09 20:45:30 INFO  Progress (1): 126/545 kB[0m
2026.03.09 20:45:30 INFO  Progress (1): 143/545 kB[0m
2026.03.09 20:45:30 INFO  Progress (1): 159/545 kB[0m
2026.03.09 20:45:31 INFO  Progress (1): 175/545 kB[0m
2026.03.09 20:45:31 INFO  no build target found for C:\Users\neoat\repos\movie-service-bugfix\src\main\java\com\example\movieservice\controllers\MovieController.java. Using fallback presentation compiler.[0m
2026.03.09 20:45:31 INFO  Progress (1): 192/545 kB[0m
2026.03.09 20:45:31 INFO  Progress (1): 208/545 kB[0m
2026.03.09 20:45:31 INFO  Progress (1): 225/545 kB[0m
2026.03.09 20:45:31 INFO  Progress (1): 241/545 kB[0m
2026.03.09 20:45:31 INFO  Progress (1): 257/545 kB[0m
2026.03.09 20:45:31 INFO  Progress (1): 274/545 kB[0m
2026.03.09 20:45:31 INFO  Progress (1): 290/545 kB[0m
2026.03.09 20:45:31 INFO  Progress (1): 306/545 kB[0m
2026.03.09 20:45:31 INFO  Progress (1): 323/545 kB[0m
2026.03.09 20:45:31 INFO  no build target found for C:\Users\neoat\repos\movie-service-bugfix\src\main\java\com\example\movieservice\configuration\SwaggerConfig.java. Using fallback presentation compiler.[0m
2026.03.09 20:45:31 INFO  Progress (1): 339/545 kB[0m
2026.03.09 20:45:31 INFO  Progress (1): 356/545 kB[0m
2026.03.09 20:45:31 INFO  Progress (1): 372/545 kB[0m
2026.03.09 20:45:31 INFO  Progress (1): 388/545 kB[0m
2026.03.09 20:45:31 INFO  Progress (1): 405/545 kB[0m
2026.03.09 20:45:31 INFO  Progress (1): 421/545 kB[0m
2026.03.09 20:45:31 INFO  Progress (1): 438/545 kB[0m
2026.03.09 20:45:31 INFO  Progress (1): 454/545 kB[0m
2026.03.09 20:45:31 INFO  Progress (1): 470/545 kB[0m
2026.03.09 20:45:31 INFO  Progress (1): 487/545 kB[0m
2026.03.09 20:45:31 INFO  Progress (1): 503/545 kB[0m
2026.03.09 20:45:31 INFO  Progress (1): 519/545 kB[0m
2026.03.09 20:45:31 INFO  Progress (1): 536/545 kB[0m
2026.03.09 20:45:31 INFO  Progress (1): 545 kB    [0m
2026.03.09 20:45:31 INFO                      [0m
2026.03.09 20:45:31 INFO  Downloaded from central: https://repo.maven.apache.org/maven2/org/javassist/javassist/3.24.0-GA/javassist-3.24.0-GA-sources.jar (545 kB at 1.9 MB/s)[0m
2026.03.09 20:45:31 INFO  [INFO] SUCCESS: org.javassist:javassist:jar:3.24.0-GA:compile (sources = true)[0m
2026.03.09 20:45:31 INFO  [INFO] Resolving artifact: org.junit.platform:junit-platform-engine:jar:1.5.2:test (sources = false)[0m
2026.03.09 20:45:31 INFO  [INFO] SUCCESS: org.junit.platform:junit-platform-engine:jar:1.5.2:test (sources = false)[0m
2026.03.09 20:45:31 INFO  [INFO] Resolving artifact: org.junit.platform:junit-platform-engine:jar:1.5.2:test (sources = true)[0m
2026.03.09 20:45:31 INFO  Downloading from central: https://repo.maven.apache.org/maven2/org/junit/platform/junit-platform-engine/1.5.2/junit-platform-engine-1.5.2-sources.jar[0m
2026.03.09 20:45:31 INFO  no build target found for C:\Users\neoat\repos\movie-service-bugfix\src\main\java\com\example\movieservice\configuration\SwaggerConfig.java. Using fallback presentation compiler.[0m
2026.03.09 20:45:31 INFO  Progress (1): 7.7/121 kB[0m
2026.03.09 20:45:31 INFO  Progress (1): 8.2/121 kB[0m
2026.03.09 20:45:31 INFO  Progress (1): 25/121 kB [0m
2026.03.09 20:45:31 INFO  Progress (1): 41/121 kB[0m
2026.03.09 20:45:31 INFO  Progress (1): 57/121 kB[0m
2026.03.09 20:45:31 INFO  Progress (1): 74/121 kB[0m
2026.03.09 20:45:31 INFO  Progress (1): 90/121 kB[0m
2026.03.09 20:45:31 INFO  Progress (1): 106/121 kB[0m
2026.03.09 20:45:31 INFO  Progress (1): 121 kB    [0m
2026.03.09 20:45:31 INFO                      [0m
2026.03.09 20:45:31 INFO  Downloaded from central: https://repo.maven.apache.org/maven2/org/junit/platform/junit-platform-engine/1.5.2/junit-platform-engine-1.5.2-sources.jar (121 kB at 705 kB/s)[0m
2026.03.09 20:45:31 INFO  [INFO] SUCCESS: org.junit.platform:junit-platform-engine:jar:1.5.2:test (sources = true)[0m
2026.03.09 20:45:31 INFO  [INFO] Resolving artifact: org.dom4j:dom4j:jar:2.1.1:compile (sources = false)[0m
2026.03.09 20:45:31 INFO  [INFO] SUCCESS: org.dom4j:dom4j:jar:2.1.1:compile (sources = false)[0m
2026.03.09 20:45:31 INFO  [INFO] Resolving artifact: org.dom4j:dom4j:jar:2.1.1:compile (sources = true)[0m
2026.03.09 20:45:31 INFO  Downloading from central: https://repo.maven.apache.org/maven2/org/dom4j/dom4j/2.1.1/dom4j-2.1.1-sources.jar[0m
2026.03.09 20:45:31 INFO  Progress (1): 7.7/427 kB[0m
2026.03.09 20:45:31 INFO  Progress (1): 12/427 kB [0m
2026.03.09 20:45:31 INFO  Progress (1): 29/427 kB[0m
2026.03.09 20:45:31 INFO  Progress (1): 45/427 kB[0m
2026.03.09 20:45:31 INFO  Progress (1): 61/427 kB[0m
2026.03.09 20:45:31 INFO  Progress (1): 78/427 kB[0m
2026.03.09 20:45:31 INFO  Progress (1): 94/427 kB[0m
2026.03.09 20:45:31 INFO  Progress (1): 111/427 kB[0m
2026.03.09 20:45:31 INFO  Progress (1): 127/427 kB[0m
2026.03.09 20:45:31 INFO  Progress (1): 143/427 kB[0m
2026.03.09 20:45:31 INFO  Progress (1): 160/427 kB[0m
2026.03.09 20:45:31 INFO  Progress (1): 176/427 kB[0m
2026.03.09 20:45:31 INFO  Progress (1): 193/427 kB[0m
2026.03.09 20:45:31 INFO  Progress (1): 209/427 kB[0m
2026.03.09 20:45:31 INFO  Progress (1): 225/427 kB[0m
2026.03.09 20:45:31 INFO  Progress (1): 242/427 kB[0m
2026.03.09 20:45:31 INFO  Progress (1): 258/427 kB[0m
2026.03.09 20:45:31 INFO  Progress (1): 274/427 kB[0m
2026.03.09 20:45:31 INFO  Progress (1): 291/427 kB[0m
2026.03.09 20:45:31 INFO  Progress (1): 307/427 kB[0m
2026.03.09 20:45:31 INFO  Progress (1): 324/427 kB[0m
2026.03.09 20:45:31 INFO  Progress (1): 340/427 kB[0m
2026.03.09 20:45:31 INFO  Progress (1): 356/427 kB[0m
2026.03.09 20:45:31 INFO  Progress (1): 373/427 kB[0m
2026.03.09 20:45:31 INFO  Progress (1): 389/427 kB[0m
2026.03.09 20:45:31 INFO  Progress (1): 406/427 kB[0m
2026.03.09 20:45:31 INFO  Progress (1): 422/427 kB[0m
2026.03.09 20:45:31 INFO  Progress (1): 427 kB    [0m
2026.03.09 20:45:31 INFO                      [0m
2026.03.09 20:45:31 INFO  Downloaded from central: https://repo.maven.apache.org/maven2/org/dom4j/dom4j/2.1.1/dom4j-2.1.1-sources.jar (427 kB at 1.8 MB/s)[0m
2026.03.09 20:45:31 INFO  [INFO] SUCCESS: org.dom4j:dom4j:jar:2.1.1:compile (sources = true)[0m
2026.03.09 20:45:31 INFO  [INFO] Generated .bloop\movie-service.json[0m
2026.03.09 20:45:31 INFO  [INFO] Resolving artifact: org.springframework:spring-webmvc:jar:5.2.2.RELEASE:compile (sources = false)[0m
2026.03.09 20:45:31 INFO  [INFO] SUCCESS: org.springframework:spring-webmvc:jar:5.2.2.RELEASE:compile (sources = false)[0m
2026.03.09 20:45:31 INFO  [INFO] Resolving artifact: org.springframework:spring-webmvc:jar:5.2.2.RELEASE:compile (sources = true)[0m
2026.03.09 20:45:31 INFO  [INFO] SUCCESS: org.springframework:spring-webmvc:jar:5.2.2.RELEASE:compile (sources = true)[0m
2026.03.09 20:45:31 INFO  [INFO] Resolving artifact: org.skyscreamer:jsonassert:jar:1.5.0:test (sources = false)[0m
2026.03.09 20:45:31 INFO  [INFO] SUCCESS: org.skyscreamer:jsonassert:jar:1.5.0:test (sources = false)[0m
2026.03.09 20:45:31 INFO  [INFO] Resolving artifact: org.skyscreamer:jsonassert:jar:1.5.0:test (sources = true)[0m
2026.03.09 20:45:31 INFO  [INFO] SUCCESS: org.skyscreamer:jsonassert:jar:1.5.0:test (sources = true)[0m
2026.03.09 20:45:31 INFO  [INFO] Resolving artifact: org.springframework.boot:spring-boot-starter:jar:2.2.2.RELEASE:compile (sources = false)[0m
2026.03.09 20:45:31 INFO  [INFO] SUCCESS: org.springframework.boot:spring-boot-starter:jar:2.2.2.RELEASE:compile (sources = false)[0m
2026.03.09 20:45:31 INFO  [INFO] Resolving artifact: org.springframework.boot:spring-boot-starter:jar:2.2.2.RELEASE:compile (sources = true)[0m
2026.03.09 20:45:31 INFO  [INFO] SUCCESS: org.springframework.boot:spring-boot-starter:jar:2.2.2.RELEASE:compile (sources = true)[0m
2026.03.09 20:45:31 INFO  [INFO] Resolving artifact: org.springframework:spring-orm:jar:5.2.2.RELEASE:compile (sources = false)[0m
2026.03.09 20:45:31 INFO  [INFO] SUCCESS: org.springframework:spring-orm:jar:5.2.2.RELEASE:compile (sources = false)[0m
2026.03.09 20:45:31 INFO  [INFO] Resolving artifact: org.springframework:spring-orm:jar:5.2.2.RELEASE:compile (sources = true)[0m
2026.03.09 20:45:31 INFO  [INFO] SUCCESS: org.springframework:spring-orm:jar:5.2.2.RELEASE:compile (sources = true)[0m
2026.03.09 20:45:31 INFO  [INFO] Resolving artifact: org.springframework.boot:spring-boot-starter-tomcat:jar:2.2.2.RELEASE:compile (sources = false)[0m
2026.03.09 20:45:31 INFO  [INFO] SUCCESS: org.springframework.boot:spring-boot-starter-tomcat:jar:2.2.2.RELEASE:compile (sources = false)[0m
2026.03.09 20:45:31 INFO  [INFO] Resolving artifact: org.springframework.boot:spring-boot-starter-tomcat:jar:2.2.2.RELEASE:compile (sources = true)[0m
2026.03.09 20:45:31 INFO  [INFO] SUCCESS: org.springframework.boot:spring-boot-starter-tomcat:jar:2.2.2.RELEASE:compile (sources = true)[0m
2026.03.09 20:45:31 INFO  [INFO] Resolving artifact: org.opentest4j:opentest4j:jar:1.2.0:test (sources = false)[0m
2026.03.09 20:45:31 INFO  [INFO] SUCCESS: org.opentest4j:opentest4j:jar:1.2.0:test (sources = false)[0m
2026.03.09 20:45:31 INFO  [INFO] Resolving artifact: org.opentest4j:opentest4j:jar:1.2.0:test (sources = true)[0m
2026.03.09 20:45:31 INFO  [INFO] SUCCESS: org.opentest4j:opentest4j:jar:1.2.0:test (sources = true)[0m
2026.03.09 20:45:31 INFO  [INFO] Resolving artifact: jakarta.persistence:jakarta.persistence-api:jar:2.2.3:compile (sources = false)[0m
2026.03.09 20:45:31 INFO  [INFO] SUCCESS: jakarta.persistence:jakarta.persistence-api:jar:2.2.3:compile (sources = false)[0m
2026.03.09 20:45:31 INFO  [INFO] Resolving artifact: jakarta.persistence:jakarta.persistence-api:jar:2.2.3:compile (sources = true)[0m
2026.03.09 20:45:31 INFO  [INFO] SUCCESS: jakarta.persistence:jakarta.persistence-api:jar:2.2.3:compile (sources = true)[0m
2026.03.09 20:45:31 INFO  [INFO] Resolving artifact: org.objenesis:objenesis:jar:2.6:test (sources = false)[0m
2026.03.09 20:45:31 INFO  [INFO] SUCCESS: org.objenesis:objenesis:jar:2.6:test (sources = false)[0m
2026.03.09 20:45:31 INFO  [INFO] Resolving artifact: org.objenesis:objenesis:jar:2.6:test (sources = true)[0m
2026.03.09 20:45:31 INFO  [INFO] SUCCESS: org.objenesis:objenesis:jar:2.6:test (sources = true)[0m
2026.03.09 20:45:31 INFO  [INFO] Resolving artifact: org.junit.platform:junit-platform-commons:jar:1.5.2:test (sources = false)[0m
2026.03.09 20:45:31 INFO  [INFO] SUCCESS: org.junit.platform:junit-platform-commons:jar:1.5.2:test (sources = false)[0m
2026.03.09 20:45:31 INFO  [INFO] Resolving artifact: org.junit.platform:junit-platform-commons:jar:1.5.2:test (sources = true)[0m
2026.03.09 20:45:31 INFO  [INFO] SUCCESS: org.junit.platform:junit-platform-commons:jar:1.5.2:test (sources = true)[0m
2026.03.09 20:45:31 INFO  [INFO] Resolving artifact: org.hibernate.common:hibernate-commons-annotations:jar:5.1.0.Final:compile (sources = false)[0m
2026.03.09 20:45:31 INFO  [INFO] SUCCESS: org.hibernate.common:hibernate-commons-annotations:jar:5.1.0.Final:compile (sources = false)[0m
2026.03.09 20:45:31 INFO  [INFO] Resolving artifact: org.hibernate.common:hibernate-commons-annotations:jar:5.1.0.Final:compile (sources = true)[0m
2026.03.09 20:45:31 INFO  [INFO] SUCCESS: org.hibernate.common:hibernate-commons-annotations:jar:5.1.0.Final:compile (sources = true)[0m
2026.03.09 20:45:31 INFO  [INFO] Resolving artifact: org.springframework:spring-test:jar:5.2.2.RELEASE:test (sources = false)[0m
2026.03.09 20:45:31 INFO  [INFO] SUCCESS: org.springframework:spring-test:jar:5.2.2.RELEASE:test (sources = false)[0m
2026.03.09 20:45:31 INFO  [INFO] Resolving artifact: org.springframework:spring-test:jar:5.2.2.RELEASE:test (sources = true)[0m
2026.03.09 20:45:31 INFO  [INFO] SUCCESS: org.springframework:spring-test:jar:5.2.2.RELEASE:test (sources = true)[0m
2026.03.09 20:45:31 INFO  [INFO] Resolving artifact: ch.qos.logback:logback-classic:jar:1.2.3:compile (sources = false)[0m
2026.03.09 20:45:31 INFO  [INFO] SUCCESS: ch.qos.logback:logback-classic:jar:1.2.3:compile (sources = false)[0m
2026.03.09 20:45:31 INFO  [INFO] Resolving artifact: ch.qos.logback:logback-classic:jar:1.2.3:compile (sources = true)[0m
2026.03.09 20:45:31 INFO  [INFO] SUCCESS: ch.qos.logback:logback-classic:jar:1.2.3:compile (sources = true)[0m
2026.03.09 20:45:31 INFO  [INFO] Resolving artifact: org.apache.tomcat.embed:tomcat-embed-el:jar:9.0.29:compile (sources = false)[0m
2026.03.09 20:45:31 INFO  [INFO] SUCCESS: org.apache.tomcat.embed:tomcat-embed-el:jar:9.0.29:compile (sources = false)[0m
2026.03.09 20:45:31 INFO  [INFO] Resolving artifact: org.apache.tomcat.embed:tomcat-embed-el:jar:9.0.29:compile (sources = true)[0m
2026.03.09 20:45:31 INFO  [INFO] SUCCESS: org.apache.tomcat.embed:tomcat-embed-el:jar:9.0.29:compile (sources = true)[0m
2026.03.09 20:45:31 INFO  [INFO] Resolving artifact: io.swagger:swagger-models:jar:1.5.14:compile (sources = false)[0m
2026.03.09 20:45:31 INFO  [INFO] SUCCESS: io.swagger:swagger-models:jar:1.5.14:compile (sources = false)[0m
2026.03.09 20:45:31 INFO  [INFO] Resolving artifact: io.swagger:swagger-models:jar:1.5.14:compile (sources = true)[0m
2026.03.09 20:45:31 INFO  [INFO] SUCCESS: io.swagger:swagger-models:jar:1.5.14:compile (sources = true)[0m
2026.03.09 20:45:31 INFO  [INFO] Resolving artifact: org.assertj:assertj-core:jar:3.13.2:test (sources = false)[0m
2026.03.09 20:45:31 INFO  [INFO] SUCCESS: org.assertj:assertj-core:jar:3.13.2:test (sources = false)[0m
2026.03.09 20:45:31 INFO  [INFO] Resolving artifact: org.assertj:assertj-core:jar:3.13.2:test (sources = true)[0m
2026.03.09 20:45:31 INFO  [INFO] SUCCESS: org.assertj:assertj-core:jar:3.13.2:test (sources = true)[0m
2026.03.09 20:45:31 INFO  [INFO] Resolving artifact: com.google.guava:guava:jar:20.0:compile (sources = false)[0m
2026.03.09 20:45:31 INFO  [INFO] SUCCESS: com.google.guava:guava:jar:20.0:compile (sources = false)[0m
2026.03.09 20:45:31 INFO  [INFO] Resolving artifact: com.google.guava:guava:jar:20.0:compile (sources = true)[0m
2026.03.09 20:45:31 INFO  [INFO] SUCCESS: com.google.guava:guava:jar:20.0:compile (sources = true)[0m
2026.03.09 20:45:31 INFO  [INFO] Resolving artifact: com.fasterxml.jackson.core:jackson-core:jar:2.10.1:compile (sources = false)[0m
2026.03.09 20:45:31 INFO  [INFO] SUCCESS: com.fasterxml.jackson.core:jackson-core:jar:2.10.1:compile (sources = false)[0m
2026.03.09 20:45:31 INFO  [INFO] Resolving artifact: com.fasterxml.jackson.core:jackson-core:jar:2.10.1:compile (sources = true)[0m
2026.03.09 20:45:31 INFO  [INFO] SUCCESS: com.fasterxml.jackson.core:jackson-core:jar:2.10.1:compile (sources = true)[0m
2026.03.09 20:45:31 INFO  [INFO] Resolving artifact: org.springframework.boot:spring-boot-devtools:jar:2.2.2.RELEASE:runtime (sources = false)[0m
2026.03.09 20:45:31 INFO  [INFO] SUCCESS: org.springframework.boot:spring-boot-devtools:jar:2.2.2.RELEASE:runtime (sources = false)[0m
2026.03.09 20:45:31 INFO  [INFO] Resolving artifact: org.springframework.boot:spring-boot-devtools:jar:2.2.2.RELEASE:runtime (sources = true)[0m
2026.03.09 20:45:31 INFO  [INFO] SUCCESS: org.springframework.boot:spring-boot-devtools:jar:2.2.2.RELEASE:runtime (sources = true)[0m
2026.03.09 20:45:31 INFO  [INFO] Resolving artifact: org.springframework.boot:spring-boot-starter-data-jpa:jar:2.2.2.RELEASE:compile (sources = false)[0m
2026.03.09 20:45:31 INFO  [INFO] SUCCESS: org.springframework.boot:spring-boot-starter-data-jpa:jar:2.2.2.RELEASE:compile (sources = false)[0m
2026.03.09 20:45:31 INFO  [INFO] Resolving artifact: org.springframework.boot:spring-boot-starter-data-jpa:jar:2.2.2.RELEASE:compile (sources = true)[0m
2026.03.09 20:45:31 INFO  [INFO] SUCCESS: org.springframework.boot:spring-boot-starter-data-jpa:jar:2.2.2.RELEASE:compile (sources = true)[0m
2026.03.09 20:45:31 INFO  [INFO] Resolving artifact: org.jboss:jandex:jar:2.1.1.Final:compile (sources = false)[0m
2026.03.09 20:45:31 INFO  [INFO] SUCCESS: org.jboss:jandex:jar:2.1.1.Final:compile (sources = false)[0m
2026.03.09 20:45:31 INFO  [INFO] Resolving artifact: org.jboss:jandex:jar:2.1.1.Final:compile (sources = true)[0m
2026.03.09 20:45:31 INFO  [INFO] SUCCESS: org.jboss:jandex:jar:2.1.1.Final:compile (sources = true)[0m
2026.03.09 20:45:31 INFO  [INFO] Resolving artifact: org.apache.tomcat.embed:tomcat-embed-core:jar:9.0.29:compile (sources = false)[0m
2026.03.09 20:45:31 INFO  [INFO] SUCCESS: org.apache.tomcat.embed:tomcat-embed-core:jar:9.0.29:compile (sources = false)[0m
2026.03.09 20:45:31 INFO  [INFO] Resolving artifact: org.apache.tomcat.embed:tomcat-embed-core:jar:9.0.29:compile (sources = true)[0m
2026.03.09 20:45:31 INFO  [INFO] SUCCESS: org.apache.tomcat.embed:tomcat-embed-core:jar:9.0.29:compile (sources = true)[0m
2026.03.09 20:45:31 INFO  [INFO] Resolving artifact: org.mapstruct:mapstruct:jar:1.2.0.Final:compile (sources = false)[0m
2026.03.09 20:45:31 INFO  [INFO] SUCCESS: org.mapstruct:mapstruct:jar:1.2.0.Final:compile (sources = false)[0m
2026.03.09 20:45:31 INFO  [INFO] Resolving artifact: org.mapstruct:mapstruct:jar:1.2.0.Final:compile (sources = true)[0m
2026.03.09 20:45:31 INFO  [INFO] SUCCESS: org.mapstruct:mapstruct:jar:1.2.0.Final:compile (sources = true)[0m
2026.03.09 20:45:31 INFO  [INFO] Resolving artifact: org.junit.vintage:junit-vintage-engine:jar:5.5.2:test (sources = false)[0m
2026.03.09 20:45:31 INFO  [INFO] SUCCESS: org.junit.vintage:junit-vintage-engine:jar:5.5.2:test (sources = false)[0m
2026.03.09 20:45:31 INFO  [INFO] Resolving artifact: org.junit.vintage:junit-vintage-engine:jar:5.5.2:test (sources = true)[0m
2026.03.09 20:45:31 INFO  no build target found for C:\Users\neoat\repos\movie-service-bugfix\src\main\java\com\example\movieservice\configuration\SwaggerConfig.java. Using fallback presentation compiler.[0m
2026.03.09 20:45:31 INFO  [INFO] SUCCESS: org.junit.vintage:junit-vintage-engine:jar:5.5.2:test (sources = true)[0m
2026.03.09 20:45:31 INFO  [INFO] Resolving artifact: org.springframework.boot:spring-boot-starter-json:jar:2.2.2.RELEASE:compile (sources = false)[0m
2026.03.09 20:45:31 INFO  [INFO] SUCCESS: org.springframework.boot:spring-boot-starter-json:jar:2.2.2.RELEASE:compile (sources = false)[0m
2026.03.09 20:45:31 INFO  [INFO] Resolving artifact: org.springframework.boot:spring-boot-starter-json:jar:2.2.2.RELEASE:compile (sources = true)[0m
2026.03.09 20:45:31 INFO  [INFO] SUCCESS: org.springframework.boot:spring-boot-starter-json:jar:2.2.2.RELEASE:compile (sources = true)[0m
2026.03.09 20:45:31 INFO  [INFO] Resolving artifact: com.fasterxml.jackson.core:jackson-databind:jar:2.10.1:compile (sources = false)[0m
2026.03.09 20:45:31 INFO  [INFO] SUCCESS: com.fasterxml.jackson.core:jackson-databind:jar:2.10.1:compile (sources = false)[0m
2026.03.09 20:45:31 INFO  [INFO] Resolving artifact: com.fasterxml.jackson.core:jackson-databind:jar:2.10.1:compile (sources = true)[0m
2026.03.09 20:45:31 INFO  [INFO] SUCCESS: com.fasterxml.jackson.core:jackson-databind:jar:2.10.1:compile (sources = true)[0m
2026.03.09 20:45:31 INFO  [INFO] Resolving artifact: org.hamcrest:hamcrest:jar:2.1:test (sources = false)[0m
2026.03.09 20:45:31 INFO  [INFO] SUCCESS: org.hamcrest:hamcrest:jar:2.1:test (sources = false)[0m
2026.03.09 20:45:31 INFO  [INFO] Resolving artifact: org.hamcrest:hamcrest:jar:2.1:test (sources = true)[0m
2026.03.09 20:45:31 INFO  [INFO] SUCCESS: org.hamcrest:hamcrest:jar:2.1:test (sources = true)[0m
2026.03.09 20:45:31 INFO  [INFO] Resolving artifact: jakarta.validation:jakarta.validation-api:jar:2.0.1:compile (sources = false)[0m
2026.03.09 20:45:31 INFO  [INFO] SUCCESS: jakarta.validation:jakarta.validation-api:jar:2.0.1:compile (sources = false)[0m
2026.03.09 20:45:31 INFO  [INFO] Resolving artifact: jakarta.validation:jakarta.validation-api:jar:2.0.1:compile (sources = true)[0m
2026.03.09 20:45:31 INFO  [INFO] SUCCESS: jakarta.validation:jakarta.validation-api:jar:2.0.1:compile (sources = true)[0m
2026.03.09 20:45:31 INFO  [INFO] Resolving artifact: org.springframework:spring-beans:jar:5.2.2.RELEASE:compile (sources = false)[0m
2026.03.09 20:45:31 INFO  [INFO] SUCCESS: org.springframework:spring-beans:jar:5.2.2.RELEASE:compile (sources = false)[0m
2026.03.09 20:45:31 INFO  [INFO] Resolving artifact: org.springframework:spring-beans:jar:5.2.2.RELEASE:compile (sources = true)[0m
2026.03.09 20:45:31 INFO  [INFO] SUCCESS: org.springframework:spring-beans:jar:5.2.2.RELEASE:compile (sources = true)[0m
2026.03.09 20:45:31 INFO  [INFO] Resolving artifact: org.springframework.boot:spring-boot-starter-test:jar:2.2.2.RELEASE:test (sources = false)[0m
2026.03.09 20:45:31 INFO  [INFO] SUCCESS: org.springframework.boot:spring-boot-starter-test:jar:2.2.2.RELEASE:test (sources = false)[0m
2026.03.09 20:45:31 INFO  [INFO] Resolving artifact: org.springframework.boot:spring-boot-starter-test:jar:2.2.2.RELEASE:test (sources = true)[0m
2026.03.09 20:45:31 INFO  [INFO] SUCCESS: org.springframework.boot:spring-boot-starter-test:jar:2.2.2.RELEASE:test (sources = true)[0m
2026.03.09 20:45:31 INFO  [INFO] Resolving artifact: org.springframework.boot:spring-boot-test:jar:2.2.2.RELEASE:test (sources = false)[0m
2026.03.09 20:45:31 INFO  [INFO] SUCCESS: org.springframework.boot:spring-boot-test:jar:2.2.2.RELEASE:test (sources = false)[0m
2026.03.09 20:45:31 INFO  [INFO] Resolving artifact: org.springframework.boot:spring-boot-test:jar:2.2.2.RELEASE:test (sources = true)[0m
2026.03.09 20:45:31 INFO  [INFO] SUCCESS: org.springframework.boot:spring-boot-test:jar:2.2.2.RELEASE:test (sources = true)[0m
2026.03.09 20:45:31 INFO  [INFO] Resolving artifact: org.apache.logging.log4j:log4j-api:jar:2.12.1:compile (sources = false)[0m
2026.03.09 20:45:31 INFO  [INFO] SUCCESS: org.apache.logging.log4j:log4j-api:jar:2.12.1:compile (sources = false)[0m
2026.03.09 20:45:31 INFO  [INFO] Resolving artifact: org.apache.logging.log4j:log4j-api:jar:2.12.1:compile (sources = true)[0m
2026.03.09 20:45:31 INFO  [INFO] SUCCESS: org.apache.logging.log4j:log4j-api:jar:2.12.1:compile (sources = true)[0m
2026.03.09 20:45:31 INFO  [INFO] Resolving artifact: ch.qos.logback:logback-core:jar:1.2.3:compile (sources = false)[0m
2026.03.09 20:45:31 INFO  [INFO] SUCCESS: ch.qos.logback:logback-core:jar:1.2.3:compile (sources = false)[0m
2026.03.09 20:45:31 INFO  [INFO] Resolving artifact: ch.qos.logback:logback-core:jar:1.2.3:compile (sources = true)[0m
2026.03.09 20:45:31 INFO  [INFO] SUCCESS: ch.qos.logback:logback-core:jar:1.2.3:compile (sources = true)[0m
2026.03.09 20:45:31 INFO  [INFO] Resolving artifact: org.apiguardian:apiguardian-api:jar:1.1.0:test (sources = false)[0m
2026.03.09 20:45:31 INFO  [INFO] SUCCESS: org.apiguardian:apiguardian-api:jar:1.1.0:test (sources = false)[0m
2026.03.09 20:45:31 INFO  [INFO] Resolving artifact: org.apiguardian:apiguardian-api:jar:1.1.0:test (sources = true)[0m
2026.03.09 20:45:31 INFO  [INFO] SUCCESS: org.apiguardian:apiguardian-api:jar:1.1.0:test (sources = true)[0m
2026.03.09 20:45:31 INFO  [INFO] Resolving artifact: org.junit.jupiter:junit-jupiter-params:jar:5.5.2:test (sources = false)[0m
2026.03.09 20:45:31 INFO  [INFO] SUCCESS: org.junit.jupiter:junit-jupiter-params:jar:5.5.2:test (sources = false)[0m
2026.03.09 20:45:31 INFO  [INFO] Resolving artifact: org.junit.jupiter:junit-jupiter-params:jar:5.5.2:test (sources = true)[0m
2026.03.09 20:45:31 INFO  [INFO] SUCCESS: org.junit.jupiter:junit-jupiter-params:jar:5.5.2:test (sources = true)[0m
2026.03.09 20:45:31 INFO  [INFO] Resolving artifact: com.sun.xml.fastinfoset:FastInfoset:jar:1.2.16:compile (sources = false)[0m
2026.03.09 20:45:31 INFO  [INFO] SUCCESS: com.sun.xml.fastinfoset:FastInfoset:jar:1.2.16:compile (sources = false)[0m
2026.03.09 20:45:31 INFO  [INFO] Resolving artifact: com.sun.xml.fastinfoset:FastInfoset:jar:1.2.16:compile (sources = true)[0m
2026.03.09 20:45:31 INFO  [INFO] SUCCESS: com.sun.xml.fastinfoset:FastInfoset:jar:1.2.16:compile (sources = true)[0m
2026.03.09 20:45:31 INFO  [INFO] Resolving artifact: com.jayway.jsonpath:json-path:jar:2.4.0:test (sources = false)[0m
2026.03.09 20:45:31 INFO  [INFO] SUCCESS: com.jayway.jsonpath:json-path:jar:2.4.0:test (sources = false)[0m
2026.03.09 20:45:31 INFO  [INFO] Resolving artifact: com.jayway.jsonpath:json-path:jar:2.4.0:test (sources = true)[0m
2026.03.09 20:45:31 INFO  [INFO] SUCCESS: com.jayway.jsonpath:json-path:jar:2.4.0:test (sources = true)[0m
2026.03.09 20:45:31 INFO  [INFO] Resolving artifact: org.junit.jupiter:junit-jupiter-api:jar:5.5.2:test (sources = false)[0m
2026.03.09 20:45:31 INFO  [INFO] SUCCESS: org.junit.jupiter:junit-jupiter-api:jar:5.5.2:test (sources = false)[0m
2026.03.09 20:45:31 INFO  [INFO] Resolving artifact: org.junit.jupiter:junit-jupiter-api:jar:5.5.2:test (sources = true)[0m
2026.03.09 20:45:31 INFO  [INFO] SUCCESS: org.junit.jupiter:junit-jupiter-api:jar:5.5.2:test (sources = true)[0m
2026.03.09 20:45:31 INFO  [INFO] Resolving artifact: org.springframework.boot:spring-boot-starter-logging:jar:2.2.2.RELEASE:compile (sources = false)[0m
2026.03.09 20:45:31 INFO  [INFO] SUCCESS: org.springframework.boot:spring-boot-starter-logging:jar:2.2.2.RELEASE:compile (sources = false)[0m
2026.03.09 20:45:31 INFO  [INFO] Resolving artifact: org.springframework.boot:spring-boot-starter-logging:jar:2.2.2.RELEASE:compile (sources = true)[0m
2026.03.09 20:45:31 INFO  [INFO] SUCCESS: org.springframework.boot:spring-boot-starter-logging:jar:2.2.2.RELEASE:compile (sources = true)[0m
2026.03.09 20:45:31 INFO  [INFO] Resolving artifact: org.jvnet.staxex:stax-ex:jar:1.8.1:compile (sources = false)[0m
2026.03.09 20:45:31 INFO  [INFO] SUCCESS: org.jvnet.staxex:stax-ex:jar:1.8.1:compile (sources = false)[0m
2026.03.09 20:45:31 INFO  [INFO] Resolving artifact: org.jvnet.staxex:stax-ex:jar:1.8.1:compile (sources = true)[0m
2026.03.09 20:45:31 INFO  [INFO] SUCCESS: org.jvnet.staxex:stax-ex:jar:1.8.1:compile (sources = true)[0m
2026.03.09 20:45:31 INFO  [INFO] Resolving artifact: com.zaxxer:HikariCP:jar:3.4.1:compile (sources = false)[0m
2026.03.09 20:45:31 INFO  [INFO] SUCCESS: com.zaxxer:HikariCP:jar:3.4.1:compile (sources = false)[0m
2026.03.09 20:45:31 INFO  [INFO] Resolving artifact: com.zaxxer:HikariCP:jar:3.4.1:compile (sources = true)[0m
2026.03.09 20:45:31 INFO  [INFO] SUCCESS: com.zaxxer:HikariCP:jar:3.4.1:compile (sources = true)[0m
2026.03.09 20:45:31 INFO  [INFO] Resolving artifact: io.springfox:springfox-swagger-ui:jar:2.8.0:compile (sources = false)[0m
2026.03.09 20:45:31 INFO  [INFO] SUCCESS: io.springfox:springfox-swagger-ui:jar:2.8.0:compile (sources = false)[0m
2026.03.09 20:45:31 INFO  [INFO] Resolving artifact: io.springfox:springfox-swagger-ui:jar:2.8.0:compile (sources = true)[0m
2026.03.09 20:45:31 INFO  [INFO] SUCCESS: io.springfox:springfox-swagger-ui:jar:2.8.0:compile (sources = true)[0m
2026.03.09 20:45:31 INFO  [INFO] Resolving artifact: org.springframework.boot:spring-boot-starter-aop:jar:2.2.2.RELEASE:compile (sources = false)[0m
2026.03.09 20:45:31 INFO  [INFO] SUCCESS: org.springframework.boot:spring-boot-starter-aop:jar:2.2.2.RELEASE:compile (sources = false)[0m
2026.03.09 20:45:31 INFO  [INFO] Resolving artifact: org.springframework.boot:spring-boot-starter-aop:jar:2.2.2.RELEASE:compile (sources = true)[0m
2026.03.09 20:45:31 INFO  [INFO] SUCCESS: org.springframework.boot:spring-boot-starter-aop:jar:2.2.2.RELEASE:compile (sources = true)[0m
2026.03.09 20:45:31 INFO  [INFO] Resolving artifact: org.mockito:mockito-core:jar:3.1.0:test (sources = false)[0m
2026.03.09 20:45:31 INFO  [INFO] SUCCESS: org.mockito:mockito-core:jar:3.1.0:test (sources = false)[0m
2026.03.09 20:45:31 INFO  [INFO] Resolving artifact: org.mockito:mockito-core:jar:3.1.0:test (sources = true)[0m
2026.03.09 20:45:31 INFO  [INFO] SUCCESS: org.mockito:mockito-core:jar:3.1.0:test (sources = true)[0m
2026.03.09 20:45:31 INFO  [INFO] Resolving artifact: com.fasterxml.jackson.core:jackson-annotations:jar:2.10.1:compile (sources = false)[0m
2026.03.09 20:45:31 INFO  [INFO] SUCCESS: com.fasterxml.jackson.core:jackson-annotations:jar:2.10.1:compile (sources = false)[0m
2026.03.09 20:45:31 INFO  [INFO] Resolving artifact: com.fasterxml.jackson.core:jackson-annotations:jar:2.10.1:compile (sources = true)[0m
2026.03.09 20:45:31 INFO  [INFO] SUCCESS: com.fasterxml.jackson.core:jackson-annotations:jar:2.10.1:compile (sources = true)[0m
2026.03.09 20:45:31 INFO  [INFO] Resolving artifact: org.springframework.plugin:spring-plugin-core:jar:1.2.0.RELEASE:compile (sources = false)[0m
2026.03.09 20:45:31 INFO  [INFO] SUCCESS: org.springframework.plugin:spring-plugin-core:jar:1.2.0.RELEASE:compile (sources = false)[0m
2026.03.09 20:45:31 INFO  [INFO] Resolving artifact: org.springframework.plugin:spring-plugin-core:jar:1.2.0.RELEASE:compile (sources = true)[0m
2026.03.09 20:45:31 INFO  [INFO] SUCCESS: org.springframework.plugin:spring-plugin-core:jar:1.2.0.RELEASE:compile (sources = true)[0m
2026.03.09 20:45:31 INFO  [INFO] Resolving artifact: org.reflections:reflections:jar:0.9.11:compile (sources = false)[0m
2026.03.09 20:45:31 INFO  [INFO] SUCCESS: org.reflections:reflections:jar:0.9.11:compile (sources = false)[0m
2026.03.09 20:45:31 INFO  [INFO] Resolving artifact: org.reflections:reflections:jar:0.9.11:compile (sources = true)[0m
2026.03.09 20:45:31 INFO  [INFO] SUCCESS: org.reflections:reflections:jar:0.9.11:compile (sources = true)[0m
2026.03.09 20:45:31 INFO  [INFO] Resolving artifact: com.fasterxml.jackson.datatype:jackson-datatype-jsr310:jar:2.10.1:compile (sources = false)[0m
2026.03.09 20:45:31 INFO  [INFO] SUCCESS: com.fasterxml.jackson.datatype:jackson-datatype-jsr310:jar:2.10.1:compile (sources = false)[0m
2026.03.09 20:45:31 INFO  [INFO] Resolving artifact: com.fasterxml.jackson.datatype:jackson-datatype-jsr310:jar:2.10.1:compile (sources = true)[0m
2026.03.09 20:45:31 INFO  [INFO] SUCCESS: com.fasterxml.jackson.datatype:jackson-datatype-jsr310:jar:2.10.1:compile (sources = true)[0m
2026.03.09 20:45:31 INFO  [INFO] Resolving artifact: org.springframework:spring-context:jar:5.2.2.RELEASE:compile (sources = false)[0m
2026.03.09 20:45:31 INFO  [INFO] SUCCESS: org.springframework:spring-context:jar:5.2.2.RELEASE:compile (sources = false)[0m
2026.03.09 20:45:31 INFO  [INFO] Resolving artifact: org.springframework:spring-context:jar:5.2.2.RELEASE:compile (sources = true)[0m
2026.03.09 20:45:31 INFO  [INFO] SUCCESS: org.springframework:spring-context:jar:5.2.2.RELEASE:compile (sources = true)[0m
2026.03.09 20:45:31 INFO  [INFO] Resolving artifact: com.fasterxml:classmate:jar:1.5.1:compile (sources = false)[0m
2026.03.09 20:45:31 INFO  [INFO] SUCCESS: com.fasterxml:classmate:jar:1.5.1:compile (sources = false)[0m
2026.03.09 20:45:31 INFO  [INFO] Resolving artifact: com.fasterxml:classmate:jar:1.5.1:compile (sources = true)[0m
2026.03.09 20:45:31 INFO  [INFO] SUCCESS: com.fasterxml:classmate:jar:1.5.1:compile (sources = true)[0m
2026.03.09 20:45:31 INFO  [INFO] Resolving artifact: io.springfox:springfox-swagger2:jar:2.8.0:compile (sources = false)[0m
2026.03.09 20:45:31 INFO  [INFO] SUCCESS: io.springfox:springfox-swagger2:jar:2.8.0:compile (sources = false)[0m
2026.03.09 20:45:31 INFO  [INFO] Resolving artifact: io.springfox:springfox-swagger2:jar:2.8.0:compile (sources = true)[0m
2026.03.09 20:45:31 INFO  [INFO] SUCCESS: io.springfox:springfox-swagger2:jar:2.8.0:compile (sources = true)[0m
2026.03.09 20:45:31 INFO  [INFO] Resolving artifact: io.springfox:springfox-swagger-common:jar:2.8.0:compile (sources = false)[0m
2026.03.09 20:45:31 INFO  [INFO] SUCCESS: io.springfox:springfox-swagger-common:jar:2.8.0:compile (sources = false)[0m
2026.03.09 20:45:31 INFO  [INFO] Resolving artifact: io.springfox:springfox-swagger-common:jar:2.8.0:compile (sources = true)[0m
2026.03.09 20:45:31 INFO  [INFO] SUCCESS: io.springfox:springfox-swagger-common:jar:2.8.0:compile (sources = true)[0m
2026.03.09 20:45:31 INFO  [INFO] Resolving artifact: org.junit.jupiter:junit-jupiter:jar:5.5.2:test (sources = false)[0m
2026.03.09 20:45:31 INFO  [INFO] SUCCESS: org.junit.jupiter:junit-jupiter:jar:5.5.2:test (sources = false)[0m
2026.03.09 20:45:31 INFO  [INFO] Resolving artifact: org.junit.jupiter:junit-jupiter:jar:5.5.2:test (sources = true)[0m
2026.03.09 20:45:31 INFO  [INFO] SUCCESS: org.junit.jupiter:junit-jupiter:jar:5.5.2:test (sources = true)[0m
2026.03.09 20:45:31 INFO  [INFO] Resolving artifact: net.minidev:json-smart:jar:2.3:test (sources = false)[0m
2026.03.09 20:45:31 INFO  [INFO] SUCCESS: net.minidev:json-smart:jar:2.3:test (sources = false)[0m
2026.03.09 20:45:31 INFO  [INFO] Resolving artifact: net.minidev:json-smart:jar:2.3:test (sources = true)[0m
2026.03.09 20:45:31 INFO  [INFO] SUCCESS: net.minidev:json-smart:jar:2.3:test (sources = true)[0m
2026.03.09 20:45:31 INFO  [INFO] Resolving artifact: org.springframework:spring-aspects:jar:5.2.2.RELEASE:compile (sources = false)[0m
2026.03.09 20:45:31 INFO  [INFO] SUCCESS: org.springframework:spring-aspects:jar:5.2.2.RELEASE:compile (sources = false)[0m
2026.03.09 20:45:31 INFO  [INFO] Resolving artifact: org.springframework:spring-aspects:jar:5.2.2.RELEASE:compile (sources = true)[0m
2026.03.09 20:45:31 INFO  [INFO] SUCCESS: org.springframework:spring-aspects:jar:5.2.2.RELEASE:compile (sources = true)[0m
2026.03.09 20:45:31 INFO  [INFO] Resolving artifact: org.slf4j:slf4j-api:jar:1.7.29:compile (sources = false)[0m
2026.03.09 20:45:31 INFO  [INFO] SUCCESS: org.slf4j:slf4j-api:jar:1.7.29:compile (sources = false)[0m
2026.03.09 20:45:31 INFO  [INFO] Resolving artifact: org.slf4j:slf4j-api:jar:1.7.29:compile (sources = true)[0m
2026.03.09 20:45:31 INFO  [INFO] SUCCESS: org.slf4j:slf4j-api:jar:1.7.29:compile (sources = true)[0m
2026.03.09 20:45:31 INFO  [INFO] Resolving artifact: org.springframework.data:spring-data-jpa:jar:2.2.3.RELEASE:compile (sources = false)[0m
2026.03.09 20:45:31 INFO  [INFO] SUCCESS: org.springframework.data:spring-data-jpa:jar:2.2.3.RELEASE:compile (sources = false)[0m
2026.03.09 20:45:31 INFO  [INFO] Resolving artifact: org.springframework.data:spring-data-jpa:jar:2.2.3.RELEASE:compile (sources = true)[0m
2026.03.09 20:45:31 INFO  [INFO] SUCCESS: org.springframework.data:spring-data-jpa:jar:2.2.3.RELEASE:compile (sources = true)[0m
2026.03.09 20:45:31 INFO  [INFO] Resolving artifact: io.springfox:springfox-spring-web:jar:2.8.0:compile (sources = false)[0m
2026.03.09 20:45:31 INFO  [INFO] SUCCESS: io.springfox:springfox-spring-web:jar:2.8.0:compile (sources = false)[0m
2026.03.09 20:45:31 INFO  [INFO] Resolving artifact: io.springfox:springfox-spring-web:jar:2.8.0:compile (sources = true)[0m
2026.03.09 20:45:31 INFO  [INFO] SUCCESS: io.springfox:springfox-spring-web:jar:2.8.0:compile (sources = true)[0m
2026.03.09 20:45:31 INFO  [INFO] Resolving artifact: org.springframework:spring-tx:jar:5.2.2.RELEASE:compile (sources = false)[0m
2026.03.09 20:45:31 INFO  [INFO] SUCCESS: org.springframework:spring-tx:jar:5.2.2.RELEASE:compile (sources = false)[0m
2026.03.09 20:45:31 INFO  [INFO] Resolving artifact: org.springframework:spring-tx:jar:5.2.2.RELEASE:compile (sources = true)[0m
2026.03.09 20:45:31 INFO  [INFO] SUCCESS: org.springframework:spring-tx:jar:5.2.2.RELEASE:compile (sources = true)[0m
2026.03.09 20:45:31 INFO  [INFO] Resolving artifact: net.minidev:accessors-smart:jar:1.2:test (sources = false)[0m
2026.03.09 20:45:31 INFO  [INFO] SUCCESS: net.minidev:accessors-smart:jar:1.2:test (sources = false)[0m
2026.03.09 20:45:31 INFO  [INFO] Resolving artifact: net.minidev:accessors-smart:jar:1.2:test (sources = true)[0m
2026.03.09 20:45:31 INFO  [INFO] SUCCESS: net.minidev:accessors-smart:jar:1.2:test (sources = true)[0m
2026.03.09 20:45:31 INFO  [INFO] Resolving artifact: antlr:antlr:jar:2.7.7:compile (sources = false)[0m
2026.03.09 20:45:31 INFO  [INFO] SUCCESS: antlr:antlr:jar:2.7.7:compile (sources = false)[0m
2026.03.09 20:45:31 INFO  [INFO] Resolving artifact: antlr:antlr:jar:2.7.7:compile (sources = true)[0m
2026.03.09 20:45:31 INFO  [ERROR] FAILURE antlr:antlr:jar:2.7.7:compile (sources = true)[0m
2026.03.09 20:45:31 INFO  org.eclipse.aether.resolution.ArtifactResolutionException: The following artifacts could not be resolved: antlr:antlr:jar:sources:2.7.7 (absent): antlr:antlr:jar:sources:2.7.7 was not found in https://repo.maven.apache.org/maven2 during a previous attempt. This failure was cached in the local repository and resolution is not reattempted until the update interval of central has elapsed or updates are forced[0m
2026.03.09 20:45:31 INFO      at org.eclipse.aether.internal.impl.DefaultArtifactResolver.resolve (DefaultArtifactResolver.java:473)[0m
2026.03.09 20:45:31 INFO      at org.eclipse.aether.internal.impl.DefaultArtifactResolver.resolveArtifacts (DefaultArtifactResolver.java:261)[0m
2026.03.09 20:45:31 INFO      at org.eclipse.aether.internal.impl.DefaultArtifactResolver.resolveArtifact (DefaultArtifactResolver.java:243)[0m
2026.03.09 20:45:31 INFO      at org.eclipse.aether.internal.impl.DefaultRepositorySystem.resolveArtifact (DefaultRepositorySystem.java:278)[0m
2026.03.09 20:45:31 INFO      at bloop.integrations.maven.MojoImplementation$.bloop$integrations$maven$MojoImplementation$$resolveArtifact$1 (MojoImplementation.scala:115)[0m
2026.03.09 20:45:31 INFO      at bloop.integrations.maven.MojoImplementation$$anonfun$2.applyOrElse (MojoImplementation.scala:240)[0m
2026.03.09 20:45:31 INFO      at bloop.integrations.maven.MojoImplementation$$anonfun$2.applyOrElse (MojoImplementation.scala:222)[0m
2026.03.09 20:45:31 INFO      at scala.collection.StrictOptimizedIterableOps.collect (StrictOptimizedIterableOps.scala:151)[0m
2026.03.09 20:45:31 INFO      at scala.collection.StrictOptimizedIterableOps.collect$ (StrictOptimizedIterableOps.scala:136)[0m
2026.03.09 20:45:31 INFO      at scala.collection.mutable.HashSet.collect (HashSet.scala:31)[0m
2026.03.09 20:45:31 INFO      at bloop.integrations.maven.MojoImplementation$.writeConfig$1 (MojoImplementation.scala:222)[0m
2026.03.09 20:45:31 INFO      at bloop.integrations.maven.MojoImplementation$.writeCompileAndTestConfiguration (MojoImplementation.scala:307)[0m
2026.03.09 20:45:31 INFO      at bloop.integrations.maven.MojoImplementation.writeCompileAndTestConfiguration (MojoImplementation.scala)[0m
2026.03.09 20:45:31 INFO      at bloop.integrations.maven.BloopMojo.execute (BloopMojo.java:105)[0m
2026.03.09 20:45:31 INFO      at org.apache.maven.plugin.DefaultBuildPluginManager.executeMojo (DefaultBuildPluginManager.java:126)[0m
2026.03.09 20:45:31 INFO      at org.apache.maven.lifecycle.internal.MojoExecutor.doExecute2 (MojoExecutor.java:328)[0m
2026.03.09 20:45:31 INFO      at org.apache.maven.lifecycle.internal.MojoExecutor.doExecute (MojoExecutor.java:316)[0m
2026.03.09 20:45:31 INFO      at org.apache.maven.lifecycle.internal.MojoExecutor.execute (MojoExecutor.java:212)[0m
2026.03.09 20:45:31 INFO      at org.apache.maven.lifecycle.internal.MojoExecutor.execute (MojoExecutor.java:174)[0m
2026.03.09 20:45:31 INFO      at org.apache.maven.lifecycle.internal.MojoExecutor.access$000 (MojoExecutor.java:75)[0m
2026.03.09 20:45:31 INFO      at org.apache.maven.lifecycle.internal.MojoExecutor$1.run (MojoExecutor.java:162)[0m
2026.03.09 20:45:31 INFO      at org.apache.maven.plugin.DefaultMojosExecutionStrategy.execute (DefaultMojosExecutionStrategy.java:39)[0m
2026.03.09 20:45:31 INFO      at org.apache.maven.lifecycle.internal.MojoExecutor.execute (MojoExecutor.java:159)[0m
2026.03.09 20:45:31 INFO      at org.apache.maven.lifecycle.internal.LifecycleModuleBuilder.buildProject (LifecycleModuleBuilder.java:105)[0m
2026.03.09 20:45:31 INFO      at org.apache.maven.lifecycle.internal.LifecycleModuleBuilder.buildProject (LifecycleModuleBuilder.java:73)[0m
2026.03.09 20:45:31 INFO      at org.apache.maven.lifecycle.internal.builder.singlethreaded.SingleThreadedBuilder.build (SingleThreadedBuilder.java:53)[0m
2026.03.09 20:45:31 INFO      at org.apache.maven.lifecycle.internal.LifecycleStarter.execute (LifecycleStarter.java:118)[0m
2026.03.09 20:45:31 INFO      at org.apache.maven.DefaultMaven.doExecute (DefaultMaven.java:261)[0m
2026.03.09 20:45:31 INFO      at org.apache.maven.DefaultMaven.doExecute (DefaultMaven.java:173)[0m
2026.03.09 20:45:31 INFO      at org.apache.maven.DefaultMaven.execute (DefaultMaven.java:101)[0m
2026.03.09 20:45:31 INFO      at org.apache.maven.cli.MavenCli.execute (MavenCli.java:906)[0m
2026.03.09 20:45:31 INFO      at org.apache.maven.cli.MavenCli.doMain (MavenCli.java:283)[0m
2026.03.09 20:45:31 INFO      at org.apache.maven.cli.MavenCli.main (MavenCli.java:206)[0m
2026.03.09 20:45:31 INFO      at jdk.internal.reflect.DirectMethodHandleAccessor.invoke (DirectMethodHandleAccessor.java:103)[0m
2026.03.09 20:45:31 INFO      at java.lang.reflect.Method.invoke (Method.java:580)[0m
2026.03.09 20:45:31 INFO      at org.codehaus.plexus.classworlds.launcher.Launcher.launchEnhanced (Launcher.java:255)[0m
2026.03.09 20:45:31 INFO      at org.codehaus.plexus.classworlds.launcher.Launcher.launch (Launcher.java:201)[0m
2026.03.09 20:45:31 INFO      at org.codehaus.plexus.classworlds.launcher.Launcher.mainWithExitCode (Launcher.java:361)[0m
2026.03.09 20:45:31 INFO      at org.codehaus.plexus.classworlds.launcher.Launcher.main (Launcher.java:314)[0m
2026.03.09 20:45:31 INFO      at jdk.internal.reflect.DirectMethodHandleAccessor.invoke (DirectMethodHandleAccessor.java:103)[0m
2026.03.09 20:45:31 INFO      at java.lang.reflect.Method.invoke (Method.java:580)[0m
2026.03.09 20:45:31 INFO      at org.apache.maven.wrapper.BootstrapMainStarter.start (BootstrapMainStarter.java:52)[0m
2026.03.09 20:45:31 INFO      at org.apache.maven.wrapper.WrapperExecutor.execute (WrapperExecutor.java:161)[0m
2026.03.09 20:45:31 INFO      at org.apache.maven.wrapper.MavenWrapperMain.main (MavenWrapperMain.java:73)[0m
2026.03.09 20:45:31 INFO  Caused by: org.eclipse.aether.transfer.ArtifactNotFoundException: antlr:antlr:jar:sources:2.7.7 was not found in https://repo.maven.apache.org/maven2 during a previous attempt. This failure was cached in the local repository and resolution is not reattempted until the update interval of central has elapsed or updates are forced[0m
2026.03.09 20:45:31 INFO      at org.eclipse.aether.internal.impl.DefaultUpdateCheckManager.newException (DefaultUpdateCheckManager.java:225)[0m
2026.03.09 20:45:31 INFO      at org.eclipse.aether.internal.impl.DefaultUpdateCheckManager.checkArtifact (DefaultUpdateCheckManager.java:188)[0m
2026.03.09 20:45:31 INFO      at org.eclipse.aether.internal.impl.DefaultArtifactResolver.gatherDownloads (DefaultArtifactResolver.java:586)[0m
2026.03.09 20:45:31 INFO      at org.eclipse.aether.internal.impl.DefaultArtifactResolver.performDownloads (DefaultArtifactResolver.java:525)[0m
2026.03.09 20:45:31 INFO      at org.eclipse.aether.internal.impl.DefaultArtifactResolver.resolve (DefaultArtifactResolver.java:449)[0m
2026.03.09 20:45:31 INFO      at org.eclipse.aether.internal.impl.DefaultArtifactResolver.resolveArtifacts (DefaultArtifactResolver.java:261)[0m
2026.03.09 20:45:31 INFO      at org.eclipse.aether.internal.impl.DefaultArtifactResolver.resolveArtifact (DefaultArtifactResolver.java:243)[0m
2026.03.09 20:45:31 INFO      at org.eclipse.aether.internal.impl.DefaultRepositorySystem.resolveArtifact (DefaultRepositorySystem.java:278)[0m
2026.03.09 20:45:31 INFO      at bloop.integrations.maven.MojoImplementation$.bloop$integrations$maven$MojoImplementation$$resolveArtifact$1 (MojoImplementation.scala:115)[0m
2026.03.09 20:45:31 INFO      at bloop.integrations.maven.MojoImplementation$$anonfun$2.applyOrElse (MojoImplementation.scala:240)[0m
2026.03.09 20:45:31 INFO      at bloop.integrations.maven.MojoImplementation$$anonfun$2.applyOrElse (MojoImplementation.scala:222)[0m
2026.03.09 20:45:31 INFO      at scala.collection.StrictOptimizedIterableOps.collect (StrictOptimizedIterableOps.scala:151)[0m
2026.03.09 20:45:31 INFO      at scala.collection.StrictOptimizedIterableOps.collect$ (StrictOptimizedIterableOps.scala:136)[0m
2026.03.09 20:45:31 INFO      at scala.collection.mutable.HashSet.collect (HashSet.scala:31)[0m
2026.03.09 20:45:31 INFO      at bloop.integrations.maven.MojoImplementation$.writeConfig$1 (MojoImplementation.scala:222)[0m
2026.03.09 20:45:31 INFO      at bloop.integrations.maven.MojoImplementation$.writeCompileAndTestConfiguration (MojoImplementation.scala:307)[0m
2026.03.09 20:45:31 INFO      at bloop.integrations.maven.MojoImplementation.writeCompileAndTestConfiguration (MojoImplementation.scala)[0m
2026.03.09 20:45:31 INFO      at bloop.integrations.maven.BloopMojo.execute (BloopMojo.java:105)[0m
2026.03.09 20:45:31 INFO      at org.apache.maven.plugin.DefaultBuildPluginManager.executeMojo (DefaultBuildPluginManager.java:126)[0m
2026.03.09 20:45:31 INFO      at org.apache.maven.lifecycle.internal.MojoExecutor.doExecute2 (MojoExecutor.java:328)[0m
2026.03.09 20:45:31 INFO      at org.apache.maven.lifecycle.internal.MojoExecutor.doExecute (MojoExecutor.java:316)[0m
2026.03.09 20:45:31 INFO      at org.apache.maven.lifecycle.internal.MojoExecutor.execute (MojoExecutor.java:212)[0m
2026.03.09 20:45:31 INFO      at org.apache.maven.lifecycle.internal.MojoExecutor.execute (MojoExecutor.java:174)[0m
2026.03.09 20:45:31 INFO      at org.apache.maven.lifecycle.internal.MojoExecutor.access$000 (MojoExecutor.java:75)[0m
2026.03.09 20:45:31 INFO      at org.apache.maven.lifecycle.internal.MojoExecutor$1.run (MojoExecutor.java:162)[0m
2026.03.09 20:45:31 INFO      at org.apache.maven.plugin.DefaultMojosExecutionStrategy.execute (DefaultMojosExecutionStrategy.java:39)[0m
2026.03.09 20:45:31 INFO      at org.apache.maven.lifecycle.internal.MojoExecutor.execute (MojoExecutor.java:159)[0m
2026.03.09 20:45:31 INFO      at org.apache.maven.lifecycle.internal.LifecycleModuleBuilder.buildProject (LifecycleModuleBuilder.java:105)[0m
2026.03.09 20:45:31 INFO      at org.apache.maven.lifecycle.internal.LifecycleModuleBuilder.buildProject (LifecycleModuleBuilder.java:73)[0m
2026.03.09 20:45:31 INFO      at org.apache.maven.lifecycle.internal.builder.singlethreaded.SingleThreadedBuilder.build (SingleThreadedBuilder.java:53)[0m
2026.03.09 20:45:31 INFO      at org.apache.maven.lifecycle.internal.LifecycleStarter.execute (LifecycleStarter.java:118)[0m
2026.03.09 20:45:31 INFO      at org.apache.maven.DefaultMaven.doExecute (DefaultMaven.java:261)[0m
2026.03.09 20:45:31 INFO      at org.apache.maven.DefaultMaven.doExecute (DefaultMaven.java:173)[0m
2026.03.09 20:45:31 INFO      at org.apache.maven.DefaultMaven.execute (DefaultMaven.java:101)[0m
2026.03.09 20:45:31 INFO      at org.apache.maven.cli.MavenCli.execute (MavenCli.java:906)[0m
2026.03.09 20:45:31 INFO      at org.apache.maven.cli.MavenCli.doMain (MavenCli.java:283)[0m
2026.03.09 20:45:31 INFO      at org.apache.maven.cli.MavenCli.main (MavenCli.java:206)[0m
2026.03.09 20:45:31 INFO      at jdk.internal.reflect.DirectMethodHandleAccessor.invoke (DirectMethodHandleAccessor.java:103)[0m
2026.03.09 20:45:31 INFO      at java.lang.reflect.Method.invoke (Method.java:580)[0m
2026.03.09 20:45:31 INFO      at org.codehaus.plexus.classworlds.launcher.Launcher.launchEnhanced (Launcher.java:255)[0m
2026.03.09 20:45:31 INFO      at org.codehaus.plexus.classworlds.launcher.Launcher.launch (Launcher.java:201)[0m
2026.03.09 20:45:31 INFO      at org.codehaus.plexus.classworlds.launcher.Launcher.mainWithExitCode (Launcher.java:361)[0m
2026.03.09 20:45:31 INFO      at org.codehaus.plexus.classworlds.launcher.Launcher.main (Launcher.java:314)[0m
2026.03.09 20:45:31 INFO      at jdk.internal.reflect.DirectMethodHandleAccessor.invoke (DirectMethodHandleAccessor.java:103)[0m
2026.03.09 20:45:31 INFO      at java.lang.reflect.Method.invoke (Method.java:580)[0m
2026.03.09 20:45:31 INFO      at org.apache.maven.wrapper.BootstrapMainStarter.start (BootstrapMainStarter.java:52)[0m
2026.03.09 20:45:31 INFO      at org.apache.maven.wrapper.WrapperExecutor.execute (WrapperExecutor.java:161)[0m
2026.03.09 20:45:31 INFO      at org.apache.maven.wrapper.MavenWrapperMain.main (MavenWrapperMain.java:73)[0m
2026.03.09 20:45:31 INFO  [INFO] Resolving artifact: jakarta.annotation:jakarta.annotation-api:jar:1.3.5:compile (sources = false)[0m
2026.03.09 20:45:31 INFO  [INFO] SUCCESS: jakarta.annotation:jakarta.annotation-api:jar:1.3.5:compile (sources = false)[0m
2026.03.09 20:45:31 INFO  [INFO] Resolving artifact: jakarta.annotation:jakarta.annotation-api:jar:1.3.5:compile (sources = true)[0m
2026.03.09 20:45:31 INFO  [INFO] SUCCESS: jakarta.annotation:jakarta.annotation-api:jar:1.3.5:compile (sources = true)[0m
2026.03.09 20:45:31 INFO  [INFO] Resolving artifact: org.springframework:spring-core:jar:5.2.2.RELEASE:compile (sources = false)[0m
2026.03.09 20:45:31 INFO  [INFO] SUCCESS: org.springframework:spring-core:jar:5.2.2.RELEASE:compile (sources = false)[0m
2026.03.09 20:45:31 INFO  [INFO] Resolving artifact: org.springframework:spring-core:jar:5.2.2.RELEASE:compile (sources = true)[0m
2026.03.09 20:45:31 INFO  [INFO] SUCCESS: org.springframework:spring-core:jar:5.2.2.RELEASE:compile (sources = true)[0m
2026.03.09 20:45:31 INFO  [INFO] Resolving artifact: org.springframework.boot:spring-boot-autoconfigure:jar:2.2.2.RELEASE:compile (sources = false)[0m
2026.03.09 20:45:31 INFO  [INFO] SUCCESS: org.springframework.boot:spring-boot-autoconfigure:jar:2.2.2.RELEASE:compile (sources = false)[0m
2026.03.09 20:45:31 INFO  [INFO] Resolving artifact: org.springframework.boot:spring-boot-autoconfigure:jar:2.2.2.RELEASE:compile (sources = true)[0m
2026.03.09 20:45:31 INFO  [INFO] SUCCESS: org.springframework.boot:spring-boot-autoconfigure:jar:2.2.2.RELEASE:compile (sources = true)[0m
2026.03.09 20:45:31 INFO  [INFO] Resolving artifact: com.sun.istack:istack-commons-runtime:jar:3.0.8:compile (sources = false)[0m
2026.03.09 20:45:31 INFO  [INFO] SUCCESS: com.sun.istack:istack-commons-runtime:jar:3.0.8:compile (sources = false)[0m
2026.03.09 20:45:31 INFO  [INFO] Resolving artifact: com.sun.istack:istack-commons-runtime:jar:3.0.8:compile (sources = true)[0m
2026.03.09 20:45:31 INFO  [INFO] SUCCESS: com.sun.istack:istack-commons-runtime:jar:3.0.8:compile (sources = true)[0m
2026.03.09 20:45:31 INFO  [INFO] Resolving artifact: org.ow2.asm:asm:jar:5.0.4:test (sources = false)[0m
2026.03.09 20:45:31 INFO  [INFO] SUCCESS: org.ow2.asm:asm:jar:5.0.4:test (sources = false)[0m
2026.03.09 20:45:31 INFO  [INFO] Resolving artifact: org.ow2.asm:asm:jar:5.0.4:test (sources = true)[0m
2026.03.09 20:45:31 INFO  [INFO] SUCCESS: org.ow2.asm:asm:jar:5.0.4:test (sources = true)[0m
2026.03.09 20:45:31 INFO  [INFO] Resolving artifact: com.fasterxml.jackson.module:jackson-module-parameter-names:jar:2.10.1:compile (sources = false)[0m
2026.03.09 20:45:31 INFO  [INFO] SUCCESS: com.fasterxml.jackson.module:jackson-module-parameter-names:jar:2.10.1:compile (sources = false)[0m
2026.03.09 20:45:31 INFO  [INFO] Resolving artifact: com.fasterxml.jackson.module:jackson-module-parameter-names:jar:2.10.1:compile (sources = true)[0m
2026.03.09 20:45:31 INFO  [INFO] SUCCESS: com.fasterxml.jackson.module:jackson-module-parameter-names:jar:2.10.1:compile (sources = true)[0m
2026.03.09 20:45:31 INFO  [INFO] Resolving artifact: io.springfox:springfox-spi:jar:2.8.0:compile (sources = false)[0m
2026.03.09 20:45:31 INFO  [INFO] SUCCESS: io.springfox:springfox-spi:jar:2.8.0:compile (sources = false)[0m
2026.03.09 20:45:31 INFO  [INFO] Resolving artifact: io.springfox:springfox-spi:jar:2.8.0:compile (sources = true)[0m
2026.03.09 20:45:31 INFO  [INFO] SUCCESS: io.springfox:springfox-spi:jar:2.8.0:compile (sources = true)[0m
2026.03.09 20:45:31 INFO  [INFO] Resolving artifact: org.springframework.plugin:spring-plugin-metadata:jar:1.2.0.RELEASE:compile (sources = false)[0m
2026.03.09 20:45:31 INFO  [INFO] SUCCESS: org.springframework.plugin:spring-plugin-metadata:jar:1.2.0.RELEASE:compile (sources = false)[0m
2026.03.09 20:45:31 INFO  [INFO] Resolving artifact: org.springframework.plugin:spring-plugin-metadata:jar:1.2.0.RELEASE:compile (sources = true)[0m
2026.03.09 20:45:31 INFO  [INFO] SUCCESS: org.springframework.plugin:spring-plugin-metadata:jar:1.2.0.RELEASE:compile (sources = true)[0m
2026.03.09 20:45:31 INFO  [INFO] Resolving artifact: org.mockito:mockito-junit-jupiter:jar:3.1.0:test (sources = false)[0m
2026.03.09 20:45:31 INFO  [INFO] SUCCESS: org.mockito:mockito-junit-jupiter:jar:3.1.0:test (sources = false)[0m
2026.03.09 20:45:31 INFO  [INFO] Resolving artifact: org.mockito:mockito-junit-jupiter:jar:3.1.0:test (sources = true)[0m
2026.03.09 20:45:31 INFO  [INFO] SUCCESS: org.mockito:mockito-junit-jupiter:jar:3.1.0:test (sources = true)[0m
2026.03.09 20:45:31 INFO  [INFO] Resolving artifact: org.springframework:spring-web:jar:5.2.2.RELEASE:compile (sources = false)[0m
2026.03.09 20:45:31 INFO  [INFO] SUCCESS: org.springframework:spring-web:jar:5.2.2.RELEASE:compile (sources = false)[0m
2026.03.09 20:45:31 INFO  [INFO] Resolving artifact: org.springframework:spring-web:jar:5.2.2.RELEASE:compile (sources = true)[0m
2026.03.09 20:45:31 INFO  [INFO] SUCCESS: org.springframework:spring-web:jar:5.2.2.RELEASE:compile (sources = true)[0m
2026.03.09 20:45:31 INFO  [INFO] Resolving artifact: org.yaml:snakeyaml:jar:1.25:runtime (sources = false)[0m
2026.03.09 20:45:32 INFO  [INFO] SUCCESS: org.yaml:snakeyaml:jar:1.25:runtime (sources = false)[0m
2026.03.09 20:45:32 INFO  [INFO] Resolving artifact: org.yaml:snakeyaml:jar:1.25:runtime (sources = true)[0m
2026.03.09 20:45:32 INFO  [INFO] SUCCESS: org.yaml:snakeyaml:jar:1.25:runtime (sources = true)[0m
2026.03.09 20:45:32 INFO  [INFO] Resolving artifact: jakarta.activation:jakarta.activation-api:jar:1.2.1:compile (sources = false)[0m
2026.03.09 20:45:32 INFO  [INFO] SUCCESS: jakarta.activation:jakarta.activation-api:jar:1.2.1:compile (sources = false)[0m
2026.03.09 20:45:32 INFO  [INFO] Resolving artifact: jakarta.activation:jakarta.activation-api:jar:1.2.1:compile (sources = true)[0m
2026.03.09 20:45:32 INFO  [INFO] SUCCESS: jakarta.activation:jakarta.activation-api:jar:1.2.1:compile (sources = true)[0m
2026.03.09 20:45:32 INFO  [INFO] Resolving artifact: org.apache.tomcat.embed:tomcat-embed-websocket:jar:9.0.29:compile (sources = false)[0m
2026.03.09 20:45:32 INFO  [INFO] SUCCESS: org.apache.tomcat.embed:tomcat-embed-websocket:jar:9.0.29:compile (sources = false)[0m
2026.03.09 20:45:32 INFO  [INFO] Resolving artifact: org.apache.tomcat.embed:tomcat-embed-websocket:jar:9.0.29:compile (sources = true)[0m
2026.03.09 20:45:32 INFO  [INFO] SUCCESS: org.apache.tomcat.embed:tomcat-embed-websocket:jar:9.0.29:compile (sources = true)[0m
2026.03.09 20:45:32 INFO  [INFO] Resolving artifact: org.glassfish.jaxb:jaxb-runtime:jar:2.3.2:compile (sources = false)[0m
2026.03.09 20:45:32 INFO  [INFO] SUCCESS: org.glassfish.jaxb:jaxb-runtime:jar:2.3.2:compile (sources = false)[0m
2026.03.09 20:45:32 INFO  [INFO] Resolving artifact: org.glassfish.jaxb:jaxb-runtime:jar:2.3.2:compile (sources = true)[0m
2026.03.09 20:45:32 INFO  [INFO] SUCCESS: org.glassfish.jaxb:jaxb-runtime:jar:2.3.2:compile (sources = true)[0m
2026.03.09 20:45:32 INFO  [INFO] Resolving artifact: org.hibernate:hibernate-core:jar:5.4.9.Final:compile (sources = false)[0m
2026.03.09 20:45:32 INFO  [INFO] SUCCESS: org.hibernate:hibernate-core:jar:5.4.9.Final:compile (sources = false)[0m
2026.03.09 20:45:32 INFO  [INFO] Resolving artifact: org.hibernate:hibernate-core:jar:5.4.9.Final:compile (sources = true)[0m
2026.03.09 20:45:32 INFO  [INFO] SUCCESS: org.hibernate:hibernate-core:jar:5.4.9.Final:compile (sources = true)[0m
2026.03.09 20:45:32 INFO  [INFO] Resolving artifact: io.swagger:swagger-annotations:jar:1.5.14:compile (sources = false)[0m
2026.03.09 20:45:32 INFO  [INFO] SUCCESS: io.swagger:swagger-annotations:jar:1.5.14:compile (sources = false)[0m
2026.03.09 20:45:32 INFO  [INFO] Resolving artifact: io.swagger:swagger-annotations:jar:1.5.14:compile (sources = true)[0m
2026.03.09 20:45:32 INFO  [INFO] SUCCESS: io.swagger:swagger-annotations:jar:1.5.14:compile (sources = true)[0m
2026.03.09 20:45:32 INFO  [INFO] Resolving artifact: jakarta.transaction:jakarta.transaction-api:jar:1.3.3:compile (sources = false)[0m
2026.03.09 20:45:32 INFO  [INFO] SUCCESS: jakarta.transaction:jakarta.transaction-api:jar:1.3.3:compile (sources = false)[0m
2026.03.09 20:45:32 INFO  [INFO] Resolving artifact: jakarta.transaction:jakarta.transaction-api:jar:1.3.3:compile (sources = true)[0m
2026.03.09 20:45:32 INFO  [INFO] SUCCESS: jakarta.transaction:jakarta.transaction-api:jar:1.3.3:compile (sources = true)[0m
2026.03.09 20:45:32 INFO  [INFO] Resolving artifact: org.springframework:spring-jdbc:jar:5.2.2.RELEASE:compile (sources = false)[0m
2026.03.09 20:45:32 INFO  [INFO] SUCCESS: org.springframework:spring-jdbc:jar:5.2.2.RELEASE:compile (sources = false)[0m
2026.03.09 20:45:32 INFO  [INFO] Resolving artifact: org.springframework:spring-jdbc:jar:5.2.2.RELEASE:compile (sources = true)[0m
2026.03.09 20:45:32 INFO  [INFO] SUCCESS: org.springframework:spring-jdbc:jar:5.2.2.RELEASE:compile (sources = true)[0m
2026.03.09 20:45:32 INFO  [INFO] Resolving artifact: org.springframework.boot:spring-boot:jar:2.2.2.RELEASE:compile (sources = false)[0m
2026.03.09 20:45:32 INFO  [INFO] SUCCESS: org.springframework.boot:spring-boot:jar:2.2.2.RELEASE:compile (sources = false)[0m
2026.03.09 20:45:32 INFO  [INFO] Resolving artifact: org.springframework.boot:spring-boot:jar:2.2.2.RELEASE:compile (sources = true)[0m
2026.03.09 20:45:32 INFO  [INFO] SUCCESS: org.springframework.boot:spring-boot:jar:2.2.2.RELEASE:compile (sources = true)[0m
2026.03.09 20:45:32 INFO  [INFO] Resolving artifact: org.springframework.boot:spring-boot-starter-validation:jar:2.2.2.RELEASE:compile (sources = false)[0m
2026.03.09 20:45:32 INFO  [INFO] SUCCESS: org.springframework.boot:spring-boot-starter-validation:jar:2.2.2.RELEASE:compile (sources = false)[0m
2026.03.09 20:45:32 INFO  [INFO] Resolving artifact: org.springframework.boot:spring-boot-starter-validation:jar:2.2.2.RELEASE:compile (sources = true)[0m
2026.03.09 20:45:32 INFO  [INFO] SUCCESS: org.springframework.boot:spring-boot-starter-validation:jar:2.2.2.RELEASE:compile (sources = true)[0m
2026.03.09 20:45:32 INFO  [INFO] Resolving artifact: org.jboss.logging:jboss-logging:jar:3.4.1.Final:compile (sources = false)[0m
2026.03.09 20:45:32 INFO  [INFO] SUCCESS: org.jboss.logging:jboss-logging:jar:3.4.1.Final:compile (sources = false)[0m
2026.03.09 20:45:32 INFO  [INFO] Resolving artifact: org.jboss.logging:jboss-logging:jar:3.4.1.Final:compile (sources = true)[0m
2026.03.09 20:45:32 INFO  [INFO] SUCCESS: org.jboss.logging:jboss-logging:jar:3.4.1.Final:compile (sources = true)[0m
2026.03.09 20:45:32 INFO  [INFO] Resolving artifact: org.xmlunit:xmlunit-core:jar:2.6.3:test (sources = false)[0m
2026.03.09 20:45:32 INFO  [INFO] SUCCESS: org.xmlunit:xmlunit-core:jar:2.6.3:test (sources = false)[0m
2026.03.09 20:45:32 INFO  [INFO] Resolving artifact: org.xmlunit:xmlunit-core:jar:2.6.3:test (sources = true)[0m
2026.03.09 20:45:32 INFO  [INFO] SUCCESS: org.xmlunit:xmlunit-core:jar:2.6.3:test (sources = true)[0m
2026.03.09 20:45:32 INFO  [INFO] Resolving artifact: org.slf4j:jul-to-slf4j:jar:1.7.29:compile (sources = false)[0m
2026.03.09 20:45:32 INFO  [INFO] SUCCESS: org.slf4j:jul-to-slf4j:jar:1.7.29:compile (sources = false)[0m
2026.03.09 20:45:32 INFO  [INFO] Resolving artifact: org.slf4j:jul-to-slf4j:jar:1.7.29:compile (sources = true)[0m
2026.03.09 20:45:32 INFO  [INFO] SUCCESS: org.slf4j:jul-to-slf4j:jar:1.7.29:compile (sources = true)[0m
2026.03.09 20:45:32 INFO  [INFO] Resolving artifact: com.fasterxml.jackson.datatype:jackson-datatype-jdk8:jar:2.10.1:compile (sources = false)[0m
2026.03.09 20:45:32 INFO  [INFO] SUCCESS: com.fasterxml.jackson.datatype:jackson-datatype-jdk8:jar:2.10.1:compile (sources = false)[0m
2026.03.09 20:45:32 INFO  [INFO] Resolving artifact: com.fasterxml.jackson.datatype:jackson-datatype-jdk8:jar:2.10.1:compile (sources = true)[0m
2026.03.09 20:45:32 INFO  [INFO] SUCCESS: com.fasterxml.jackson.datatype:jackson-datatype-jdk8:jar:2.10.1:compile (sources = true)[0m
2026.03.09 20:45:32 INFO  [INFO] Resolving artifact: org.springframework:spring-expression:jar:5.2.2.RELEASE:compile (sources = false)[0m
2026.03.09 20:45:32 INFO  [INFO] SUCCESS: org.springframework:spring-expression:jar:5.2.2.RELEASE:compile (sources = false)[0m
2026.03.09 20:45:32 INFO  [INFO] Resolving artifact: org.springframework:spring-expression:jar:5.2.2.RELEASE:compile (sources = true)[0m
2026.03.09 20:45:32 INFO  [INFO] SUCCESS: org.springframework:spring-expression:jar:5.2.2.RELEASE:compile (sources = true)[0m
2026.03.09 20:45:32 INFO  [INFO] Resolving artifact: org.hibernate.validator:hibernate-validator:jar:6.0.18.Final:compile (sources = false)[0m
2026.03.09 20:45:32 INFO  [INFO] SUCCESS: org.hibernate.validator:hibernate-validator:jar:6.0.18.Final:compile (sources = false)[0m
2026.03.09 20:45:32 INFO  [INFO] Resolving artifact: org.hibernate.validator:hibernate-validator:jar:6.0.18.Final:compile (sources = true)[0m
2026.03.09 20:45:32 INFO  [INFO] SUCCESS: org.hibernate.validator:hibernate-validator:jar:6.0.18.Final:compile (sources = true)[0m
2026.03.09 20:45:32 INFO  [INFO] Resolving artifact: org.springframework:spring-aop:jar:5.2.2.RELEASE:compile (sources = false)[0m
2026.03.09 20:45:32 INFO  [INFO] SUCCESS: org.springframework:spring-aop:jar:5.2.2.RELEASE:compile (sources = false)[0m
2026.03.09 20:45:32 INFO  [INFO] Resolving artifact: org.springframework:spring-aop:jar:5.2.2.RELEASE:compile (sources = true)[0m
2026.03.09 20:45:32 INFO  [INFO] SUCCESS: org.springframework:spring-aop:jar:5.2.2.RELEASE:compile (sources = true)[0m
2026.03.09 20:45:32 INFO  [INFO] Resolving artifact: net.bytebuddy:byte-buddy-agent:jar:1.10.4:test (sources = false)[0m
2026.03.09 20:45:32 INFO  [INFO] SUCCESS: net.bytebuddy:byte-buddy-agent:jar:1.10.4:test (sources = false)[0m
2026.03.09 20:45:32 INFO  [INFO] Resolving artifact: net.bytebuddy:byte-buddy-agent:jar:1.10.4:test (sources = true)[0m
2026.03.09 20:45:32 INFO  [INFO] SUCCESS: net.bytebuddy:byte-buddy-agent:jar:1.10.4:test (sources = true)[0m
2026.03.09 20:45:32 INFO  [INFO] Resolving artifact: jakarta.xml.bind:jakarta.xml.bind-api:jar:2.3.2:compile (sources = false)[0m
2026.03.09 20:45:32 INFO  [INFO] SUCCESS: jakarta.xml.bind:jakarta.xml.bind-api:jar:2.3.2:compile (sources = false)[0m
2026.03.09 20:45:32 INFO  [INFO] Resolving artifact: jakarta.xml.bind:jakarta.xml.bind-api:jar:2.3.2:compile (sources = true)[0m
2026.03.09 20:45:32 INFO  [INFO] SUCCESS: jakarta.xml.bind:jakarta.xml.bind-api:jar:2.3.2:compile (sources = true)[0m
2026.03.09 20:45:32 INFO  [INFO] Resolving artifact: org.springframework.boot:spring-boot-starter-web:jar:2.2.2.RELEASE:compile (sources = false)[0m
2026.03.09 20:45:32 INFO  [INFO] SUCCESS: org.springframework.boot:spring-boot-starter-web:jar:2.2.2.RELEASE:compile (sources = false)[0m
2026.03.09 20:45:32 INFO  [INFO] Resolving artifact: org.springframework.boot:spring-boot-starter-web:jar:2.2.2.RELEASE:compile (sources = true)[0m
2026.03.09 20:45:32 INFO  [INFO] SUCCESS: org.springframework.boot:spring-boot-starter-web:jar:2.2.2.RELEASE:compile (sources = true)[0m
2026.03.09 20:45:32 INFO  [INFO] Resolving artifact: com.h2database:h2:jar:1.4.200:runtime (sources = false)[0m
2026.03.09 20:45:32 INFO  [INFO] SUCCESS: com.h2database:h2:jar:1.4.200:runtime (sources = false)[0m
2026.03.09 20:45:32 INFO  [INFO] Resolving artifact: com.h2database:h2:jar:1.4.200:runtime (sources = true)[0m
2026.03.09 20:45:32 INFO  [INFO] SUCCESS: com.h2database:h2:jar:1.4.200:runtime (sources = true)[0m
2026.03.09 20:45:32 INFO  [INFO] Resolving artifact: org.aspectj:aspectjweaver:jar:1.9.5:compile (sources = false)[0m
2026.03.09 20:45:32 INFO  [INFO] SUCCESS: org.aspectj:aspectjweaver:jar:1.9.5:compile (sources = false)[0m
2026.03.09 20:45:32 INFO  [INFO] Resolving artifact: org.aspectj:aspectjweaver:jar:1.9.5:compile (sources = true)[0m
2026.03.09 20:45:32 INFO  [INFO] SUCCESS: org.aspectj:aspectjweaver:jar:1.9.5:compile (sources = true)[0m
2026.03.09 20:45:32 INFO  [INFO] Resolving artifact: org.springframework:spring-jcl:jar:5.2.2.RELEASE:compile (sources = false)[0m
2026.03.09 20:45:32 INFO  [INFO] SUCCESS: org.springframework:spring-jcl:jar:5.2.2.RELEASE:compile (sources = false)[0m
2026.03.09 20:45:32 INFO  [INFO] Resolving artifact: org.springframework:spring-jcl:jar:5.2.2.RELEASE:compile (sources = true)[0m
2026.03.09 20:45:32 INFO  [INFO] SUCCESS: org.springframework:spring-jcl:jar:5.2.2.RELEASE:compile (sources = true)[0m
2026.03.09 20:45:32 INFO  [INFO] Resolving artifact: org.junit.jupiter:junit-jupiter-engine:jar:5.5.2:test (sources = false)[0m
2026.03.09 20:45:32 INFO  [INFO] SUCCESS: org.junit.jupiter:junit-jupiter-engine:jar:5.5.2:test (sources = false)[0m
2026.03.09 20:45:32 INFO  [INFO] Resolving artifact: org.junit.jupiter:junit-jupiter-engine:jar:5.5.2:test (sources = true)[0m
2026.03.09 20:45:32 INFO  [INFO] SUCCESS: org.junit.jupiter:junit-jupiter-engine:jar:5.5.2:test (sources = true)[0m
2026.03.09 20:45:32 INFO  [INFO] Resolving artifact: org.springframework.boot:spring-boot-test-autoconfigure:jar:2.2.2.RELEASE:test (sources = false)[0m
2026.03.09 20:45:32 INFO  [INFO] SUCCESS: org.springframework.boot:spring-boot-test-autoconfigure:jar:2.2.2.RELEASE:test (sources = false)[0m
2026.03.09 20:45:32 INFO  [INFO] Resolving artifact: org.springframework.boot:spring-boot-test-autoconfigure:jar:2.2.2.RELEASE:test (sources = true)[0m
2026.03.09 20:45:32 INFO  [INFO] SUCCESS: org.springframework.boot:spring-boot-test-autoconfigure:jar:2.2.2.RELEASE:test (sources = true)[0m
2026.03.09 20:45:32 INFO  [INFO] Resolving artifact: io.springfox:springfox-schema:jar:2.8.0:compile (sources = false)[0m
2026.03.09 20:45:32 INFO  [INFO] SUCCESS: io.springfox:springfox-schema:jar:2.8.0:compile (sources = false)[0m
2026.03.09 20:45:32 INFO  [INFO] Resolving artifact: io.springfox:springfox-schema:jar:2.8.0:compile (sources = true)[0m
2026.03.09 20:45:32 INFO  [INFO] SUCCESS: io.springfox:springfox-schema:jar:2.8.0:compile (sources = true)[0m
2026.03.09 20:45:32 INFO  [INFO] Resolving artifact: org.springframework.data:spring-data-commons:jar:2.2.3.RELEASE:compile (sources = false)[0m
2026.03.09 20:45:32 INFO  [INFO] SUCCESS: org.springframework.data:spring-data-commons:jar:2.2.3.RELEASE:compile (sources = false)[0m
2026.03.09 20:45:32 INFO  [INFO] Resolving artifact: org.springframework.data:spring-data-commons:jar:2.2.3.RELEASE:compile (sources = true)[0m
2026.03.09 20:45:32 INFO  [INFO] SUCCESS: org.springframework.data:spring-data-commons:jar:2.2.3.RELEASE:compile (sources = true)[0m
2026.03.09 20:45:32 INFO  [INFO] Resolving artifact: org.glassfish.jaxb:txw2:jar:2.3.2:compile (sources = false)[0m
2026.03.09 20:45:32 INFO  [INFO] SUCCESS: org.glassfish.jaxb:txw2:jar:2.3.2:compile (sources = false)[0m
2026.03.09 20:45:32 INFO  [INFO] Resolving artifact: org.glassfish.jaxb:txw2:jar:2.3.2:compile (sources = true)[0m
2026.03.09 20:45:32 INFO  [INFO] SUCCESS: org.glassfish.jaxb:txw2:jar:2.3.2:compile (sources = true)[0m
2026.03.09 20:45:32 INFO  [INFO] Resolving artifact: io.springfox:springfox-core:jar:2.8.0:compile (sources = false)[0m
2026.03.09 20:45:32 INFO  [INFO] SUCCESS: io.springfox:springfox-core:jar:2.8.0:compile (sources = false)[0m
2026.03.09 20:45:32 INFO  [INFO] Resolving artifact: io.springfox:springfox-core:jar:2.8.0:compile (sources = true)[0m
2026.03.09 20:45:32 INFO  [INFO] SUCCESS: io.springfox:springfox-core:jar:2.8.0:compile (sources = true)[0m
2026.03.09 20:45:32 INFO  [INFO] Resolving artifact: junit:junit:jar:4.12:test (sources = false)[0m
2026.03.09 20:45:32 INFO  [INFO] SUCCESS: junit:junit:jar:4.12:test (sources = false)[0m
2026.03.09 20:45:32 INFO  [INFO] Resolving artifact: junit:junit:jar:4.12:test (sources = true)[0m
2026.03.09 20:45:32 INFO  [INFO] SUCCESS: junit:junit:jar:4.12:test (sources = true)[0m
2026.03.09 20:45:32 INFO  [INFO] Resolving artifact: net.bytebuddy:byte-buddy:jar:1.10.4:compile (sources = false)[0m
2026.03.09 20:45:32 INFO  [INFO] SUCCESS: net.bytebuddy:byte-buddy:jar:1.10.4:compile (sources = false)[0m
2026.03.09 20:45:32 INFO  [INFO] Resolving artifact: net.bytebuddy:byte-buddy:jar:1.10.4:compile (sources = true)[0m
2026.03.09 20:45:32 INFO  [INFO] SUCCESS: net.bytebuddy:byte-buddy:jar:1.10.4:compile (sources = true)[0m
2026.03.09 20:45:32 INFO  [INFO] Resolving artifact: org.apache.logging.log4j:log4j-to-slf4j:jar:2.12.1:compile (sources = false)[0m
2026.03.09 20:45:32 INFO  [INFO] SUCCESS: org.apache.logging.log4j:log4j-to-slf4j:jar:2.12.1:compile (sources = false)[0m
2026.03.09 20:45:32 INFO  [INFO] Resolving artifact: org.apache.logging.log4j:log4j-to-slf4j:jar:2.12.1:compile (sources = true)[0m
2026.03.09 20:45:32 INFO  [INFO] SUCCESS: org.apache.logging.log4j:log4j-to-slf4j:jar:2.12.1:compile (sources = true)[0m
2026.03.09 20:45:32 INFO  [INFO] Resolving artifact: org.projectlombok:lombok:jar:1.18.10:provided (sources = false)[0m
2026.03.09 20:45:32 INFO  [INFO] SUCCESS: org.projectlombok:lombok:jar:1.18.10:provided (sources = false)[0m
2026.03.09 20:45:32 INFO  [INFO] Resolving artifact: org.projectlombok:lombok:jar:1.18.10:provided (sources = true)[0m
2026.03.09 20:45:32 INFO  [INFO] SUCCESS: org.projectlombok:lombok:jar:1.18.10:provided (sources = true)[0m
2026.03.09 20:45:32 INFO  [INFO] Resolving artifact: org.springframework.boot:spring-boot-starter-jdbc:jar:2.2.2.RELEASE:compile (sources = false)[0m
2026.03.09 20:45:32 INFO  [INFO] SUCCESS: org.springframework.boot:spring-boot-starter-jdbc:jar:2.2.2.RELEASE:compile (sources = false)[0m
2026.03.09 20:45:32 INFO  [INFO] Resolving artifact: org.springframework.boot:spring-boot-starter-jdbc:jar:2.2.2.RELEASE:compile (sources = true)[0m
2026.03.09 20:45:32 INFO  [INFO] SUCCESS: org.springframework.boot:spring-boot-starter-jdbc:jar:2.2.2.RELEASE:compile (sources = true)[0m
2026.03.09 20:45:32 INFO  [INFO] Resolving artifact: com.vaadin.external.google:android-json:jar:0.0.20131108.vaadin1:test (sources = false)[0m
2026.03.09 20:45:32 INFO  [INFO] SUCCESS: com.vaadin.external.google:android-json:jar:0.0.20131108.vaadin1:test (sources = false)[0m
2026.03.09 20:45:32 INFO  [INFO] Resolving artifact: com.vaadin.external.google:android-json:jar:0.0.20131108.vaadin1:test (sources = true)[0m
2026.03.09 20:45:32 INFO  [INFO] SUCCESS: com.vaadin.external.google:android-json:jar:0.0.20131108.vaadin1:test (sources = true)[0m
2026.03.09 20:45:32 INFO  [INFO] Resolving artifact: org.javassist:javassist:jar:3.24.0-GA:compile (sources = false)[0m
2026.03.09 20:45:32 INFO  [INFO] SUCCESS: org.javassist:javassist:jar:3.24.0-GA:compile (sources = false)[0m
2026.03.09 20:45:32 INFO  [INFO] Resolving artifact: org.javassist:javassist:jar:3.24.0-GA:compile (sources = true)[0m
2026.03.09 20:45:32 INFO  [INFO] SUCCESS: org.javassist:javassist:jar:3.24.0-GA:compile (sources = true)[0m
2026.03.09 20:45:32 INFO  [INFO] Resolving artifact: org.junit.platform:junit-platform-engine:jar:1.5.2:test (sources = false)[0m
2026.03.09 20:45:32 INFO  [INFO] SUCCESS: org.junit.platform:junit-platform-engine:jar:1.5.2:test (sources = false)[0m
2026.03.09 20:45:32 INFO  [INFO] Resolving artifact: org.junit.platform:junit-platform-engine:jar:1.5.2:test (sources = true)[0m
2026.03.09 20:45:32 INFO  [INFO] SUCCESS: org.junit.platform:junit-platform-engine:jar:1.5.2:test (sources = true)[0m
2026.03.09 20:45:32 INFO  [INFO] Resolving artifact: org.dom4j:dom4j:jar:2.1.1:compile (sources = false)[0m
2026.03.09 20:45:32 INFO  [INFO] SUCCESS: org.dom4j:dom4j:jar:2.1.1:compile (sources = false)[0m
2026.03.09 20:45:32 INFO  [INFO] Resolving artifact: org.dom4j:dom4j:jar:2.1.1:compile (sources = true)[0m
2026.03.09 20:45:32 INFO  [INFO] SUCCESS: org.dom4j:dom4j:jar:2.1.1:compile (sources = true)[0m
2026.03.09 20:45:32 INFO  [INFO] Generated .bloop\movie-service-test.json[0m
2026.03.09 20:45:32 INFO  [INFO] ------------------------------------------------------------------------[0m
2026.03.09 20:45:32 INFO  [INFO] BUILD SUCCESS[0m
2026.03.09 20:45:32 INFO  [INFO] ------------------------------------------------------------------------[0m
2026.03.09 20:45:32 INFO  [INFO] Total time:  01:36 min[0m
2026.03.09 20:45:32 INFO  [INFO] Finished at: 2026-03-09T20:45:32Z[0m
2026.03.09 20:45:32 INFO  [INFO] ------------------------------------------------------------------------[0m
2026.03.09 20:45:32 INFO  time: ran 'mvn bloopInstall' in 1m48s[0m
2026.03.09 20:45:32 INFO  Attempting to connect to the build server...[0m
2026.03.09 20:45:32 INFO  No running Bloop server found, starting one.[0m
2026.03.09 20:45:36 INFO  Starting compilation server[0m
2026.03.09 20:45:36 INFO  no build target found for C:\Users\neoat\repos\movie-service-bugfix\src\main\java\com\example\movieservice\configuration\SwaggerConfig.java. Using fallback presentation compiler.[0m
mars 09, 2026 8:45:37 PM org.eclipse.lsp4j.jsonrpc.services.GenericEndpoint notify
INFOS: Unsupported notification method: $/setTrace
2026.03.09 20:45:38 INFO  tracing is disabled for protocol BSP, to enable tracing of incoming and outgoing JSON messages create an empty file at C:\Users\neoat\repos\movie-service-bugfix\.metals\bsp.trace.json or C:\Users\neoat\AppData\Local\scalameta\metals\cache\bsp.trace.json[0m
2026.03.09 20:45:39 INFO  time: Connected to build server in 6.86s[0m
2026.03.09 20:45:38 INFO  Connected to Build server: Bloop v2.0.19[0m
2026.03.09 20:45:39 INFO  time: Imported build in 0.29s[0m
2026.03.09 20:45:43 WARN  Using H2 2.4.240 which is newer than the version Flyway has been verified with. The latest verified version of H2 is 2.3.232.[0m
2026.03.09 20:45:54 INFO  time: indexed workspace in 14s[0m
2026.03.09 20:45:54 INFO  compiling movie-service (15 java sources)[0m
2026.03.09 20:45:56 WARN  Unexpected javac output: warning: [options] system modules path not set in conjunction with -source 13
Note: Annotation processing is enabled because one or more processors were found
  on the class path. A future release of javac may disable annotation processing
  unless at least one processor is specified by name (-processor), or a search
  path is specified (--processor-path, --processor-module-path), or annotation
  processing is enabled explicitly (-proc:only, -proc:full).
  Use -Xlint:-options to suppress this message.
  Use -proc:none to disable annotation processing.
1 warning


An annotation processor threw an uncaught exception.
Consult the following stack trace for details.
java.lang.IllegalAccessError: class lombok.javac.apt.LombokProcessor (in unnamed module @0x413f69cc) cannot access class com.sun.tools.javac.processing.JavacProcessingEnvironment (in module jdk.compiler) because module jdk.compiler does not export com.sun.tools.javac.processing to unnamed module @0x413f69cc
	at lombok.javac.apt.LombokProcessor.getJavacProcessingEnvironment(LombokProcessor.java:419)
	at lombok.javac.apt.LombokProcessor.init(LombokProcessor.java:90)
	at lombok.core.AnnotationProcessor$JavacDescriptor.want(AnnotationProcessor.java:124)
	at lombok.core.AnnotationProcessor.init(AnnotationProcessor.java:177)
	at lombok.launch.AnnotationProcessorHider$AnnotationProcessor.init(AnnotationProcessor.java:73)
	at jdk.compiler/com.sun.tools.javac.processing.JavacProcessingEnvironment$ProcessorState.<init>(JavacProcessingEnvironment.java:699)
	at jdk.compiler/com.sun.tools.javac.processing.JavacProcessingEnvironment$DiscoveredProcessors$ProcessorStateIterator.next(JavacProcessingEnvironment.java:826)
	at jdk.compiler/com.sun.tools.javac.processing.JavacProcessingEnvironment.discoverAndRunProcs(JavacProcessingEnvironment.java:922)
	at jdk.compiler/com.sun.tools.javac.processing.JavacProcessingEnvironment$Round.run(JavacProcessingEnvironment.java:1265)
	at jdk.compiler/com.sun.tools.javac.processing.JavacProcessingEnvironment.doProcessing(JavacProcessingEnvironment.java:1380)
	at jdk.compiler/com.sun.tools.javac.main.JavaCompiler.processAnnotations(JavaCompiler.java:1272)
	at jdk.compiler/com.sun.tools.javac.main.JavaCompiler.compile(JavaCompiler.java:946)
	at jdk.compiler/com.sun.tools.javac.main.Main.compile(Main.java:319)
	at jdk.compiler/com.sun.tools.javac.main.Main.compile(Main.java:178)
	at jdk.compiler/com.sun.tools.javac.Main.compile(Main.java:64)
	at jdk.compiler/com.sun.tools.javac.Main.main(Main.java:50).[0m
2026.03.09 20:45:56 WARN  javac: [options] system modules path not set in conjunction with -source 13[0m
2026.03.09 20:45:56 INFO  Note: Annotation processing is enabled because one or more processors were found[0m
2026.03.09 20:45:56 WARN  javac exited with exit code 3[0m
2026.03.09 20:45:56 INFO  time: compiled movie-service in 1.92s[0m
2026.03.09 20:45:56 INFO  compiling movie-service (15 java sources)[0m
2026.03.09 20:45:58 WARN  Unexpected javac output: warning: [options] system modules path not set in conjunction with -source 13
Note: Annotation processing is enabled because one or more processors were found
  on the class path. A future release of javac may disable annotation processing
  unless at least one processor is specified by name (-processor), or a search
  path is specified (--processor-path, --processor-module-path), or annotation
  processing is enabled explicitly (-proc:only, -proc:full).
  Use -Xlint:-options to suppress this message.
  Use -proc:none to disable annotation processing.
1 warning


An annotation processor threw an uncaught exception.
Consult the following stack trace for details.
java.lang.IllegalAccessError: class lombok.javac.apt.LombokProcessor (in unnamed module @0x413f69cc) cannot access class com.sun.tools.javac.processing.JavacProcessingEnvironment (in module jdk.compiler) because module jdk.compiler does not export com.sun.tools.javac.processing to unnamed module @0x413f69cc
	at lombok.javac.apt.LombokProcessor.getJavacProcessingEnvironment(LombokProcessor.java:419)
	at lombok.javac.apt.LombokProcessor.init(LombokProcessor.java:90)
	at lombok.core.AnnotationProcessor$JavacDescriptor.want(AnnotationProcessor.java:124)
	at lombok.core.AnnotationProcessor.init(AnnotationProcessor.java:177)
	at lombok.launch.AnnotationProcessorHider$AnnotationProcessor.init(AnnotationProcessor.java:73)
	at jdk.compiler/com.sun.tools.javac.processing.JavacProcessingEnvironment$ProcessorState.<init>(JavacProcessingEnvironment.java:699)
	at jdk.compiler/com.sun.tools.javac.processing.JavacProcessingEnvironment$DiscoveredProcessors$ProcessorStateIterator.next(JavacProcessingEnvironment.java:826)
	at jdk.compiler/com.sun.tools.javac.processing.JavacProcessingEnvironment.discoverAndRunProcs(JavacProcessingEnvironment.java:922)
	at jdk.compiler/com.sun.tools.javac.processing.JavacProcessingEnvironment$Round.run(JavacProcessingEnvironment.java:1265)
	at jdk.compiler/com.sun.tools.javac.processing.JavacProcessingEnvironment.doProcessing(JavacProcessingEnvironment.java:1380)
	at jdk.compiler/com.sun.tools.javac.main.JavaCompiler.processAnnotations(JavaCompiler.java:1272)
	at jdk.compiler/com.sun.tools.javac.main.JavaCompiler.compile(JavaCompiler.java:946)
	at jdk.compiler/com.sun.tools.javac.main.Main.compile(Main.java:319)
	at jdk.compiler/com.sun.tools.javac.main.Main.compile(Main.java:178)
	at jdk.compiler/com.sun.tools.javac.Main.compile(Main.java:64)
	at jdk.compiler/com.sun.tools.javac.Main.main(Main.java:50).[0m
2026.03.09 20:45:58 WARN  javac: [options] system modules path not set in conjunction with -source 13[0m
2026.03.09 20:45:58 INFO  Note: Annotation processing is enabled because one or more processors were found[0m
2026.03.09 20:45:58 WARN  javac exited with exit code 3[0m
2026.03.09 20:45:58 INFO  time: compiled movie-service in 1.77s[0m
mars 09, 2026 8:46:28 PM org.eclipse.lsp4j.jsonrpc.RemoteEndpoint handleCancellation
AVERTISSEMENT: Unmatched cancel notification for request id 72
mars 09, 2026 8:46:30 PM org.eclipse.lsp4j.jsonrpc.RemoteEndpoint fallbackResponseError
GRAVE: Internal error: java.lang.IllegalAccessError: class lombok.javac.apt.LombokProcessor (in unnamed module @0x1218c3af) cannot access class com.sun.tools.javac.processing.JavacProcessingEnvironment (in module jdk.compiler) because module jdk.compiler does not export com.sun.tools.javac.processing to unnamed module @0x1218c3af
java.lang.RuntimeException: java.lang.IllegalAccessError: class lombok.javac.apt.LombokProcessor (in unnamed module @0x1218c3af) cannot access class com.sun.tools.javac.processing.JavacProcessingEnvironment (in module jdk.compiler) because module jdk.compiler does not export com.sun.tools.javac.processing to unnamed module @0x1218c3af
	at jdk.compiler/com.sun.tools.javac.api.JavacTaskImpl.invocationHelper(JavacTaskImpl.java:168)
	at jdk.compiler/com.sun.tools.javac.api.JavacTaskImpl.analyze(JavacTaskImpl.java:379)
	at scala.meta.internal.pc.JavaMetalsGlobal$.scanner(JavaMetalsGlobal.scala:340)
	at scala.meta.internal.pc.JavaHoverProvider.hoverOffset(JavaHoverProvider.scala:49)
	at scala.meta.internal.pc.JavaHoverProvider.hover(JavaHoverProvider.scala:37)
	at scala.meta.internal.pc.JavaPresentationCompiler.hover(JavaPresentationCompiler.scala:80)
	at scala.meta.internal.metals.Compilers.$anonfun$hover$1(Compilers.scala:1134)
	at scala.meta.internal.metals.Compilers.$anonfun$withPCAndAdjustLsp$12(Compilers.scala:1628)
	at scala.Option.map(Option.scala:242)
	at scala.meta.internal.metals.Compilers.$anonfun$withPCAndAdjustLsp$10(Compilers.scala:1628)
	at scala.Option.flatMap(Option.scala:283)
	at scala.meta.internal.metals.Compilers.withPCAndAdjustLsp(Compilers.scala:1610)
	at scala.meta.internal.metals.Compilers.hover(Compilers.scala:1129)
	at scala.meta.internal.metals.MetalsLspService.$anonfun$hover$1(MetalsLspService.scala:985)
	at scala.meta.internal.metals.CancelTokens$.future(CancelTokens.scala:38)
	at scala.meta.internal.metals.MetalsLspService.hover(MetalsLspService.scala:983)
	at scala.meta.internal.metals.WorkspaceLspService.hover(WorkspaceLspService.scala:524)
	at scala.meta.metals.lsp.DelegatingScalaService.hover(DelegatingScalaService.scala:78)
	at java.base/jdk.internal.reflect.DirectMethodHandleAccessor.invoke(DirectMethodHandleAccessor.java:103)
	at java.base/java.lang.reflect.Method.invoke(Method.java:580)
	at org.eclipse.lsp4j.jsonrpc.services.GenericEndpoint.lambda$recursiveFindRpcMethods$0(GenericEndpoint.java:65)
	at org.eclipse.lsp4j.jsonrpc.services.GenericEndpoint.request(GenericEndpoint.java:128)
	at org.eclipse.lsp4j.jsonrpc.RemoteEndpoint.handleRequest(RemoteEndpoint.java:265)
	at org.eclipse.lsp4j.jsonrpc.RemoteEndpoint.consume(RemoteEndpoint.java:195)
	at org.eclipse.lsp4j.jsonrpc.json.StreamMessageProducer.handleMessage(StreamMessageProducer.java:189)
	at org.eclipse.lsp4j.jsonrpc.json.StreamMessageProducer.listen(StreamMessageProducer.java:97)
	at org.eclipse.lsp4j.jsonrpc.json.ConcurrentMessageProcessor.run(ConcurrentMessageProcessor.java:97)
	at java.base/java.util.concurrent.Executors$RunnableAdapter.call(Executors.java:572)
	at java.base/java.util.concurrent.FutureTask.run(FutureTask.java:317)
	at java.base/java.util.concurrent.ThreadPoolExecutor.runWorker(ThreadPoolExecutor.java:1144)
	at java.base/java.util.concurrent.ThreadPoolExecutor$Worker.run(ThreadPoolExecutor.java:642)
	at java.base/java.lang.Thread.run(Thread.java:1583)
Caused by: java.lang.IllegalAccessError: class lombok.javac.apt.LombokProcessor (in unnamed module @0x1218c3af) cannot access class com.sun.tools.javac.processing.JavacProcessingEnvironment (in module jdk.compiler) because module jdk.compiler does not export com.sun.tools.javac.processing to unnamed module @0x1218c3af
	at lombok.javac.apt.LombokProcessor.getJavacProcessingEnvironment(LombokProcessor.java:419)
	at lombok.javac.apt.LombokProcessor.init(LombokProcessor.java:90)
	at lombok.core.AnnotationProcessor$JavacDescriptor.want(AnnotationProcessor.java:124)
	at lombok.core.AnnotationProcessor.init(AnnotationProcessor.java:177)
	at lombok.launch.AnnotationProcessorHider$AnnotationProcessor.init(AnnotationProcessor.java:73)
	at jdk.compiler/com.sun.tools.javac.processing.JavacProcessingEnvironment$ProcessorState.<init>(JavacProcessingEnvironment.java:699)
	at jdk.compiler/com.sun.tools.javac.processing.JavacProcessingEnvironment$DiscoveredProcessors$ProcessorStateIterator.next(JavacProcessingEnvironment.java:826)
	at jdk.compiler/com.sun.tools.javac.processing.JavacProcessingEnvironment.discoverAndRunProcs(JavacProcessingEnvironment.java:922)
	at jdk.compiler/com.sun.tools.javac.processing.JavacProcessingEnvironment$Round.run(JavacProcessingEnvironment.java:1265)
	at jdk.compiler/com.sun.tools.javac.processing.JavacProcessingEnvironment.doProcessing(JavacProcessingEnvironment.java:1380)
	at jdk.compiler/com.sun.tools.javac.main.JavaCompiler.processAnnotations(JavaCompiler.java:1272)
	at jdk.compiler/com.sun.tools.javac.main.JavaCompiler.processAnnotations(JavaCompiler.java:1171)
	at jdk.compiler/com.sun.tools.javac.api.JavacTaskImpl.enter(JavacTaskImpl.java:348)
	at jdk.compiler/com.sun.tools.javac.api.JavacTaskImpl.analyze(JavacTaskImpl.java:399)
	at jdk.compiler/com.sun.tools.javac.api.JavacTaskImpl.lambda$analyze$1(JavacTaskImpl.java:379)
	at jdk.compiler/com.sun.tools.javac.api.JavacTaskImpl.invocationHelper(JavacTaskImpl.java:152)
	... 31 more

mars 09, 2026 8:46:34 PM org.eclipse.lsp4j.jsonrpc.RemoteEndpoint fallbackResponseError
GRAVE: Internal error: java.lang.IllegalAccessError: class lombok.javac.apt.LombokProcessor (in unnamed module @0x35fe6cc1) cannot access class com.sun.tools.javac.processing.JavacProcessingEnvironment (in module jdk.compiler) because module jdk.compiler does not export com.sun.tools.javac.processing to unnamed module @0x35fe6cc1
java.lang.RuntimeException: java.lang.IllegalAccessError: class lombok.javac.apt.LombokProcessor (in unnamed module @0x35fe6cc1) cannot access class com.sun.tools.javac.processing.JavacProcessingEnvironment (in module jdk.compiler) because module jdk.compiler does not export com.sun.tools.javac.processing to unnamed module @0x35fe6cc1
	at jdk.compiler/com.sun.tools.javac.api.JavacTaskImpl.invocationHelper(JavacTaskImpl.java:168)
	at jdk.compiler/com.sun.tools.javac.api.JavacTaskImpl.analyze(JavacTaskImpl.java:379)
	at scala.meta.internal.pc.JavaMetalsGlobal$.scanner(JavaMetalsGlobal.scala:340)
	at scala.meta.internal.pc.JavaHoverProvider.hoverOffset(JavaHoverProvider.scala:49)
	at scala.meta.internal.pc.JavaHoverProvider.hover(JavaHoverProvider.scala:37)
	at scala.meta.internal.pc.JavaPresentationCompiler.hover(JavaPresentationCompiler.scala:80)
	at scala.meta.internal.metals.Compilers.$anonfun$hover$1(Compilers.scala:1134)
	at scala.meta.internal.metals.Compilers.$anonfun$withPCAndAdjustLsp$12(Compilers.scala:1628)
	at scala.Option.map(Option.scala:242)
	at scala.meta.internal.metals.Compilers.$anonfun$withPCAndAdjustLsp$10(Compilers.scala:1628)
	at scala.Option.flatMap(Option.scala:283)
	at scala.meta.internal.metals.Compilers.withPCAndAdjustLsp(Compilers.scala:1610)
	at scala.meta.internal.metals.Compilers.hover(Compilers.scala:1129)
	at scala.meta.internal.metals.MetalsLspService.$anonfun$hover$1(MetalsLspService.scala:985)
	at scala.meta.internal.metals.CancelTokens$.future(CancelTokens.scala:38)
	at scala.meta.internal.metals.MetalsLspService.hover(MetalsLspService.scala:983)
	at scala.meta.internal.metals.WorkspaceLspService.hover(WorkspaceLspService.scala:524)
	at scala.meta.metals.lsp.DelegatingScalaService.hover(DelegatingScalaService.scala:78)
	at java.base/jdk.internal.reflect.DirectMethodHandleAccessor.invoke(DirectMethodHandleAccessor.java:103)
	at java.base/java.lang.reflect.Method.invoke(Method.java:580)
	at org.eclipse.lsp4j.jsonrpc.services.GenericEndpoint.lambda$recursiveFindRpcMethods$0(GenericEndpoint.java:65)
	at org.eclipse.lsp4j.jsonrpc.services.GenericEndpoint.request(GenericEndpoint.java:128)
	at org.eclipse.lsp4j.jsonrpc.RemoteEndpoint.handleRequest(RemoteEndpoint.java:265)
	at org.eclipse.lsp4j.jsonrpc.RemoteEndpoint.consume(RemoteEndpoint.java:195)
	at org.eclipse.lsp4j.jsonrpc.json.StreamMessageProducer.handleMessage(StreamMessageProducer.java:189)
	at org.eclipse.lsp4j.jsonrpc.json.StreamMessageProducer.listen(StreamMessageProducer.java:97)
	at org.eclipse.lsp4j.jsonrpc.json.ConcurrentMessageProcessor.run(ConcurrentMessageProcessor.java:97)
	at java.base/java.util.concurrent.Executors$RunnableAdapter.call(Executors.java:572)
	at java.base/java.util.concurrent.FutureTask.run(FutureTask.java:317)
	at java.base/java.util.concurrent.ThreadPoolExecutor.runWorker(ThreadPoolExecutor.java:1144)
	at java.base/java.util.concurrent.ThreadPoolExecutor$Worker.run(ThreadPoolExecutor.java:642)
	at java.base/java.lang.Thread.run(Thread.java:1583)
Caused by: java.lang.IllegalAccessError: class lombok.javac.apt.LombokProcessor (in unnamed module @0x35fe6cc1) cannot access class com.sun.tools.javac.processing.JavacProcessingEnvironment (in module jdk.compiler) because module jdk.compiler does not export com.sun.tools.javac.processing to unnamed module @0x35fe6cc1
	at lombok.javac.apt.LombokProcessor.getJavacProcessingEnvironment(LombokProcessor.java:419)
	at lombok.javac.apt.LombokProcessor.init(LombokProcessor.java:90)
	at lombok.core.AnnotationProcessor$JavacDescriptor.want(AnnotationProcessor.java:124)
	at lombok.core.AnnotationProcessor.init(AnnotationProcessor.java:177)
	at lombok.launch.AnnotationProcessorHider$AnnotationProcessor.init(AnnotationProcessor.java:73)
	at jdk.compiler/com.sun.tools.javac.processing.JavacProcessingEnvironment$ProcessorState.<init>(JavacProcessingEnvironment.java:699)
	at jdk.compiler/com.sun.tools.javac.processing.JavacProcessingEnvironment$DiscoveredProcessors$ProcessorStateIterator.next(JavacProcessingEnvironment.java:826)
	at jdk.compiler/com.sun.tools.javac.processing.JavacProcessingEnvironment.discoverAndRunProcs(JavacProcessingEnvironment.java:922)
	at jdk.compiler/com.sun.tools.javac.processing.JavacProcessingEnvironment$Round.run(JavacProcessingEnvironment.java:1265)
	at jdk.compiler/com.sun.tools.javac.processing.JavacProcessingEnvironment.doProcessing(JavacProcessingEnvironment.java:1380)
	at jdk.compiler/com.sun.tools.javac.main.JavaCompiler.processAnnotations(JavaCompiler.java:1272)
	at jdk.compiler/com.sun.tools.javac.main.JavaCompiler.processAnnotations(JavaCompiler.java:1171)
	at jdk.compiler/com.sun.tools.javac.api.JavacTaskImpl.enter(JavacTaskImpl.java:348)
	at jdk.compiler/com.sun.tools.javac.api.JavacTaskImpl.analyze(JavacTaskImpl.java:399)
	at jdk.compiler/com.sun.tools.javac.api.JavacTaskImpl.lambda$analyze$1(JavacTaskImpl.java:379)
	at jdk.compiler/com.sun.tools.javac.api.JavacTaskImpl.invocationHelper(JavacTaskImpl.java:152)
	... 31 more

2026.03.09 20:47:58 INFO  compiling movie-service (15 java sources)[0m
2026.03.09 20:48:01 WARN  Unexpected javac output: warning: [options] system modules path not set in conjunction with -source 13
Note: Annotation processing is enabled because one or more processors were found
  on the class path. A future release of javac may disable annotation processing
  unless at least one processor is specified by name (-processor), or a search
  path is specified (--processor-path, --processor-module-path), or annotation
  processing is enabled explicitly (-proc:only, -proc:full).
  Use -Xlint:-options to suppress this message.
  Use -proc:none to disable annotation processing.
1 warning


An annotation processor threw an uncaught exception.
Consult the following stack trace for details.
java.lang.IllegalAccessError: class lombok.javac.apt.LombokProcessor (in unnamed module @0x413f69cc) cannot access class com.sun.tools.javac.processing.JavacProcessingEnvironment (in module jdk.compiler) because module jdk.compiler does not export com.sun.tools.javac.processing to unnamed module @0x413f69cc
	at lombok.javac.apt.LombokProcessor.getJavacProcessingEnvironment(LombokProcessor.java:419)
	at lombok.javac.apt.LombokProcessor.init(LombokProcessor.java:90)
	at lombok.core.AnnotationProcessor$JavacDescriptor.want(AnnotationProcessor.java:124)
	at lombok.core.AnnotationProcessor.init(AnnotationProcessor.java:177)
	at lombok.launch.AnnotationProcessorHider$AnnotationProcessor.init(AnnotationProcessor.java:73)
	at jdk.compiler/com.sun.tools.javac.processing.JavacProcessingEnvironment$ProcessorState.<init>(JavacProcessingEnvironment.java:699)
	at jdk.compiler/com.sun.tools.javac.processing.JavacProcessingEnvironment$DiscoveredProcessors$ProcessorStateIterator.next(JavacProcessingEnvironment.java:826)
	at jdk.compiler/com.sun.tools.javac.processing.JavacProcessingEnvironment.discoverAndRunProcs(JavacProcessingEnvironment.java:922)
	at jdk.compiler/com.sun.tools.javac.processing.JavacProcessingEnvironment$Round.run(JavacProcessingEnvironment.java:1265)
	at jdk.compiler/com.sun.tools.javac.processing.JavacProcessingEnvironment.doProcessing(JavacProcessingEnvironment.java:1380)
	at jdk.compiler/com.sun.tools.javac.main.JavaCompiler.processAnnotations(JavaCompiler.java:1272)
	at jdk.compiler/com.sun.tools.javac.main.JavaCompiler.compile(JavaCompiler.java:946)
	at jdk.compiler/com.sun.tools.javac.main.Main.compile(Main.java:319)
	at jdk.compiler/com.sun.tools.javac.main.Main.compile(Main.java:178)
	at jdk.compiler/com.sun.tools.javac.Main.compile(Main.java:64)
	at jdk.compiler/com.sun.tools.javac.Main.main(Main.java:50).[0m
2026.03.09 20:48:01 WARN  javac: [options] system modules path not set in conjunction with -source 13[0m
2026.03.09 20:48:01 INFO  Note: Annotation processing is enabled because one or more processors were found[0m
2026.03.09 20:48:01 WARN  javac exited with exit code 3[0m
2026.03.09 20:48:01 INFO  time: compiled movie-service in 3.05s[0m
mars 09, 2026 8:48:03 PM org.eclipse.lsp4j.jsonrpc.RemoteEndpoint fallbackResponseError
GRAVE: Internal error: java.lang.IllegalAccessError: class lombok.javac.apt.LombokProcessor (in unnamed module @0x2ffb39a9) cannot access class com.sun.tools.javac.processing.JavacProcessingEnvironment (in module jdk.compiler) because module jdk.compiler does not export com.sun.tools.javac.processing to unnamed module @0x2ffb39a9
java.lang.RuntimeException: java.lang.IllegalAccessError: class lombok.javac.apt.LombokProcessor (in unnamed module @0x2ffb39a9) cannot access class com.sun.tools.javac.processing.JavacProcessingEnvironment (in module jdk.compiler) because module jdk.compiler does not export com.sun.tools.javac.processing to unnamed module @0x2ffb39a9
	at jdk.compiler/com.sun.tools.javac.api.JavacTaskImpl.invocationHelper(JavacTaskImpl.java:168)
	at jdk.compiler/com.sun.tools.javac.api.JavacTaskImpl.analyze(JavacTaskImpl.java:379)
	at scala.meta.internal.pc.JavaMetalsGlobal$.scanner(JavaMetalsGlobal.scala:340)
	at scala.meta.internal.pc.JavaHoverProvider.hoverOffset(JavaHoverProvider.scala:49)
	at scala.meta.internal.pc.JavaHoverProvider.hover(JavaHoverProvider.scala:37)
	at scala.meta.internal.pc.JavaPresentationCompiler.hover(JavaPresentationCompiler.scala:80)
	at scala.meta.internal.metals.Compilers.$anonfun$hover$1(Compilers.scala:1134)
	at scala.meta.internal.metals.Compilers.$anonfun$withPCAndAdjustLsp$12(Compilers.scala:1628)
	at scala.Option.map(Option.scala:242)
	at scala.meta.internal.metals.Compilers.$anonfun$withPCAndAdjustLsp$10(Compilers.scala:1628)
	at scala.Option.flatMap(Option.scala:283)
	at scala.meta.internal.metals.Compilers.withPCAndAdjustLsp(Compilers.scala:1610)
	at scala.meta.internal.metals.Compilers.hover(Compilers.scala:1129)
	at scala.meta.internal.metals.MetalsLspService.$anonfun$hover$1(MetalsLspService.scala:985)
	at scala.meta.internal.metals.CancelTokens$.future(CancelTokens.scala:38)
	at scala.meta.internal.metals.MetalsLspService.hover(MetalsLspService.scala:983)
	at scala.meta.internal.metals.WorkspaceLspService.hover(WorkspaceLspService.scala:524)
	at scala.meta.metals.lsp.DelegatingScalaService.hover(DelegatingScalaService.scala:78)
	at java.base/jdk.internal.reflect.DirectMethodHandleAccessor.invoke(DirectMethodHandleAccessor.java:103)
	at java.base/java.lang.reflect.Method.invoke(Method.java:580)
	at org.eclipse.lsp4j.jsonrpc.services.GenericEndpoint.lambda$recursiveFindRpcMethods$0(GenericEndpoint.java:65)
	at org.eclipse.lsp4j.jsonrpc.services.GenericEndpoint.request(GenericEndpoint.java:128)
	at org.eclipse.lsp4j.jsonrpc.RemoteEndpoint.handleRequest(RemoteEndpoint.java:265)
	at org.eclipse.lsp4j.jsonrpc.RemoteEndpoint.consume(RemoteEndpoint.java:195)
	at org.eclipse.lsp4j.jsonrpc.json.StreamMessageProducer.handleMessage(StreamMessageProducer.java:189)
	at org.eclipse.lsp4j.jsonrpc.json.StreamMessageProducer.listen(StreamMessageProducer.java:97)
	at org.eclipse.lsp4j.jsonrpc.json.ConcurrentMessageProcessor.run(ConcurrentMessageProcessor.java:97)
	at java.base/java.util.concurrent.Executors$RunnableAdapter.call(Executors.java:572)
	at java.base/java.util.concurrent.FutureTask.run(FutureTask.java:317)
	at java.base/java.util.concurrent.ThreadPoolExecutor.runWorker(ThreadPoolExecutor.java:1144)
	at java.base/java.util.concurrent.ThreadPoolExecutor$Worker.run(ThreadPoolExecutor.java:642)
	at java.base/java.lang.Thread.run(Thread.java:1583)
Caused by: java.lang.IllegalAccessError: class lombok.javac.apt.LombokProcessor (in unnamed module @0x2ffb39a9) cannot access class com.sun.tools.javac.processing.JavacProcessingEnvironment (in module jdk.compiler) because module jdk.compiler does not export com.sun.tools.javac.processing to unnamed module @0x2ffb39a9
	at lombok.javac.apt.LombokProcessor.getJavacProcessingEnvironment(LombokProcessor.java:419)
	at lombok.javac.apt.LombokProcessor.init(LombokProcessor.java:90)
	at lombok.core.AnnotationProcessor$JavacDescriptor.want(AnnotationProcessor.java:124)
	at lombok.core.AnnotationProcessor.init(AnnotationProcessor.java:177)
	at lombok.launch.AnnotationProcessorHider$AnnotationProcessor.init(AnnotationProcessor.java:73)
	at jdk.compiler/com.sun.tools.javac.processing.JavacProcessingEnvironment$ProcessorState.<init>(JavacProcessingEnvironment.java:699)
	at jdk.compiler/com.sun.tools.javac.processing.JavacProcessingEnvironment$DiscoveredProcessors$ProcessorStateIterator.next(JavacProcessingEnvironment.java:826)
	at jdk.compiler/com.sun.tools.javac.processing.JavacProcessingEnvironment.discoverAndRunProcs(JavacProcessingEnvironment.java:922)
	at jdk.compiler/com.sun.tools.javac.processing.JavacProcessingEnvironment$Round.run(JavacProcessingEnvironment.java:1265)
	at jdk.compiler/com.sun.tools.javac.processing.JavacProcessingEnvironment.doProcessing(JavacProcessingEnvironment.java:1380)
	at jdk.compiler/com.sun.tools.javac.main.JavaCompiler.processAnnotations(JavaCompiler.java:1272)
	at jdk.compiler/com.sun.tools.javac.main.JavaCompiler.processAnnotations(JavaCompiler.java:1171)
	at jdk.compiler/com.sun.tools.javac.api.JavacTaskImpl.enter(JavacTaskImpl.java:348)
	at jdk.compiler/com.sun.tools.javac.api.JavacTaskImpl.analyze(JavacTaskImpl.java:399)
	at jdk.compiler/com.sun.tools.javac.api.JavacTaskImpl.lambda$analyze$1(JavacTaskImpl.java:379)
	at jdk.compiler/com.sun.tools.javac.api.JavacTaskImpl.invocationHelper(JavacTaskImpl.java:152)
	... 31 more

mars 09, 2026 8:48:03 PM org.eclipse.lsp4j.jsonrpc.RemoteEndpoint handleCancellation
AVERTISSEMENT: Unmatched cancel notification for request id 198
mars 09, 2026 8:48:03 PM org.eclipse.lsp4j.jsonrpc.RemoteEndpoint handleCancellation
AVERTISSEMENT: Unmatched cancel notification for request id 199
mars 09, 2026 8:48:21 PM org.eclipse.lsp4j.jsonrpc.RemoteEndpoint fallbackResponseError
GRAVE: Internal error: java.lang.IllegalAccessError: class lombok.javac.apt.LombokProcessor (in unnamed module @0x4febdb15) cannot access class com.sun.tools.javac.processing.JavacProcessingEnvironment (in module jdk.compiler) because module jdk.compiler does not export com.sun.tools.javac.processing to unnamed module @0x4febdb15
java.lang.RuntimeException: java.lang.IllegalAccessError: class lombok.javac.apt.LombokProcessor (in unnamed module @0x4febdb15) cannot access class com.sun.tools.javac.processing.JavacProcessingEnvironment (in module jdk.compiler) because module jdk.compiler does not export com.sun.tools.javac.processing to unnamed module @0x4febdb15
	at jdk.compiler/com.sun.tools.javac.api.JavacTaskImpl.invocationHelper(JavacTaskImpl.java:168)
	at jdk.compiler/com.sun.tools.javac.api.JavacTaskImpl.analyze(JavacTaskImpl.java:379)
	at scala.meta.internal.pc.JavaMetalsGlobal$.scanner(JavaMetalsGlobal.scala:340)
	at scala.meta.internal.pc.JavaHoverProvider.hoverOffset(JavaHoverProvider.scala:49)
	at scala.meta.internal.pc.JavaHoverProvider.hover(JavaHoverProvider.scala:37)
	at scala.meta.internal.pc.JavaPresentationCompiler.hover(JavaPresentationCompiler.scala:80)
	at scala.meta.internal.metals.Compilers.$anonfun$hover$1(Compilers.scala:1134)
	at scala.meta.internal.metals.Compilers.$anonfun$withPCAndAdjustLsp$12(Compilers.scala:1628)
	at scala.Option.map(Option.scala:242)
	at scala.meta.internal.metals.Compilers.$anonfun$withPCAndAdjustLsp$10(Compilers.scala:1628)
	at scala.Option.flatMap(Option.scala:283)
	at scala.meta.internal.metals.Compilers.withPCAndAdjustLsp(Compilers.scala:1610)
	at scala.meta.internal.metals.Compilers.hover(Compilers.scala:1129)
	at scala.meta.internal.metals.MetalsLspService.$anonfun$hover$1(MetalsLspService.scala:985)
	at scala.meta.internal.metals.CancelTokens$.future(CancelTokens.scala:38)
	at scala.meta.internal.metals.MetalsLspService.hover(MetalsLspService.scala:983)
	at scala.meta.internal.metals.WorkspaceLspService.hover(WorkspaceLspService.scala:524)
	at scala.meta.metals.lsp.DelegatingScalaService.hover(DelegatingScalaService.scala:78)
	at java.base/jdk.internal.reflect.DirectMethodHandleAccessor.invoke(DirectMethodHandleAccessor.java:103)
	at java.base/java.lang.reflect.Method.invoke(Method.java:580)
	at org.eclipse.lsp4j.jsonrpc.services.GenericEndpoint.lambda$recursiveFindRpcMethods$0(GenericEndpoint.java:65)
	at org.eclipse.lsp4j.jsonrpc.services.GenericEndpoint.request(GenericEndpoint.java:128)
	at org.eclipse.lsp4j.jsonrpc.RemoteEndpoint.handleRequest(RemoteEndpoint.java:265)
	at org.eclipse.lsp4j.jsonrpc.RemoteEndpoint.consume(RemoteEndpoint.java:195)
	at org.eclipse.lsp4j.jsonrpc.json.StreamMessageProducer.handleMessage(StreamMessageProducer.java:189)
	at org.eclipse.lsp4j.jsonrpc.json.StreamMessageProducer.listen(StreamMessageProducer.java:97)
	at org.eclipse.lsp4j.jsonrpc.json.ConcurrentMessageProcessor.run(ConcurrentMessageProcessor.java:97)
	at java.base/java.util.concurrent.Executors$RunnableAdapter.call(Executors.java:572)
	at java.base/java.util.concurrent.FutureTask.run(FutureTask.java:317)
	at java.base/java.util.concurrent.ThreadPoolExecutor.runWorker(ThreadPoolExecutor.java:1144)
	at java.base/java.util.concurrent.ThreadPoolExecutor$Worker.run(ThreadPoolExecutor.java:642)
	at java.base/java.lang.Thread.run(Thread.java:1583)
Caused by: java.lang.IllegalAccessError: class lombok.javac.apt.LombokProcessor (in unnamed module @0x4febdb15) cannot access class com.sun.tools.javac.processing.JavacProcessingEnvironment (in module jdk.compiler) because module jdk.compiler does not export com.sun.tools.javac.processing to unnamed module @0x4febdb15
	at lombok.javac.apt.LombokProcessor.getJavacProcessingEnvironment(LombokProcessor.java:419)
	at lombok.javac.apt.LombokProcessor.init(LombokProcessor.java:90)
	at lombok.core.AnnotationProcessor$JavacDescriptor.want(AnnotationProcessor.java:124)
	at lombok.core.AnnotationProcessor.init(AnnotationProcessor.java:177)
	at lombok.launch.AnnotationProcessorHider$AnnotationProcessor.init(AnnotationProcessor.java:73)
	at jdk.compiler/com.sun.tools.javac.processing.JavacProcessingEnvironment$ProcessorState.<init>(JavacProcessingEnvironment.java:699)
	at jdk.compiler/com.sun.tools.javac.processing.JavacProcessingEnvironment$DiscoveredProcessors$ProcessorStateIterator.next(JavacProcessingEnvironment.java:826)
	at jdk.compiler/com.sun.tools.javac.processing.JavacProcessingEnvironment.discoverAndRunProcs(JavacProcessingEnvironment.java:922)
	at jdk.compiler/com.sun.tools.javac.processing.JavacProcessingEnvironment$Round.run(JavacProcessingEnvironment.java:1265)
	at jdk.compiler/com.sun.tools.javac.processing.JavacProcessingEnvironment.doProcessing(JavacProcessingEnvironment.java:1380)
	at jdk.compiler/com.sun.tools.javac.main.JavaCompiler.processAnnotations(JavaCompiler.java:1272)
	at jdk.compiler/com.sun.tools.javac.main.JavaCompiler.processAnnotations(JavaCompiler.java:1171)
	at jdk.compiler/com.sun.tools.javac.api.JavacTaskImpl.enter(JavacTaskImpl.java:348)
	at jdk.compiler/com.sun.tools.javac.api.JavacTaskImpl.analyze(JavacTaskImpl.java:399)
	at jdk.compiler/com.sun.tools.javac.api.JavacTaskImpl.lambda$analyze$1(JavacTaskImpl.java:379)
	at jdk.compiler/com.sun.tools.javac.api.JavacTaskImpl.invocationHelper(JavacTaskImpl.java:152)
	... 31 more

mars 09, 2026 8:48:21 PM org.eclipse.lsp4j.jsonrpc.RemoteEndpoint handleCancellation
AVERTISSEMENT: Unmatched cancel notification for request id 204
mars 09, 2026 8:48:35 PM org.eclipse.lsp4j.jsonrpc.RemoteEndpoint fallbackResponseError
GRAVE: Internal error: java.lang.RuntimeException: java.lang.IllegalAccessError: class lombok.javac.apt.LombokProcessor (in unnamed module @0x2aae8762) cannot access class com.sun.tools.javac.processing.JavacProcessingEnvironment (in module jdk.compiler) because module jdk.compiler does not export com.sun.tools.javac.processing to unnamed module @0x2aae8762
java.util.concurrent.CompletionException: java.lang.RuntimeException: java.lang.IllegalAccessError: class lombok.javac.apt.LombokProcessor (in unnamed module @0x2aae8762) cannot access class com.sun.tools.javac.processing.JavacProcessingEnvironment (in module jdk.compiler) because module jdk.compiler does not export com.sun.tools.javac.processing to unnamed module @0x2aae8762
	at java.base/java.util.concurrent.CompletableFuture.encodeThrowable(CompletableFuture.java:332)
	at java.base/java.util.concurrent.CompletableFuture.completeThrowable(CompletableFuture.java:347)
	at java.base/java.util.concurrent.CompletableFuture$UniAccept.tryFire(CompletableFuture.java:708)
	at java.base/java.util.concurrent.CompletableFuture.postComplete(CompletableFuture.java:510)
	at java.base/java.util.concurrent.CompletableFuture.completeExceptionally(CompletableFuture.java:2194)
	at scala.meta.internal.metals.CancelTokens$.$anonfun$future$1(CancelTokens.scala:40)
	at scala.meta.internal.metals.CancelTokens$.$anonfun$future$1$adapted(CancelTokens.scala:38)
	at scala.concurrent.impl.Promise$Transformation.run(Promise.scala:517)
	at java.base/java.util.concurrent.ThreadPoolExecutor.runWorker(ThreadPoolExecutor.java:1144)
	at java.base/java.util.concurrent.ThreadPoolExecutor$Worker.run(ThreadPoolExecutor.java:642)
	at java.base/java.lang.Thread.run(Thread.java:1583)
Caused by: java.lang.RuntimeException: java.lang.IllegalAccessError: class lombok.javac.apt.LombokProcessor (in unnamed module @0x2aae8762) cannot access class com.sun.tools.javac.processing.JavacProcessingEnvironment (in module jdk.compiler) because module jdk.compiler does not export com.sun.tools.javac.processing to unnamed module @0x2aae8762
	at jdk.compiler/com.sun.tools.javac.api.JavacTaskImpl.invocationHelper(JavacTaskImpl.java:168)
	at jdk.compiler/com.sun.tools.javac.api.JavacTaskImpl.analyze(JavacTaskImpl.java:379)
	at scala.meta.internal.pc.JavaMetalsGlobal$.scanner(JavaMetalsGlobal.scala:340)
	at scala.meta.internal.pc.JavaDefinitionProvider.definitionImpl(JavaDefinitionProvider.scala:65)
	at scala.meta.internal.pc.JavaDefinitionProvider.definitionOffset(JavaDefinitionProvider.scala:53)
	at scala.meta.internal.pc.JavaDefinitionProvider.definition(JavaDefinitionProvider.scala:31)
	at scala.meta.internal.pc.JavaPresentationCompiler.definition(JavaPresentationCompiler.scala:98)
	at scala.meta.internal.metals.Compilers.$anonfun$definition$1(Compilers.scala:1230)
	at scala.meta.internal.metals.Compilers.$anonfun$withPCAndAdjustLsp$4(Compilers.scala:1543)
	at scala.Option.map(Option.scala:242)
	at scala.meta.internal.metals.Compilers.$anonfun$withPCAndAdjustLsp$3(Compilers.scala:1543)
	at scala.Option.flatMap(Option.scala:283)
	at scala.meta.internal.metals.Compilers.withPCAndAdjustLsp(Compilers.scala:1535)
	at scala.meta.internal.metals.Compilers.definition(Compilers.scala:1221)
	at scala.meta.internal.metals.Compilers.definition(Compilers.scala:1182)
	at scala.meta.internal.metals.DefinitionProvider.fromCompiler$1(DefinitionProvider.scala:97)
	at scala.meta.internal.metals.DefinitionProvider.$anonfun$definition$10(DefinitionProvider.scala:146)
	at scala.meta.internal.metals.DefinitionProvider.$anonfun$definition$15(DefinitionProvider.scala:153)
	at scala.concurrent.impl.Promise$Transformation.run(Promise.scala:503)
	... 3 more
Caused by: java.lang.IllegalAccessError: class lombok.javac.apt.LombokProcessor (in unnamed module @0x2aae8762) cannot access class com.sun.tools.javac.processing.JavacProcessingEnvironment (in module jdk.compiler) because module jdk.compiler does not export com.sun.tools.javac.processing to unnamed module @0x2aae8762
	at lombok.javac.apt.LombokProcessor.getJavacProcessingEnvironment(LombokProcessor.java:419)
	at lombok.javac.apt.LombokProcessor.init(LombokProcessor.java:90)
	at lombok.core.AnnotationProcessor$JavacDescriptor.want(AnnotationProcessor.java:124)
	at lombok.core.AnnotationProcessor.init(AnnotationProcessor.java:177)
	at lombok.launch.AnnotationProcessorHider$AnnotationProcessor.init(AnnotationProcessor.java:73)
	at jdk.compiler/com.sun.tools.javac.processing.JavacProcessingEnvironment$ProcessorState.<init>(JavacProcessingEnvironment.java:699)
	at jdk.compiler/com.sun.tools.javac.processing.JavacProcessingEnvironment$DiscoveredProcessors$ProcessorStateIterator.next(JavacProcessingEnvironment.java:826)
	at jdk.compiler/com.sun.tools.javac.processing.JavacProcessingEnvironment.discoverAndRunProcs(JavacProcessingEnvironment.java:922)
	at jdk.compiler/com.sun.tools.javac.processing.JavacProcessingEnvironment$Round.run(JavacProcessingEnvironment.java:1265)
	at jdk.compiler/com.sun.tools.javac.processing.JavacProcessingEnvironment.doProcessing(JavacProcessingEnvironment.java:1380)
	at jdk.compiler/com.sun.tools.javac.main.JavaCompiler.processAnnotations(JavaCompiler.java:1272)
	at jdk.compiler/com.sun.tools.javac.main.JavaCompiler.processAnnotations(JavaCompiler.java:1171)
	at jdk.compiler/com.sun.tools.javac.api.JavacTaskImpl.enter(JavacTaskImpl.java:348)
	at jdk.compiler/com.sun.tools.javac.api.JavacTaskImpl.analyze(JavacTaskImpl.java:399)
	at jdk.compiler/com.sun.tools.javac.api.JavacTaskImpl.lambda$analyze$1(JavacTaskImpl.java:379)
	at jdk.compiler/com.sun.tools.javac.api.JavacTaskImpl.invocationHelper(JavacTaskImpl.java:152)
	... 21 more

mars 09, 2026 8:48:35 PM org.eclipse.lsp4j.jsonrpc.RemoteEndpoint fallbackResponseError
GRAVE: Internal error: java.lang.RuntimeException: java.lang.IllegalAccessError: class lombok.javac.apt.LombokProcessor (in unnamed module @0x637becb4) cannot access class com.sun.tools.javac.processing.JavacProcessingEnvironment (in module jdk.compiler) because module jdk.compiler does not export com.sun.tools.javac.processing to unnamed module @0x637becb4
java.util.concurrent.CompletionException: java.lang.RuntimeException: java.lang.IllegalAccessError: class lombok.javac.apt.LombokProcessor (in unnamed module @0x637becb4) cannot access class com.sun.tools.javac.processing.JavacProcessingEnvironment (in module jdk.compiler) because module jdk.compiler does not export com.sun.tools.javac.processing to unnamed module @0x637becb4
	at java.base/java.util.concurrent.CompletableFuture.encodeThrowable(CompletableFuture.java:332)
	at java.base/java.util.concurrent.CompletableFuture.completeThrowable(CompletableFuture.java:347)
	at java.base/java.util.concurrent.CompletableFuture$UniAccept.tryFire(CompletableFuture.java:708)
	at java.base/java.util.concurrent.CompletableFuture.postComplete(CompletableFuture.java:510)
	at java.base/java.util.concurrent.CompletableFuture.completeExceptionally(CompletableFuture.java:2194)
	at scala.meta.internal.metals.CancelTokens$.$anonfun$future$1(CancelTokens.scala:40)
	at scala.meta.internal.metals.CancelTokens$.$anonfun$future$1$adapted(CancelTokens.scala:38)
	at scala.concurrent.impl.Promise$Transformation.run(Promise.scala:517)
	at java.base/java.util.concurrent.ThreadPoolExecutor.runWorker(ThreadPoolExecutor.java:1144)
	at java.base/java.util.concurrent.ThreadPoolExecutor$Worker.run(ThreadPoolExecutor.java:642)
	at java.base/java.lang.Thread.run(Thread.java:1583)
Caused by: java.lang.RuntimeException: java.lang.IllegalAccessError: class lombok.javac.apt.LombokProcessor (in unnamed module @0x637becb4) cannot access class com.sun.tools.javac.processing.JavacProcessingEnvironment (in module jdk.compiler) because module jdk.compiler does not export com.sun.tools.javac.processing to unnamed module @0x637becb4
	at jdk.compiler/com.sun.tools.javac.api.JavacTaskImpl.invocationHelper(JavacTaskImpl.java:168)
	at jdk.compiler/com.sun.tools.javac.api.JavacTaskImpl.analyze(JavacTaskImpl.java:379)
	at scala.meta.internal.pc.JavaMetalsGlobal$.scanner(JavaMetalsGlobal.scala:340)
	at scala.meta.internal.pc.JavaDefinitionProvider.definitionImpl(JavaDefinitionProvider.scala:65)
	at scala.meta.internal.pc.JavaDefinitionProvider.definitionOffset(JavaDefinitionProvider.scala:53)
	at scala.meta.internal.pc.JavaDefinitionProvider.definition(JavaDefinitionProvider.scala:31)
	at scala.meta.internal.pc.JavaPresentationCompiler.definition(JavaPresentationCompiler.scala:98)
	at scala.meta.internal.metals.Compilers.$anonfun$definition$1(Compilers.scala:1230)
	at scala.meta.internal.metals.Compilers.$anonfun$withPCAndAdjustLsp$4(Compilers.scala:1543)
	at scala.Option.map(Option.scala:242)
	at scala.meta.internal.metals.Compilers.$anonfun$withPCAndAdjustLsp$3(Compilers.scala:1543)
	at scala.Option.flatMap(Option.scala:283)
	at scala.meta.internal.metals.Compilers.withPCAndAdjustLsp(Compilers.scala:1535)
	at scala.meta.internal.metals.Compilers.definition(Compilers.scala:1221)
	at scala.meta.internal.metals.Compilers.definition(Compilers.scala:1182)
	at scala.meta.internal.metals.DefinitionProvider.fromCompiler$1(DefinitionProvider.scala:97)
	at scala.meta.internal.metals.DefinitionProvider.$anonfun$definition$10(DefinitionProvider.scala:146)
	at scala.meta.internal.metals.DefinitionProvider.$anonfun$definition$15(DefinitionProvider.scala:153)
	at scala.concurrent.impl.Promise$Transformation.run(Promise.scala:503)
	... 3 more
Caused by: java.lang.IllegalAccessError: class lombok.javac.apt.LombokProcessor (in unnamed module @0x637becb4) cannot access class com.sun.tools.javac.processing.JavacProcessingEnvironment (in module jdk.compiler) because module jdk.compiler does not export com.sun.tools.javac.processing to unnamed module @0x637becb4
	at lombok.javac.apt.LombokProcessor.getJavacProcessingEnvironment(LombokProcessor.java:419)
	at lombok.javac.apt.LombokProcessor.init(LombokProcessor.java:90)
	at lombok.core.AnnotationProcessor$JavacDescriptor.want(AnnotationProcessor.java:124)
	at lombok.core.AnnotationProcessor.init(AnnotationProcessor.java:177)
	at lombok.launch.AnnotationProcessorHider$AnnotationProcessor.init(AnnotationProcessor.java:73)
	at jdk.compiler/com.sun.tools.javac.processing.JavacProcessingEnvironment$ProcessorState.<init>(JavacProcessingEnvironment.java:699)
	at jdk.compiler/com.sun.tools.javac.processing.JavacProcessingEnvironment$DiscoveredProcessors$ProcessorStateIterator.next(JavacProcessingEnvironment.java:826)
	at jdk.compiler/com.sun.tools.javac.processing.JavacProcessingEnvironment.discoverAndRunProcs(JavacProcessingEnvironment.java:922)
	at jdk.compiler/com.sun.tools.javac.processing.JavacProcessingEnvironment$Round.run(JavacProcessingEnvironment.java:1265)
	at jdk.compiler/com.sun.tools.javac.processing.JavacProcessingEnvironment.doProcessing(JavacProcessingEnvironment.java:1380)
	at jdk.compiler/com.sun.tools.javac.main.JavaCompiler.processAnnotations(JavaCompiler.java:1272)
	at jdk.compiler/com.sun.tools.javac.main.JavaCompiler.processAnnotations(JavaCompiler.java:1171)
	at jdk.compiler/com.sun.tools.javac.api.JavacTaskImpl.enter(JavacTaskImpl.java:348)
	at jdk.compiler/com.sun.tools.javac.api.JavacTaskImpl.analyze(JavacTaskImpl.java:399)
	at jdk.compiler/com.sun.tools.javac.api.JavacTaskImpl.lambda$analyze$1(JavacTaskImpl.java:379)
	at jdk.compiler/com.sun.tools.javac.api.JavacTaskImpl.invocationHelper(JavacTaskImpl.java:152)
	... 21 more

2026.03.09 20:48:36 INFO  compiling movie-service (15 java sources)[0m
2026.03.09 20:48:39 WARN  Unexpected javac output: warning: [options] system modules path not set in conjunction with -source 13
Note: Annotation processing is enabled because one or more processors were found
  on the class path. A future release of javac may disable annotation processing
  unless at least one processor is specified by name (-processor), or a search
  path is specified (--processor-path, --processor-module-path), or annotation
  processing is enabled explicitly (-proc:only, -proc:full).
  Use -Xlint:-options to suppress this message.
  Use -proc:none to disable annotation processing.
1 warning


An annotation processor threw an uncaught exception.
Consult the following stack trace for details.
java.lang.IllegalAccessError: class lombok.javac.apt.LombokProcessor (in unnamed module @0x413f69cc) cannot access class com.sun.tools.javac.processing.JavacProcessingEnvironment (in module jdk.compiler) because module jdk.compiler does not export com.sun.tools.javac.processing to unnamed module @0x413f69cc
	at lombok.javac.apt.LombokProcessor.getJavacProcessingEnvironment(LombokProcessor.java:419)
	at lombok.javac.apt.LombokProcessor.init(LombokProcessor.java:90)
	at lombok.core.AnnotationProcessor$JavacDescriptor.want(AnnotationProcessor.java:124)
	at lombok.core.AnnotationProcessor.init(AnnotationProcessor.java:177)
	at lombok.launch.AnnotationProcessorHider$AnnotationProcessor.init(AnnotationProcessor.java:73)
	at jdk.compiler/com.sun.tools.javac.processing.JavacProcessingEnvironment$ProcessorState.<init>(JavacProcessingEnvironment.java:699)
	at jdk.compiler/com.sun.tools.javac.processing.JavacProcessingEnvironment$DiscoveredProcessors$ProcessorStateIterator.next(JavacProcessingEnvironment.java:826)
	at jdk.compiler/com.sun.tools.javac.processing.JavacProcessingEnvironment.discoverAndRunProcs(JavacProcessingEnvironment.java:922)
	at jdk.compiler/com.sun.tools.javac.processing.JavacProcessingEnvironment$Round.run(JavacProcessingEnvironment.java:1265)
	at jdk.compiler/com.sun.tools.javac.processing.JavacProcessingEnvironment.doProcessing(JavacProcessingEnvironment.java:1380)
	at jdk.compiler/com.sun.tools.javac.main.JavaCompiler.processAnnotations(JavaCompiler.java:1272)
	at jdk.compiler/com.sun.tools.javac.main.JavaCompiler.compile(JavaCompiler.java:946)
	at jdk.compiler/com.sun.tools.javac.main.Main.compile(Main.java:319)
	at jdk.compiler/com.sun.tools.javac.main.Main.compile(Main.java:178)
	at jdk.compiler/com.sun.tools.javac.Main.compile(Main.java:64)
	at jdk.compiler/com.sun.tools.javac.Main.main(Main.java:50).[0m
2026.03.09 20:48:39 WARN  javac: [options] system modules path not set in conjunction with -source 13[0m
2026.03.09 20:48:39 INFO  Note: Annotation processing is enabled because one or more processors were found[0m
2026.03.09 20:48:39 WARN  javac exited with exit code 3[0m
2026.03.09 20:48:39 INFO  time: compiled movie-service in 2.81s[0m
mars 09, 2026 8:49:06 PM org.eclipse.lsp4j.jsonrpc.RemoteEndpoint fallbackResponseError
GRAVE: Internal error: java.lang.IllegalAccessError: class lombok.javac.apt.LombokProcessor (in unnamed module @0x1674a4c4) cannot access class com.sun.tools.javac.processing.JavacProcessingEnvironment (in module jdk.compiler) because module jdk.compiler does not export com.sun.tools.javac.processing to unnamed module @0x1674a4c4
java.lang.RuntimeException: java.lang.IllegalAccessError: class lombok.javac.apt.LombokProcessor (in unnamed module @0x1674a4c4) cannot access class com.sun.tools.javac.processing.JavacProcessingEnvironment (in module jdk.compiler) because module jdk.compiler does not export com.sun.tools.javac.processing to unnamed module @0x1674a4c4
	at jdk.compiler/com.sun.tools.javac.api.JavacTaskImpl.invocationHelper(JavacTaskImpl.java:168)
	at jdk.compiler/com.sun.tools.javac.api.JavacTaskImpl.analyze(JavacTaskImpl.java:379)
	at scala.meta.internal.pc.JavaMetalsGlobal$.scanner(JavaMetalsGlobal.scala:340)
	at scala.meta.internal.pc.JavaDocumentHighlightProvider.documentHighlight(JavaDocumentHighlightProvider.scala:39)
	at scala.meta.internal.pc.JavaDocumentHighlightProvider.documentHighlight(JavaDocumentHighlightProvider.scala:25)
	at scala.meta.internal.pc.JavaPresentationCompiler.documentHighlight(JavaPresentationCompiler.scala:112)
	at scala.meta.internal.metals.Compilers.$anonfun$documentHighlight$1(Compilers.scala:908)
	at scala.meta.internal.metals.Compilers.$anonfun$withPCAndAdjustLsp$4(Compilers.scala:1543)
	at scala.Option.map(Option.scala:242)
	at scala.meta.internal.metals.Compilers.$anonfun$withPCAndAdjustLsp$3(Compilers.scala:1543)
	at scala.Option.flatMap(Option.scala:283)
	at scala.meta.internal.metals.Compilers.withPCAndAdjustLsp(Compilers.scala:1535)
	at scala.meta.internal.metals.Compilers.documentHighlight(Compilers.scala:903)
	at scala.meta.internal.metals.MetalsLspService.$anonfun$documentHighlights$1(MetalsLspService.scala:1019)
	at scala.meta.internal.metals.CancelTokens$.future(CancelTokens.scala:38)
	at scala.meta.internal.metals.MetalsLspService.documentHighlights(MetalsLspService.scala:1018)
	at scala.meta.internal.metals.WorkspaceLspService.documentHighlights(WorkspaceLspService.scala:541)
	at scala.meta.metals.lsp.DelegatingScalaService.documentHighlights(DelegatingScalaService.scala:83)
	at java.base/jdk.internal.reflect.DirectMethodHandleAccessor.invoke(DirectMethodHandleAccessor.java:103)
	at java.base/java.lang.reflect.Method.invoke(Method.java:580)
	at org.eclipse.lsp4j.jsonrpc.services.GenericEndpoint.lambda$recursiveFindRpcMethods$0(GenericEndpoint.java:65)
	at org.eclipse.lsp4j.jsonrpc.services.GenericEndpoint.request(GenericEndpoint.java:128)
	at org.eclipse.lsp4j.jsonrpc.RemoteEndpoint.handleRequest(RemoteEndpoint.java:265)
	at org.eclipse.lsp4j.jsonrpc.RemoteEndpoint.consume(RemoteEndpoint.java:195)
	at org.eclipse.lsp4j.jsonrpc.json.StreamMessageProducer.handleMessage(StreamMessageProducer.java:189)
	at org.eclipse.lsp4j.jsonrpc.json.StreamMessageProducer.listen(StreamMessageProducer.java:97)
	at org.eclipse.lsp4j.jsonrpc.json.ConcurrentMessageProcessor.run(ConcurrentMessageProcessor.java:97)
	at java.base/java.util.concurrent.Executors$RunnableAdapter.call(Executors.java:572)
	at java.base/java.util.concurrent.FutureTask.run(FutureTask.java:317)
	at java.base/java.util.concurrent.ThreadPoolExecutor.runWorker(ThreadPoolExecutor.java:1144)
	at java.base/java.util.concurrent.ThreadPoolExecutor$Worker.run(ThreadPoolExecutor.java:642)
	at java.base/java.lang.Thread.run(Thread.java:1583)
Caused by: java.lang.IllegalAccessError: class lombok.javac.apt.LombokProcessor (in unnamed module @0x1674a4c4) cannot access class com.sun.tools.javac.processing.JavacProcessingEnvironment (in module jdk.compiler) because module jdk.compiler does not export com.sun.tools.javac.processing to unnamed module @0x1674a4c4
	at lombok.javac.apt.LombokProcessor.getJavacProcessingEnvironment(LombokProcessor.java:419)
	at lombok.javac.apt.LombokProcessor.init(LombokProcessor.java:90)
	at lombok.core.AnnotationProcessor$JavacDescriptor.want(AnnotationProcessor.java:124)
	at lombok.core.AnnotationProcessor.init(AnnotationProcessor.java:177)
	at lombok.launch.AnnotationProcessorHider$AnnotationProcessor.init(AnnotationProcessor.java:73)
	at jdk.compiler/com.sun.tools.javac.processing.JavacProcessingEnvironment$ProcessorState.<init>(JavacProcessingEnvironment.java:699)
	at jdk.compiler/com.sun.tools.javac.processing.JavacProcessingEnvironment$DiscoveredProcessors$ProcessorStateIterator.next(JavacProcessingEnvironment.java:826)
	at jdk.compiler/com.sun.tools.javac.processing.JavacProcessingEnvironment.discoverAndRunProcs(JavacProcessingEnvironment.java:922)
	at jdk.compiler/com.sun.tools.javac.processing.JavacProcessingEnvironment$Round.run(JavacProcessingEnvironment.java:1265)
	at jdk.compiler/com.sun.tools.javac.processing.JavacProcessingEnvironment.doProcessing(JavacProcessingEnvironment.java:1380)
	at jdk.compiler/com.sun.tools.javac.main.JavaCompiler.processAnnotations(JavaCompiler.java:1272)
	at jdk.compiler/com.sun.tools.javac.main.JavaCompiler.processAnnotations(JavaCompiler.java:1171)
	at jdk.compiler/com.sun.tools.javac.api.JavacTaskImpl.enter(JavacTaskImpl.java:348)
	at jdk.compiler/com.sun.tools.javac.api.JavacTaskImpl.analyze(JavacTaskImpl.java:399)
	at jdk.compiler/com.sun.tools.javac.api.JavacTaskImpl.lambda$analyze$1(JavacTaskImpl.java:379)
	at jdk.compiler/com.sun.tools.javac.api.JavacTaskImpl.invocationHelper(JavacTaskImpl.java:152)
	... 31 more

mars 09, 2026 8:49:16 PM org.eclipse.lsp4j.jsonrpc.RemoteEndpoint fallbackResponseError
GRAVE: Internal error: java.lang.IllegalAccessError: class lombok.javac.apt.LombokProcessor (in unnamed module @0x6cea4119) cannot access class com.sun.tools.javac.processing.JavacProcessingEnvironment (in module jdk.compiler) because module jdk.compiler does not export com.sun.tools.javac.processing to unnamed module @0x6cea4119
java.lang.RuntimeException: java.lang.IllegalAccessError: class lombok.javac.apt.LombokProcessor (in unnamed module @0x6cea4119) cannot access class com.sun.tools.javac.processing.JavacProcessingEnvironment (in module jdk.compiler) because module jdk.compiler does not export com.sun.tools.javac.processing to unnamed module @0x6cea4119
	at jdk.compiler/com.sun.tools.javac.api.JavacTaskImpl.invocationHelper(JavacTaskImpl.java:168)
	at jdk.compiler/com.sun.tools.javac.api.JavacTaskImpl.analyze(JavacTaskImpl.java:379)
	at scala.meta.internal.pc.JavaMetalsGlobal$.scanner(JavaMetalsGlobal.scala:340)
	at scala.meta.internal.pc.JavaHoverProvider.hoverOffset(JavaHoverProvider.scala:49)
	at scala.meta.internal.pc.JavaHoverProvider.hover(JavaHoverProvider.scala:37)
	at scala.meta.internal.pc.JavaPresentationCompiler.hover(JavaPresentationCompiler.scala:80)
	at scala.meta.internal.metals.Compilers.$anonfun$hover$1(Compilers.scala:1134)
	at scala.meta.internal.metals.Compilers.$anonfun$withPCAndAdjustLsp$12(Compilers.scala:1628)
	at scala.Option.map(Option.scala:242)
	at scala.meta.internal.metals.Compilers.$anonfun$withPCAndAdjustLsp$10(Compilers.scala:1628)
	at scala.Option.flatMap(Option.scala:283)
	at scala.meta.internal.metals.Compilers.withPCAndAdjustLsp(Compilers.scala:1610)
	at scala.meta.internal.metals.Compilers.hover(Compilers.scala:1129)
	at scala.meta.internal.metals.MetalsLspService.$anonfun$hover$1(MetalsLspService.scala:985)
	at scala.meta.internal.metals.CancelTokens$.future(CancelTokens.scala:38)
	at scala.meta.internal.metals.MetalsLspService.hover(MetalsLspService.scala:983)
	at scala.meta.internal.metals.WorkspaceLspService.hover(WorkspaceLspService.scala:524)
	at scala.meta.metals.lsp.DelegatingScalaService.hover(DelegatingScalaService.scala:78)
	at java.base/jdk.internal.reflect.DirectMethodHandleAccessor.invoke(DirectMethodHandleAccessor.java:103)
	at java.base/java.lang.reflect.Method.invoke(Method.java:580)
	at org.eclipse.lsp4j.jsonrpc.services.GenericEndpoint.lambda$recursiveFindRpcMethods$0(GenericEndpoint.java:65)
	at org.eclipse.lsp4j.jsonrpc.services.GenericEndpoint.request(GenericEndpoint.java:128)
	at org.eclipse.lsp4j.jsonrpc.RemoteEndpoint.handleRequest(RemoteEndpoint.java:265)
	at org.eclipse.lsp4j.jsonrpc.RemoteEndpoint.consume(RemoteEndpoint.java:195)
	at org.eclipse.lsp4j.jsonrpc.json.StreamMessageProducer.handleMessage(StreamMessageProducer.java:189)
	at org.eclipse.lsp4j.jsonrpc.json.StreamMessageProducer.listen(StreamMessageProducer.java:97)
	at org.eclipse.lsp4j.jsonrpc.json.ConcurrentMessageProcessor.run(ConcurrentMessageProcessor.java:97)
	at java.base/java.util.concurrent.Executors$RunnableAdapter.call(Executors.java:572)
	at java.base/java.util.concurrent.FutureTask.run(FutureTask.java:317)
	at java.base/java.util.concurrent.ThreadPoolExecutor.runWorker(ThreadPoolExecutor.java:1144)
	at java.base/java.util.concurrent.ThreadPoolExecutor$Worker.run(ThreadPoolExecutor.java:642)
	at java.base/java.lang.Thread.run(Thread.java:1583)
Caused by: java.lang.IllegalAccessError: class lombok.javac.apt.LombokProcessor (in unnamed module @0x6cea4119) cannot access class com.sun.tools.javac.processing.JavacProcessingEnvironment (in module jdk.compiler) because module jdk.compiler does not export com.sun.tools.javac.processing to unnamed module @0x6cea4119
	at lombok.javac.apt.LombokProcessor.getJavacProcessingEnvironment(LombokProcessor.java:419)
	at lombok.javac.apt.LombokProcessor.init(LombokProcessor.java:90)
	at lombok.core.AnnotationProcessor$JavacDescriptor.want(AnnotationProcessor.java:124)
	at lombok.core.AnnotationProcessor.init(AnnotationProcessor.java:177)
	at lombok.launch.AnnotationProcessorHider$AnnotationProcessor.init(AnnotationProcessor.java:73)
	at jdk.compiler/com.sun.tools.javac.processing.JavacProcessingEnvironment$ProcessorState.<init>(JavacProcessingEnvironment.java:699)
	at jdk.compiler/com.sun.tools.javac.processing.JavacProcessingEnvironment$DiscoveredProcessors$ProcessorStateIterator.next(JavacProcessingEnvironment.java:826)
	at jdk.compiler/com.sun.tools.javac.processing.JavacProcessingEnvironment.discoverAndRunProcs(JavacProcessingEnvironment.java:922)
	at jdk.compiler/com.sun.tools.javac.processing.JavacProcessingEnvironment$Round.run(JavacProcessingEnvironment.java:1265)
	at jdk.compiler/com.sun.tools.javac.processing.JavacProcessingEnvironment.doProcessing(JavacProcessingEnvironment.java:1380)
	at jdk.compiler/com.sun.tools.javac.main.JavaCompiler.processAnnotations(JavaCompiler.java:1272)
	at jdk.compiler/com.sun.tools.javac.main.JavaCompiler.processAnnotations(JavaCompiler.java:1171)
	at jdk.compiler/com.sun.tools.javac.api.JavacTaskImpl.enter(JavacTaskImpl.java:348)
	at jdk.compiler/com.sun.tools.javac.api.JavacTaskImpl.analyze(JavacTaskImpl.java:399)
	at jdk.compiler/com.sun.tools.javac.api.JavacTaskImpl.lambda$analyze$1(JavacTaskImpl.java:379)
	at jdk.compiler/com.sun.tools.javac.api.JavacTaskImpl.invocationHelper(JavacTaskImpl.java:152)
	... 31 more

mars 09, 2026 8:49:16 PM org.eclipse.lsp4j.jsonrpc.RemoteEndpoint handleCancellation
AVERTISSEMENT: Unmatched cancel notification for request id 256
mars 09, 2026 8:49:25 PM org.eclipse.lsp4j.jsonrpc.RemoteEndpoint fallbackResponseError
GRAVE: Internal error: java.lang.IllegalAccessError: class lombok.javac.apt.LombokProcessor (in unnamed module @0x2f5a64a0) cannot access class com.sun.tools.javac.processing.JavacProcessingEnvironment (in module jdk.compiler) because module jdk.compiler does not export com.sun.tools.javac.processing to unnamed module @0x2f5a64a0
java.lang.RuntimeException: java.lang.IllegalAccessError: class lombok.javac.apt.LombokProcessor (in unnamed module @0x2f5a64a0) cannot access class com.sun.tools.javac.processing.JavacProcessingEnvironment (in module jdk.compiler) because module jdk.compiler does not export com.sun.tools.javac.processing to unnamed module @0x2f5a64a0
	at jdk.compiler/com.sun.tools.javac.api.JavacTaskImpl.invocationHelper(JavacTaskImpl.java:168)
	at jdk.compiler/com.sun.tools.javac.api.JavacTaskImpl.analyze(JavacTaskImpl.java:379)
	at scala.meta.internal.pc.JavaMetalsGlobal$.scanner(JavaMetalsGlobal.scala:340)
	at scala.meta.internal.pc.JavaDocumentHighlightProvider.documentHighlight(JavaDocumentHighlightProvider.scala:39)
	at scala.meta.internal.pc.JavaDocumentHighlightProvider.documentHighlight(JavaDocumentHighlightProvider.scala:25)
	at scala.meta.internal.pc.JavaPresentationCompiler.documentHighlight(JavaPresentationCompiler.scala:112)
	at scala.meta.internal.metals.Compilers.$anonfun$documentHighlight$1(Compilers.scala:908)
	at scala.meta.internal.metals.Compilers.$anonfun$withPCAndAdjustLsp$4(Compilers.scala:1543)
	at scala.Option.map(Option.scala:242)
	at scala.meta.internal.metals.Compilers.$anonfun$withPCAndAdjustLsp$3(Compilers.scala:1543)
	at scala.Option.flatMap(Option.scala:283)
	at scala.meta.internal.metals.Compilers.withPCAndAdjustLsp(Compilers.scala:1535)
	at scala.meta.internal.metals.Compilers.documentHighlight(Compilers.scala:903)
	at scala.meta.internal.metals.MetalsLspService.$anonfun$documentHighlights$1(MetalsLspService.scala:1019)
	at scala.meta.internal.metals.CancelTokens$.future(CancelTokens.scala:38)
	at scala.meta.internal.metals.MetalsLspService.documentHighlights(MetalsLspService.scala:1018)
	at scala.meta.internal.metals.WorkspaceLspService.documentHighlights(WorkspaceLspService.scala:541)
	at scala.meta.metals.lsp.DelegatingScalaService.documentHighlights(DelegatingScalaService.scala:83)
	at java.base/jdk.internal.reflect.DirectMethodHandleAccessor.invoke(DirectMethodHandleAccessor.java:103)
	at java.base/java.lang.reflect.Method.invoke(Method.java:580)
	at org.eclipse.lsp4j.jsonrpc.services.GenericEndpoint.lambda$recursiveFindRpcMethods$0(GenericEndpoint.java:65)
	at org.eclipse.lsp4j.jsonrpc.services.GenericEndpoint.request(GenericEndpoint.java:128)
	at org.eclipse.lsp4j.jsonrpc.RemoteEndpoint.handleRequest(RemoteEndpoint.java:265)
	at org.eclipse.lsp4j.jsonrpc.RemoteEndpoint.consume(RemoteEndpoint.java:195)
	at org.eclipse.lsp4j.jsonrpc.json.StreamMessageProducer.handleMessage(StreamMessageProducer.java:189)
	at org.eclipse.lsp4j.jsonrpc.json.StreamMessageProducer.listen(StreamMessageProducer.java:97)
	at org.eclipse.lsp4j.jsonrpc.json.ConcurrentMessageProcessor.run(ConcurrentMessageProcessor.java:97)
	at java.base/java.util.concurrent.Executors$RunnableAdapter.call(Executors.java:572)
	at java.base/java.util.concurrent.FutureTask.run(FutureTask.java:317)
	at java.base/java.util.concurrent.ThreadPoolExecutor.runWorker(ThreadPoolExecutor.java:1144)
	at java.base/java.util.concurrent.ThreadPoolExecutor$Worker.run(ThreadPoolExecutor.java:642)
	at java.base/java.lang.Thread.run(Thread.java:1583)
Caused by: java.lang.IllegalAccessError: class lombok.javac.apt.LombokProcessor (in unnamed module @0x2f5a64a0) cannot access class com.sun.tools.javac.processing.JavacProcessingEnvironment (in module jdk.compiler) because module jdk.compiler does not export com.sun.tools.javac.processing to unnamed module @0x2f5a64a0
	at lombok.javac.apt.LombokProcessor.getJavacProcessingEnvironment(LombokProcessor.java:419)
	at lombok.javac.apt.LombokProcessor.init(LombokProcessor.java:90)
	at lombok.core.AnnotationProcessor$JavacDescriptor.want(AnnotationProcessor.java:124)
	at lombok.core.AnnotationProcessor.init(AnnotationProcessor.java:177)
	at lombok.launch.AnnotationProcessorHider$AnnotationProcessor.init(AnnotationProcessor.java:73)
	at jdk.compiler/com.sun.tools.javac.processing.JavacProcessingEnvironment$ProcessorState.<init>(JavacProcessingEnvironment.java:699)
	at jdk.compiler/com.sun.tools.javac.processing.JavacProcessingEnvironment$DiscoveredProcessors$ProcessorStateIterator.next(JavacProcessingEnvironment.java:826)
	at jdk.compiler/com.sun.tools.javac.processing.JavacProcessingEnvironment.discoverAndRunProcs(JavacProcessingEnvironment.java:922)
	at jdk.compiler/com.sun.tools.javac.processing.JavacProcessingEnvironment$Round.run(JavacProcessingEnvironment.java:1265)
	at jdk.compiler/com.sun.tools.javac.processing.JavacProcessingEnvironment.doProcessing(JavacProcessingEnvironment.java:1380)
	at jdk.compiler/com.sun.tools.javac.main.JavaCompiler.processAnnotations(JavaCompiler.java:1272)
	at jdk.compiler/com.sun.tools.javac.main.JavaCompiler.processAnnotations(JavaCompiler.java:1171)
	at jdk.compiler/com.sun.tools.javac.api.JavacTaskImpl.enter(JavacTaskImpl.java:348)
	at jdk.compiler/com.sun.tools.javac.api.JavacTaskImpl.analyze(JavacTaskImpl.java:399)
	at jdk.compiler/com.sun.tools.javac.api.JavacTaskImpl.lambda$analyze$1(JavacTaskImpl.java:379)
	at jdk.compiler/com.sun.tools.javac.api.JavacTaskImpl.invocationHelper(JavacTaskImpl.java:152)
	... 31 more

mars 09, 2026 8:49:30 PM org.eclipse.lsp4j.jsonrpc.services.GenericEndpoint notify
INFOS: Unsupported notification method: $/setTrace
2026.03.09 20:49:31 INFO  running 'C:\Program Files\Eclipse Adoptium\jdk-21.0.3.9-hotspot\bin\java.exe -Dfile.encoding=UTF-8 -Dmaven.multiModuleProjectDirectory=C:\Users\neoat\repos\movie-service-bugfix -Dmaven.home=C:\Users\neoat\AppData\Local\Temp\metals9738895600282409032 -cp C:\Users\neoat\AppData\Local\Temp\metals9738895600282409032\maven-wrapper.jar org.apache.maven.wrapper.MavenWrapperMain generate-sources ch.epfl.scala:bloop-maven-plugin:2.0.3:bloopInstall -DdownloadSources=true'[0m
mars 09, 2026 8:49:34 PM org.eclipse.lsp4j.jsonrpc.services.GenericEndpoint notify
INFOS: Unsupported notification method: $/setTrace
2026.03.09 20:49:35 INFO  [INFO] Scanning for projects...[0m
2026.03.09 20:49:35 INFO  [INFO] [0m
2026.03.09 20:49:35 INFO  [INFO] ---------------------< com.example:movie-service >----------------------[0m
2026.03.09 20:49:35 INFO  [INFO] Building movie-service 0.0.1-SNAPSHOT[0m
2026.03.09 20:49:35 INFO  [INFO]   from pom.xml[0m
2026.03.09 20:49:35 INFO  [INFO] --------------------------------[ jar ]---------------------------------[0m
2026.03.09 20:49:36 INFO  [WARNING] 1 problem was encountered while building the effective model for org.javassist:javassist:jar:3.21.0-GA during dependency collection step for project (use -X to see details)[0m
2026.03.09 20:49:36 INFO  [INFO] [0m
2026.03.09 20:49:36 INFO  [INFO] --- bloop:2.0.3:bloopInstall (default-cli) @ movie-service ---[0m
mars 09, 2026 8:49:37 PM org.eclipse.lsp4j.jsonrpc.services.GenericEndpoint notify
INFOS: Unsupported notification method: $/setTrace
2026.03.09 20:49:38 INFO  [ERROR] org.scala-lang:scala([0-9]?)-library is missing from project dependencies[0m
2026.03.09 20:49:38 INFO  [ERROR] org.scala-lang:scala([0-9]?)-library is missing from project dependencies[0m
2026.03.09 20:49:38 INFO  [INFO] Resolving artifact: org.springframework:spring-webmvc:jar:5.2.2.RELEASE:compile (sources = false)[0m
2026.03.09 20:49:38 INFO  [INFO] SUCCESS: org.springframework:spring-webmvc:jar:5.2.2.RELEASE:compile (sources = false)[0m
2026.03.09 20:49:38 INFO  [INFO] Resolving artifact: org.springframework:spring-webmvc:jar:5.2.2.RELEASE:compile (sources = true)[0m
2026.03.09 20:49:38 INFO  [INFO] SUCCESS: org.springframework:spring-webmvc:jar:5.2.2.RELEASE:compile (sources = true)[0m
2026.03.09 20:49:38 INFO  [INFO] Resolving artifact: org.skyscreamer:jsonassert:jar:1.5.0:test (sources = false)[0m
2026.03.09 20:49:38 INFO  [INFO] SUCCESS: org.skyscreamer:jsonassert:jar:1.5.0:test (sources = false)[0m
2026.03.09 20:49:38 INFO  [INFO] Resolving artifact: org.skyscreamer:jsonassert:jar:1.5.0:test (sources = true)[0m
2026.03.09 20:49:38 INFO  [INFO] SUCCESS: org.skyscreamer:jsonassert:jar:1.5.0:test (sources = true)[0m
2026.03.09 20:49:38 INFO  [INFO] Resolving artifact: org.springframework.boot:spring-boot-starter:jar:2.2.2.RELEASE:compile (sources = false)[0m
2026.03.09 20:49:38 INFO  [INFO] SUCCESS: org.springframework.boot:spring-boot-starter:jar:2.2.2.RELEASE:compile (sources = false)[0m
2026.03.09 20:49:38 INFO  [INFO] Resolving artifact: org.springframework.boot:spring-boot-starter:jar:2.2.2.RELEASE:compile (sources = true)[0m
2026.03.09 20:49:38 INFO  [INFO] SUCCESS: org.springframework.boot:spring-boot-starter:jar:2.2.2.RELEASE:compile (sources = true)[0m
2026.03.09 20:49:38 INFO  [INFO] Resolving artifact: org.springframework:spring-orm:jar:5.2.2.RELEASE:compile (sources = false)[0m
2026.03.09 20:49:38 INFO  [INFO] SUCCESS: org.springframework:spring-orm:jar:5.2.2.RELEASE:compile (sources = false)[0m
2026.03.09 20:49:38 INFO  [INFO] Resolving artifact: org.springframework:spring-orm:jar:5.2.2.RELEASE:compile (sources = true)[0m
2026.03.09 20:49:38 INFO  [INFO] SUCCESS: org.springframework:spring-orm:jar:5.2.2.RELEASE:compile (sources = true)[0m
2026.03.09 20:49:38 INFO  [INFO] Resolving artifact: org.springframework.boot:spring-boot-starter-tomcat:jar:2.2.2.RELEASE:compile (sources = false)[0m
2026.03.09 20:49:38 INFO  [INFO] SUCCESS: org.springframework.boot:spring-boot-starter-tomcat:jar:2.2.2.RELEASE:compile (sources = false)[0m
2026.03.09 20:49:38 INFO  [INFO] Resolving artifact: org.springframework.boot:spring-boot-starter-tomcat:jar:2.2.2.RELEASE:compile (sources = true)[0m
2026.03.09 20:49:38 INFO  [INFO] SUCCESS: org.springframework.boot:spring-boot-starter-tomcat:jar:2.2.2.RELEASE:compile (sources = true)[0m
2026.03.09 20:49:38 INFO  [INFO] Resolving artifact: org.opentest4j:opentest4j:jar:1.2.0:test (sources = false)[0m
2026.03.09 20:49:38 INFO  [INFO] SUCCESS: org.opentest4j:opentest4j:jar:1.2.0:test (sources = false)[0m
2026.03.09 20:49:38 INFO  [INFO] Resolving artifact: org.opentest4j:opentest4j:jar:1.2.0:test (sources = true)[0m
2026.03.09 20:49:38 INFO  [INFO] SUCCESS: org.opentest4j:opentest4j:jar:1.2.0:test (sources = true)[0m
2026.03.09 20:49:38 INFO  [INFO] Resolving artifact: jakarta.persistence:jakarta.persistence-api:jar:2.2.3:compile (sources = false)[0m
2026.03.09 20:49:38 INFO  [INFO] SUCCESS: jakarta.persistence:jakarta.persistence-api:jar:2.2.3:compile (sources = false)[0m
2026.03.09 20:49:38 INFO  [INFO] Resolving artifact: jakarta.persistence:jakarta.persistence-api:jar:2.2.3:compile (sources = true)[0m
2026.03.09 20:49:38 INFO  [INFO] SUCCESS: jakarta.persistence:jakarta.persistence-api:jar:2.2.3:compile (sources = true)[0m
2026.03.09 20:49:38 INFO  [INFO] Resolving artifact: org.objenesis:objenesis:jar:2.6:test (sources = false)[0m
2026.03.09 20:49:38 INFO  [INFO] SUCCESS: org.objenesis:objenesis:jar:2.6:test (sources = false)[0m
2026.03.09 20:49:38 INFO  [INFO] Resolving artifact: org.objenesis:objenesis:jar:2.6:test (sources = true)[0m
2026.03.09 20:49:38 INFO  [INFO] SUCCESS: org.objenesis:objenesis:jar:2.6:test (sources = true)[0m
2026.03.09 20:49:38 INFO  [INFO] Resolving artifact: org.hdrhistogram:HdrHistogram:jar:2.1.11:compile (sources = false)[0m
2026.03.09 20:49:38 INFO  [INFO] SUCCESS: org.hdrhistogram:HdrHistogram:jar:2.1.11:compile (sources = false)[0m
2026.03.09 20:49:38 INFO  [INFO] Resolving artifact: org.hdrhistogram:HdrHistogram:jar:2.1.11:compile (sources = true)[0m
2026.03.09 20:49:38 INFO  Downloading from central: https://repo.maven.apache.org/maven2/org/hdrhistogram/HdrHistogram/2.1.11/HdrHistogram-2.1.11-sources.jar[0m
2026.03.09 20:49:39 INFO  Progress (1): 0.9/119 kB[0m
2026.03.09 20:49:39 INFO  Progress (1): 2.3/119 kB[0m
2026.03.09 20:49:39 INFO  Progress (1): 3.6/119 kB[0m
2026.03.09 20:49:39 INFO  Progress (1): 5.0/119 kB[0m
2026.03.09 20:49:39 INFO  Progress (1): 6.4/119 kB[0m
2026.03.09 20:49:39 INFO  Progress (1): 7.7/119 kB[0m
2026.03.09 20:49:39 INFO  Progress (1): 9.1/119 kB[0m
2026.03.09 20:49:39 INFO  Progress (1): 10/119 kB [0m
2026.03.09 20:49:39 INFO  Progress (1): 12/119 kB[0m
2026.03.09 20:49:39 INFO  Progress (1): 13/119 kB[0m
2026.03.09 20:49:39 INFO  Progress (1): 15/119 kB[0m
2026.03.09 20:49:39 INFO  Progress (1): 16/119 kB[0m
2026.03.09 20:49:39 INFO  Progress (1): 17/119 kB[0m
2026.03.09 20:49:39 INFO  Progress (1): 19/119 kB[0m
2026.03.09 20:49:39 INFO  Progress (1): 20/119 kB[0m
2026.03.09 20:49:39 INFO  Progress (1): 21/119 kB[0m
2026.03.09 20:49:39 INFO  Progress (1): 23/119 kB[0m
2026.03.09 20:49:39 INFO  Progress (1): 24/119 kB[0m
2026.03.09 20:49:39 INFO  Progress (1): 25/119 kB[0m
2026.03.09 20:49:39 INFO  Progress (1): 26/119 kB[0m
2026.03.09 20:49:39 INFO  Progress (1): 27/119 kB[0m
2026.03.09 20:49:39 INFO  Progress (1): 29/119 kB[0m
2026.03.09 20:49:39 INFO  Progress (1): 30/119 kB[0m
2026.03.09 20:49:39 INFO  Progress (1): 31/119 kB[0m
2026.03.09 20:49:39 INFO  Progress (1): 33/119 kB[0m
2026.03.09 20:49:39 INFO  Progress (1): 34/119 kB[0m
2026.03.09 20:49:39 INFO  Progress (1): 36/119 kB[0m
2026.03.09 20:49:39 INFO  Progress (1): 37/119 kB[0m
2026.03.09 20:49:39 INFO  Progress (1): 38/119 kB[0m
2026.03.09 20:49:39 INFO  Progress (1): 40/119 kB[0m
2026.03.09 20:49:39 INFO  Progress (1): 41/119 kB[0m
2026.03.09 20:49:39 INFO  Progress (1): 42/119 kB[0m
2026.03.09 20:49:39 INFO  Progress (1): 44/119 kB[0m
2026.03.09 20:49:39 INFO  Progress (1): 45/119 kB[0m
2026.03.09 20:49:39 INFO  Progress (1): 46/119 kB[0m
2026.03.09 20:49:39 INFO  Progress (1): 48/119 kB[0m
2026.03.09 20:49:39 INFO  Progress (1): 49/119 kB[0m
2026.03.09 20:49:39 INFO  Progress (1): 51/119 kB[0m
2026.03.09 20:49:39 INFO  Progress (1): 52/119 kB[0m
2026.03.09 20:49:39 INFO  Progress (1): 53/119 kB[0m
2026.03.09 20:49:39 INFO  Progress (1): 55/119 kB[0m
2026.03.09 20:49:39 INFO  Progress (1): 59/119 kB[0m
2026.03.09 20:49:39 INFO  Progress (1): 63/119 kB[0m
2026.03.09 20:49:39 INFO  Progress (1): 67/119 kB[0m
2026.03.09 20:49:39 INFO  Progress (1): 72/119 kB[0m
2026.03.09 20:49:39 INFO  Progress (1): 76/119 kB[0m
2026.03.09 20:49:39 INFO  Progress (1): 80/119 kB[0m
2026.03.09 20:49:39 INFO  Progress (1): 84/119 kB[0m
2026.03.09 20:49:39 INFO  Progress (1): 89/119 kB[0m
2026.03.09 20:49:39 INFO  Progress (1): 93/119 kB[0m
2026.03.09 20:49:39 INFO  Progress (1): 97/119 kB[0m
2026.03.09 20:49:39 INFO  Progress (1): 101/119 kB[0m
2026.03.09 20:49:39 INFO  Progress (1): 105/119 kB[0m
2026.03.09 20:49:39 INFO  Progress (1): 110/119 kB[0m
2026.03.09 20:49:39 INFO  Progress (1): 114/119 kB[0m
2026.03.09 20:49:39 INFO  Progress (1): 118/119 kB[0m
2026.03.09 20:49:39 INFO  Progress (1): 119 kB    [0m
2026.03.09 20:49:39 INFO                      [0m
2026.03.09 20:49:39 INFO  Downloaded from central: https://repo.maven.apache.org/maven2/org/hdrhistogram/HdrHistogram/2.1.11/HdrHistogram-2.1.11-sources.jar (119 kB at 161 kB/s)[0m
2026.03.09 20:49:39 INFO  [INFO] SUCCESS: org.hdrhistogram:HdrHistogram:jar:2.1.11:compile (sources = true)[0m
2026.03.09 20:49:39 INFO  [INFO] Resolving artifact: org.junit.platform:junit-platform-commons:jar:1.5.2:test (sources = false)[0m
2026.03.09 20:49:39 INFO  [INFO] SUCCESS: org.junit.platform:junit-platform-commons:jar:1.5.2:test (sources = false)[0m
2026.03.09 20:49:39 INFO  [INFO] Resolving artifact: org.junit.platform:junit-platform-commons:jar:1.5.2:test (sources = true)[0m
2026.03.09 20:49:39 INFO  [INFO] SUCCESS: org.junit.platform:junit-platform-commons:jar:1.5.2:test (sources = true)[0m
2026.03.09 20:49:39 INFO  [INFO] Resolving artifact: org.hibernate.common:hibernate-commons-annotations:jar:5.1.0.Final:compile (sources = false)[0m
2026.03.09 20:49:39 INFO  [INFO] SUCCESS: org.hibernate.common:hibernate-commons-annotations:jar:5.1.0.Final:compile (sources = false)[0m
2026.03.09 20:49:39 INFO  [INFO] Resolving artifact: org.hibernate.common:hibernate-commons-annotations:jar:5.1.0.Final:compile (sources = true)[0m
2026.03.09 20:49:39 INFO  [INFO] SUCCESS: org.hibernate.common:hibernate-commons-annotations:jar:5.1.0.Final:compile (sources = true)[0m
2026.03.09 20:49:39 INFO  [INFO] Resolving artifact: org.springframework:spring-test:jar:5.2.2.RELEASE:test (sources = false)[0m
2026.03.09 20:49:39 INFO  [INFO] SUCCESS: org.springframework:spring-test:jar:5.2.2.RELEASE:test (sources = false)[0m
2026.03.09 20:49:39 INFO  [INFO] Resolving artifact: org.springframework:spring-test:jar:5.2.2.RELEASE:test (sources = true)[0m
2026.03.09 20:49:39 INFO  [INFO] SUCCESS: org.springframework:spring-test:jar:5.2.2.RELEASE:test (sources = true)[0m
2026.03.09 20:49:39 INFO  [INFO] Resolving artifact: ch.qos.logback:logback-classic:jar:1.2.3:compile (sources = false)[0m
2026.03.09 20:49:39 INFO  [INFO] SUCCESS: ch.qos.logback:logback-classic:jar:1.2.3:compile (sources = false)[0m
2026.03.09 20:49:39 INFO  [INFO] Resolving artifact: ch.qos.logback:logback-classic:jar:1.2.3:compile (sources = true)[0m
2026.03.09 20:49:39 INFO  [INFO] SUCCESS: ch.qos.logback:logback-classic:jar:1.2.3:compile (sources = true)[0m
2026.03.09 20:49:39 INFO  [INFO] Resolving artifact: org.apache.tomcat.embed:tomcat-embed-el:jar:9.0.29:compile (sources = false)[0m
2026.03.09 20:49:39 INFO  [INFO] SUCCESS: org.apache.tomcat.embed:tomcat-embed-el:jar:9.0.29:compile (sources = false)[0m
2026.03.09 20:49:39 INFO  [INFO] Resolving artifact: org.apache.tomcat.embed:tomcat-embed-el:jar:9.0.29:compile (sources = true)[0m
2026.03.09 20:49:39 INFO  [INFO] SUCCESS: org.apache.tomcat.embed:tomcat-embed-el:jar:9.0.29:compile (sources = true)[0m
2026.03.09 20:49:39 INFO  [INFO] Resolving artifact: io.swagger:swagger-models:jar:1.5.14:compile (sources = false)[0m
2026.03.09 20:49:39 INFO  [INFO] SUCCESS: io.swagger:swagger-models:jar:1.5.14:compile (sources = false)[0m
2026.03.09 20:49:39 INFO  [INFO] Resolving artifact: io.swagger:swagger-models:jar:1.5.14:compile (sources = true)[0m
2026.03.09 20:49:39 INFO  [INFO] SUCCESS: io.swagger:swagger-models:jar:1.5.14:compile (sources = true)[0m
2026.03.09 20:49:39 INFO  [INFO] Resolving artifact: org.assertj:assertj-core:jar:3.13.2:test (sources = false)[0m
2026.03.09 20:49:39 INFO  [INFO] SUCCESS: org.assertj:assertj-core:jar:3.13.2:test (sources = false)[0m
2026.03.09 20:49:39 INFO  [INFO] Resolving artifact: org.assertj:assertj-core:jar:3.13.2:test (sources = true)[0m
2026.03.09 20:49:39 INFO  [INFO] SUCCESS: org.assertj:assertj-core:jar:3.13.2:test (sources = true)[0m
2026.03.09 20:49:39 INFO  [INFO] Resolving artifact: com.google.guava:guava:jar:20.0:compile (sources = false)[0m
2026.03.09 20:49:39 INFO  [INFO] SUCCESS: com.google.guava:guava:jar:20.0:compile (sources = false)[0m
2026.03.09 20:49:39 INFO  [INFO] Resolving artifact: com.google.guava:guava:jar:20.0:compile (sources = true)[0m
2026.03.09 20:49:39 INFO  [INFO] SUCCESS: com.google.guava:guava:jar:20.0:compile (sources = true)[0m
2026.03.09 20:49:39 INFO  [INFO] Resolving artifact: com.fasterxml.jackson.core:jackson-core:jar:2.10.1:compile (sources = false)[0m
2026.03.09 20:49:39 INFO  [INFO] SUCCESS: com.fasterxml.jackson.core:jackson-core:jar:2.10.1:compile (sources = false)[0m
2026.03.09 20:49:39 INFO  [INFO] Resolving artifact: com.fasterxml.jackson.core:jackson-core:jar:2.10.1:compile (sources = true)[0m
2026.03.09 20:49:39 INFO  [INFO] SUCCESS: com.fasterxml.jackson.core:jackson-core:jar:2.10.1:compile (sources = true)[0m
2026.03.09 20:49:39 INFO  [INFO] Resolving artifact: org.springframework.boot:spring-boot-devtools:jar:2.2.2.RELEASE:runtime (sources = false)[0m
2026.03.09 20:49:39 INFO  [INFO] SUCCESS: org.springframework.boot:spring-boot-devtools:jar:2.2.2.RELEASE:runtime (sources = false)[0m
2026.03.09 20:49:39 INFO  [INFO] Resolving artifact: org.springframework.boot:spring-boot-devtools:jar:2.2.2.RELEASE:runtime (sources = true)[0m
2026.03.09 20:49:39 INFO  [INFO] SUCCESS: org.springframework.boot:spring-boot-devtools:jar:2.2.2.RELEASE:runtime (sources = true)[0m
2026.03.09 20:49:39 INFO  [INFO] Resolving artifact: org.springframework.boot:spring-boot-starter-data-jpa:jar:2.2.2.RELEASE:compile (sources = false)[0m
2026.03.09 20:49:39 INFO  [INFO] SUCCESS: org.springframework.boot:spring-boot-starter-data-jpa:jar:2.2.2.RELEASE:compile (sources = false)[0m
2026.03.09 20:49:39 INFO  [INFO] Resolving artifact: org.springframework.boot:spring-boot-starter-data-jpa:jar:2.2.2.RELEASE:compile (sources = true)[0m
2026.03.09 20:49:39 INFO  [INFO] SUCCESS: org.springframework.boot:spring-boot-starter-data-jpa:jar:2.2.2.RELEASE:compile (sources = true)[0m
2026.03.09 20:49:39 INFO  [INFO] Resolving artifact: org.jboss:jandex:jar:2.1.1.Final:compile (sources = false)[0m
2026.03.09 20:49:39 INFO  [INFO] SUCCESS: org.jboss:jandex:jar:2.1.1.Final:compile (sources = false)[0m
2026.03.09 20:49:39 INFO  [INFO] Resolving artifact: org.jboss:jandex:jar:2.1.1.Final:compile (sources = true)[0m
2026.03.09 20:49:39 INFO  [INFO] SUCCESS: org.jboss:jandex:jar:2.1.1.Final:compile (sources = true)[0m
2026.03.09 20:49:39 INFO  [INFO] Resolving artifact: org.apache.tomcat.embed:tomcat-embed-core:jar:9.0.29:compile (sources = false)[0m
2026.03.09 20:49:39 INFO  [INFO] SUCCESS: org.apache.tomcat.embed:tomcat-embed-core:jar:9.0.29:compile (sources = false)[0m
2026.03.09 20:49:39 INFO  [INFO] Resolving artifact: org.apache.tomcat.embed:tomcat-embed-core:jar:9.0.29:compile (sources = true)[0m
2026.03.09 20:49:39 INFO  [INFO] SUCCESS: org.apache.tomcat.embed:tomcat-embed-core:jar:9.0.29:compile (sources = true)[0m
2026.03.09 20:49:39 INFO  [INFO] Resolving artifact: org.mapstruct:mapstruct:jar:1.2.0.Final:compile (sources = false)[0m
2026.03.09 20:49:39 INFO  [INFO] SUCCESS: org.mapstruct:mapstruct:jar:1.2.0.Final:compile (sources = false)[0m
2026.03.09 20:49:39 INFO  [INFO] Resolving artifact: org.mapstruct:mapstruct:jar:1.2.0.Final:compile (sources = true)[0m
2026.03.09 20:49:39 INFO  [INFO] SUCCESS: org.mapstruct:mapstruct:jar:1.2.0.Final:compile (sources = true)[0m
2026.03.09 20:49:39 INFO  [INFO] Resolving artifact: org.junit.vintage:junit-vintage-engine:jar:5.5.2:test (sources = false)[0m
2026.03.09 20:49:39 INFO  [INFO] SUCCESS: org.junit.vintage:junit-vintage-engine:jar:5.5.2:test (sources = false)[0m
2026.03.09 20:49:39 INFO  [INFO] Resolving artifact: org.junit.vintage:junit-vintage-engine:jar:5.5.2:test (sources = true)[0m
2026.03.09 20:49:39 INFO  [INFO] SUCCESS: org.junit.vintage:junit-vintage-engine:jar:5.5.2:test (sources = true)[0m
2026.03.09 20:49:39 INFO  [INFO] Resolving artifact: org.springframework.boot:spring-boot-starter-json:jar:2.2.2.RELEASE:compile (sources = false)[0m
2026.03.09 20:49:39 INFO  [INFO] SUCCESS: org.springframework.boot:spring-boot-starter-json:jar:2.2.2.RELEASE:compile (sources = false)[0m
2026.03.09 20:49:39 INFO  [INFO] Resolving artifact: org.springframework.boot:spring-boot-starter-json:jar:2.2.2.RELEASE:compile (sources = true)[0m
2026.03.09 20:49:39 INFO  [INFO] SUCCESS: org.springframework.boot:spring-boot-starter-json:jar:2.2.2.RELEASE:compile (sources = true)[0m
2026.03.09 20:49:39 INFO  [INFO] Resolving artifact: com.fasterxml.jackson.core:jackson-databind:jar:2.10.1:compile (sources = false)[0m
2026.03.09 20:49:39 INFO  [INFO] SUCCESS: com.fasterxml.jackson.core:jackson-databind:jar:2.10.1:compile (sources = false)[0m
2026.03.09 20:49:39 INFO  [INFO] Resolving artifact: com.fasterxml.jackson.core:jackson-databind:jar:2.10.1:compile (sources = true)[0m
2026.03.09 20:49:39 INFO  [INFO] SUCCESS: com.fasterxml.jackson.core:jackson-databind:jar:2.10.1:compile (sources = true)[0m
2026.03.09 20:49:39 INFO  [INFO] Resolving artifact: org.hamcrest:hamcrest:jar:2.1:test (sources = false)[0m
2026.03.09 20:49:39 INFO  [INFO] SUCCESS: org.hamcrest:hamcrest:jar:2.1:test (sources = false)[0m
2026.03.09 20:49:39 INFO  [INFO] Resolving artifact: org.hamcrest:hamcrest:jar:2.1:test (sources = true)[0m
2026.03.09 20:49:39 INFO  [INFO] SUCCESS: org.hamcrest:hamcrest:jar:2.1:test (sources = true)[0m
2026.03.09 20:49:39 INFO  [INFO] Resolving artifact: jakarta.validation:jakarta.validation-api:jar:2.0.1:compile (sources = false)[0m
2026.03.09 20:49:39 INFO  [INFO] SUCCESS: jakarta.validation:jakarta.validation-api:jar:2.0.1:compile (sources = false)[0m
2026.03.09 20:49:39 INFO  [INFO] Resolving artifact: jakarta.validation:jakarta.validation-api:jar:2.0.1:compile (sources = true)[0m
2026.03.09 20:49:39 INFO  [INFO] SUCCESS: jakarta.validation:jakarta.validation-api:jar:2.0.1:compile (sources = true)[0m
2026.03.09 20:49:39 INFO  [INFO] Resolving artifact: org.springframework:spring-beans:jar:5.2.2.RELEASE:compile (sources = false)[0m
2026.03.09 20:49:39 INFO  [INFO] SUCCESS: org.springframework:spring-beans:jar:5.2.2.RELEASE:compile (sources = false)[0m
2026.03.09 20:49:39 INFO  [INFO] Resolving artifact: org.springframework:spring-beans:jar:5.2.2.RELEASE:compile (sources = true)[0m
2026.03.09 20:49:39 INFO  [INFO] SUCCESS: org.springframework:spring-beans:jar:5.2.2.RELEASE:compile (sources = true)[0m
2026.03.09 20:49:39 INFO  [INFO] Resolving artifact: org.springframework.boot:spring-boot-starter-test:jar:2.2.2.RELEASE:test (sources = false)[0m
2026.03.09 20:49:39 INFO  [INFO] SUCCESS: org.springframework.boot:spring-boot-starter-test:jar:2.2.2.RELEASE:test (sources = false)[0m
2026.03.09 20:49:39 INFO  [INFO] Resolving artifact: org.springframework.boot:spring-boot-starter-test:jar:2.2.2.RELEASE:test (sources = true)[0m
2026.03.09 20:49:39 INFO  [INFO] SUCCESS: org.springframework.boot:spring-boot-starter-test:jar:2.2.2.RELEASE:test (sources = true)[0m
2026.03.09 20:49:39 INFO  [INFO] Resolving artifact: org.springframework.boot:spring-boot-test:jar:2.2.2.RELEASE:test (sources = false)[0m
2026.03.09 20:49:39 INFO  [INFO] SUCCESS: org.springframework.boot:spring-boot-test:jar:2.2.2.RELEASE:test (sources = false)[0m
2026.03.09 20:49:39 INFO  [INFO] Resolving artifact: org.springframework.boot:spring-boot-test:jar:2.2.2.RELEASE:test (sources = true)[0m
2026.03.09 20:49:39 INFO  [INFO] SUCCESS: org.springframework.boot:spring-boot-test:jar:2.2.2.RELEASE:test (sources = true)[0m
2026.03.09 20:49:39 INFO  [INFO] Resolving artifact: org.apache.logging.log4j:log4j-api:jar:2.12.1:compile (sources = false)[0m
2026.03.09 20:49:39 INFO  [INFO] SUCCESS: org.apache.logging.log4j:log4j-api:jar:2.12.1:compile (sources = false)[0m
2026.03.09 20:49:39 INFO  [INFO] Resolving artifact: org.apache.logging.log4j:log4j-api:jar:2.12.1:compile (sources = true)[0m
2026.03.09 20:49:39 INFO  [INFO] SUCCESS: org.apache.logging.log4j:log4j-api:jar:2.12.1:compile (sources = true)[0m
2026.03.09 20:49:39 INFO  [INFO] Resolving artifact: ch.qos.logback:logback-core:jar:1.2.3:compile (sources = false)[0m
2026.03.09 20:49:39 INFO  [INFO] SUCCESS: ch.qos.logback:logback-core:jar:1.2.3:compile (sources = false)[0m
2026.03.09 20:49:39 INFO  [INFO] Resolving artifact: ch.qos.logback:logback-core:jar:1.2.3:compile (sources = true)[0m
2026.03.09 20:49:39 INFO  [INFO] SUCCESS: ch.qos.logback:logback-core:jar:1.2.3:compile (sources = true)[0m
2026.03.09 20:49:39 INFO  [INFO] Resolving artifact: org.apiguardian:apiguardian-api:jar:1.1.0:test (sources = false)[0m
2026.03.09 20:49:39 INFO  [INFO] SUCCESS: org.apiguardian:apiguardian-api:jar:1.1.0:test (sources = false)[0m
2026.03.09 20:49:39 INFO  [INFO] Resolving artifact: org.apiguardian:apiguardian-api:jar:1.1.0:test (sources = true)[0m
2026.03.09 20:49:39 INFO  [INFO] SUCCESS: org.apiguardian:apiguardian-api:jar:1.1.0:test (sources = true)[0m
2026.03.09 20:49:39 INFO  [INFO] Resolving artifact: org.junit.jupiter:junit-jupiter-params:jar:5.5.2:test (sources = false)[0m
2026.03.09 20:49:39 INFO  [INFO] SUCCESS: org.junit.jupiter:junit-jupiter-params:jar:5.5.2:test (sources = false)[0m
2026.03.09 20:49:39 INFO  [INFO] Resolving artifact: org.junit.jupiter:junit-jupiter-params:jar:5.5.2:test (sources = true)[0m
2026.03.09 20:49:39 INFO  [INFO] SUCCESS: org.junit.jupiter:junit-jupiter-params:jar:5.5.2:test (sources = true)[0m
2026.03.09 20:49:39 INFO  [INFO] Resolving artifact: org.springframework.boot:spring-boot-actuator-autoconfigure:jar:2.2.2.RELEASE:compile (sources = false)[0m
2026.03.09 20:49:39 INFO  [INFO] SUCCESS: org.springframework.boot:spring-boot-actuator-autoconfigure:jar:2.2.2.RELEASE:compile (sources = false)[0m
2026.03.09 20:49:39 INFO  [INFO] Resolving artifact: org.springframework.boot:spring-boot-actuator-autoconfigure:jar:2.2.2.RELEASE:compile (sources = true)[0m
2026.03.09 20:49:39 INFO  Downloading from central: https://repo.maven.apache.org/maven2/org/springframework/boot/spring-boot-actuator-autoconfigure/2.2.2.RELEASE/spring-boot-actuator-autoconfigure-2.2.2.RELEASE-sources.jar[0m
2026.03.09 20:49:39 INFO  Progress (1): 4.2/407 kB[0m
2026.03.09 20:49:39 INFO  Progress (1): 8.2/407 kB[0m
2026.03.09 20:49:39 INFO  Progress (1): 12/407 kB [0m
2026.03.09 20:49:39 INFO  Progress (1): 16/407 kB[0m
2026.03.09 20:49:39 INFO  Progress (1): 21/407 kB[0m
2026.03.09 20:49:39 INFO  Progress (1): 25/407 kB[0m
2026.03.09 20:49:39 INFO  Progress (1): 29/407 kB[0m
2026.03.09 20:49:39 INFO  Progress (1): 33/407 kB[0m
2026.03.09 20:49:39 INFO  Progress (1): 37/407 kB[0m
2026.03.09 20:49:39 INFO  Progress (1): 41/407 kB[0m
2026.03.09 20:49:39 INFO  Progress (1): 45/407 kB[0m
2026.03.09 20:49:39 INFO  Progress (1): 49/407 kB[0m
2026.03.09 20:49:39 INFO  Progress (1): 53/407 kB[0m
2026.03.09 20:49:39 INFO  Progress (1): 58/407 kB[0m
2026.03.09 20:49:39 INFO  Progress (1): 62/407 kB[0m
2026.03.09 20:49:39 INFO  Progress (1): 66/407 kB[0m
2026.03.09 20:49:39 INFO  Progress (1): 70/407 kB[0m
2026.03.09 20:49:39 INFO  Progress (1): 75/407 kB[0m
2026.03.09 20:49:39 INFO  Progress (1): 79/407 kB[0m
2026.03.09 20:49:39 INFO  Progress (1): 82/407 kB[0m
2026.03.09 20:49:39 INFO  Progress (1): 86/407 kB[0m
2026.03.09 20:49:39 INFO  Progress (1): 90/407 kB[0m
2026.03.09 20:49:39 INFO  Progress (1): 95/407 kB[0m
2026.03.09 20:49:39 INFO  Progress (1): 111/407 kB[0m
2026.03.09 20:49:39 INFO  Progress (1): 115/407 kB[0m
2026.03.09 20:49:39 INFO  Progress (1): 131/407 kB[0m
2026.03.09 20:49:39 INFO  Progress (1): 147/407 kB[0m
2026.03.09 20:49:39 INFO  Progress (1): 164/407 kB[0m
2026.03.09 20:49:39 INFO  Progress (1): 180/407 kB[0m
2026.03.09 20:49:39 INFO  Progress (1): 197/407 kB[0m
2026.03.09 20:49:39 INFO  Progress (1): 213/407 kB[0m
2026.03.09 20:49:39 INFO  Progress (1): 229/407 kB[0m
2026.03.09 20:49:39 INFO  Progress (1): 246/407 kB[0m
2026.03.09 20:49:39 INFO  Progress (1): 262/407 kB[0m
2026.03.09 20:49:39 INFO  Progress (1): 279/407 kB[0m
2026.03.09 20:49:39 INFO  Progress (1): 295/407 kB[0m
2026.03.09 20:49:39 INFO  Progress (1): 311/407 kB[0m
2026.03.09 20:49:39 INFO  Progress (1): 328/407 kB[0m
2026.03.09 20:49:39 INFO  Progress (1): 344/407 kB[0m
2026.03.09 20:49:39 INFO  Progress (1): 360/407 kB[0m
2026.03.09 20:49:39 INFO  Progress (1): 377/407 kB[0m
2026.03.09 20:49:39 INFO  Progress (1): 393/407 kB[0m
2026.03.09 20:49:39 INFO  Progress (1): 407 kB    [0m
2026.03.09 20:49:39 INFO                      [0m
2026.03.09 20:49:39 INFO  Downloaded from central: https://repo.maven.apache.org/maven2/org/springframework/boot/spring-boot-actuator-autoconfigure/2.2.2.RELEASE/spring-boot-actuator-autoconfigure-2.2.2.RELEASE-sources.jar (407 kB at 1.4 MB/s)[0m
2026.03.09 20:49:39 INFO  [INFO] SUCCESS: org.springframework.boot:spring-boot-actuator-autoconfigure:jar:2.2.2.RELEASE:compile (sources = true)[0m
2026.03.09 20:49:39 INFO  [INFO] Resolving artifact: com.sun.xml.fastinfoset:FastInfoset:jar:1.2.16:compile (sources = false)[0m
2026.03.09 20:49:39 INFO  [INFO] SUCCESS: com.sun.xml.fastinfoset:FastInfoset:jar:1.2.16:compile (sources = false)[0m
2026.03.09 20:49:39 INFO  [INFO] Resolving artifact: com.sun.xml.fastinfoset:FastInfoset:jar:1.2.16:compile (sources = true)[0m
2026.03.09 20:49:39 INFO  [INFO] SUCCESS: com.sun.xml.fastinfoset:FastInfoset:jar:1.2.16:compile (sources = true)[0m
2026.03.09 20:49:39 INFO  [INFO] Resolving artifact: com.jayway.jsonpath:json-path:jar:2.4.0:test (sources = false)[0m
2026.03.09 20:49:39 INFO  [INFO] SUCCESS: com.jayway.jsonpath:json-path:jar:2.4.0:test (sources = false)[0m
2026.03.09 20:49:39 INFO  [INFO] Resolving artifact: com.jayway.jsonpath:json-path:jar:2.4.0:test (sources = true)[0m
2026.03.09 20:49:39 INFO  [INFO] SUCCESS: com.jayway.jsonpath:json-path:jar:2.4.0:test (sources = true)[0m
2026.03.09 20:49:39 INFO  [INFO] Resolving artifact: org.junit.jupiter:junit-jupiter-api:jar:5.5.2:test (sources = false)[0m
2026.03.09 20:49:39 INFO  [INFO] SUCCESS: org.junit.jupiter:junit-jupiter-api:jar:5.5.2:test (sources = false)[0m
2026.03.09 20:49:39 INFO  [INFO] Resolving artifact: org.junit.jupiter:junit-jupiter-api:jar:5.5.2:test (sources = true)[0m
2026.03.09 20:49:39 INFO  [INFO] SUCCESS: org.junit.jupiter:junit-jupiter-api:jar:5.5.2:test (sources = true)[0m
2026.03.09 20:49:39 INFO  [INFO] Resolving artifact: org.springframework.boot:spring-boot-starter-logging:jar:2.2.2.RELEASE:compile (sources = false)[0m
2026.03.09 20:49:39 INFO  [INFO] SUCCESS: org.springframework.boot:spring-boot-starter-logging:jar:2.2.2.RELEASE:compile (sources = false)[0m
2026.03.09 20:49:39 INFO  [INFO] Resolving artifact: org.springframework.boot:spring-boot-starter-logging:jar:2.2.2.RELEASE:compile (sources = true)[0m
2026.03.09 20:49:39 INFO  [INFO] SUCCESS: org.springframework.boot:spring-boot-starter-logging:jar:2.2.2.RELEASE:compile (sources = true)[0m
2026.03.09 20:49:39 INFO  [INFO] Resolving artifact: org.jvnet.staxex:stax-ex:jar:1.8.1:compile (sources = false)[0m
2026.03.09 20:49:39 INFO  [INFO] SUCCESS: org.jvnet.staxex:stax-ex:jar:1.8.1:compile (sources = false)[0m
2026.03.09 20:49:39 INFO  [INFO] Resolving artifact: org.jvnet.staxex:stax-ex:jar:1.8.1:compile (sources = true)[0m
2026.03.09 20:49:39 INFO  [INFO] SUCCESS: org.jvnet.staxex:stax-ex:jar:1.8.1:compile (sources = true)[0m
2026.03.09 20:49:39 INFO  [INFO] Resolving artifact: com.zaxxer:HikariCP:jar:3.4.1:compile (sources = false)[0m
2026.03.09 20:49:39 INFO  [INFO] SUCCESS: com.zaxxer:HikariCP:jar:3.4.1:compile (sources = false)[0m
2026.03.09 20:49:39 INFO  [INFO] Resolving artifact: com.zaxxer:HikariCP:jar:3.4.1:compile (sources = true)[0m
2026.03.09 20:49:39 INFO  [INFO] SUCCESS: com.zaxxer:HikariCP:jar:3.4.1:compile (sources = true)[0m
2026.03.09 20:49:39 INFO  [INFO] Resolving artifact: io.springfox:springfox-swagger-ui:jar:2.8.0:compile (sources = false)[0m
2026.03.09 20:49:39 INFO  [INFO] SUCCESS: io.springfox:springfox-swagger-ui:jar:2.8.0:compile (sources = false)[0m
2026.03.09 20:49:39 INFO  [INFO] Resolving artifact: io.springfox:springfox-swagger-ui:jar:2.8.0:compile (sources = true)[0m
2026.03.09 20:49:39 INFO  [INFO] SUCCESS: io.springfox:springfox-swagger-ui:jar:2.8.0:compile (sources = true)[0m
2026.03.09 20:49:39 INFO  [INFO] Resolving artifact: org.springframework.boot:spring-boot-starter-aop:jar:2.2.2.RELEASE:compile (sources = false)[0m
2026.03.09 20:49:39 INFO  [INFO] SUCCESS: org.springframework.boot:spring-boot-starter-aop:jar:2.2.2.RELEASE:compile (sources = false)[0m
2026.03.09 20:49:39 INFO  [INFO] Resolving artifact: org.springframework.boot:spring-boot-starter-aop:jar:2.2.2.RELEASE:compile (sources = true)[0m
2026.03.09 20:49:39 INFO  [INFO] SUCCESS: org.springframework.boot:spring-boot-starter-aop:jar:2.2.2.RELEASE:compile (sources = true)[0m
2026.03.09 20:49:39 INFO  [INFO] Resolving artifact: org.mockito:mockito-core:jar:3.1.0:test (sources = false)[0m
2026.03.09 20:49:39 INFO  [INFO] SUCCESS: org.mockito:mockito-core:jar:3.1.0:test (sources = false)[0m
2026.03.09 20:49:39 INFO  [INFO] Resolving artifact: org.mockito:mockito-core:jar:3.1.0:test (sources = true)[0m
2026.03.09 20:49:39 INFO  [INFO] SUCCESS: org.mockito:mockito-core:jar:3.1.0:test (sources = true)[0m
2026.03.09 20:49:39 INFO  [INFO] Resolving artifact: com.fasterxml.jackson.core:jackson-annotations:jar:2.10.1:compile (sources = false)[0m
2026.03.09 20:49:39 INFO  [INFO] SUCCESS: com.fasterxml.jackson.core:jackson-annotations:jar:2.10.1:compile (sources = false)[0m
2026.03.09 20:49:39 INFO  [INFO] Resolving artifact: com.fasterxml.jackson.core:jackson-annotations:jar:2.10.1:compile (sources = true)[0m
2026.03.09 20:49:39 INFO  [INFO] SUCCESS: com.fasterxml.jackson.core:jackson-annotations:jar:2.10.1:compile (sources = true)[0m
2026.03.09 20:49:39 INFO  [INFO] Resolving artifact: org.springframework.plugin:spring-plugin-core:jar:1.2.0.RELEASE:compile (sources = false)[0m
2026.03.09 20:49:39 INFO  [INFO] SUCCESS: org.springframework.plugin:spring-plugin-core:jar:1.2.0.RELEASE:compile (sources = false)[0m
2026.03.09 20:49:39 INFO  [INFO] Resolving artifact: org.springframework.plugin:spring-plugin-core:jar:1.2.0.RELEASE:compile (sources = true)[0m
2026.03.09 20:49:39 INFO  [INFO] SUCCESS: org.springframework.plugin:spring-plugin-core:jar:1.2.0.RELEASE:compile (sources = true)[0m
2026.03.09 20:49:39 INFO  [INFO] Resolving artifact: org.reflections:reflections:jar:0.9.11:compile (sources = false)[0m
2026.03.09 20:49:39 INFO  [INFO] SUCCESS: org.reflections:reflections:jar:0.9.11:compile (sources = false)[0m
2026.03.09 20:49:39 INFO  [INFO] Resolving artifact: org.reflections:reflections:jar:0.9.11:compile (sources = true)[0m
2026.03.09 20:49:39 INFO  [INFO] SUCCESS: org.reflections:reflections:jar:0.9.11:compile (sources = true)[0m
2026.03.09 20:49:39 INFO  [INFO] Resolving artifact: com.fasterxml.jackson.datatype:jackson-datatype-jsr310:jar:2.10.1:compile (sources = false)[0m
2026.03.09 20:49:39 INFO  [INFO] SUCCESS: com.fasterxml.jackson.datatype:jackson-datatype-jsr310:jar:2.10.1:compile (sources = false)[0m
2026.03.09 20:49:39 INFO  [INFO] Resolving artifact: com.fasterxml.jackson.datatype:jackson-datatype-jsr310:jar:2.10.1:compile (sources = true)[0m
2026.03.09 20:49:39 INFO  [INFO] SUCCESS: com.fasterxml.jackson.datatype:jackson-datatype-jsr310:jar:2.10.1:compile (sources = true)[0m
2026.03.09 20:49:39 INFO  [INFO] Resolving artifact: org.springframework:spring-context:jar:5.2.2.RELEASE:compile (sources = false)[0m
2026.03.09 20:49:39 INFO  [INFO] SUCCESS: org.springframework:spring-context:jar:5.2.2.RELEASE:compile (sources = false)[0m
2026.03.09 20:49:39 INFO  [INFO] Resolving artifact: org.springframework:spring-context:jar:5.2.2.RELEASE:compile (sources = true)[0m
2026.03.09 20:49:39 INFO  [INFO] SUCCESS: org.springframework:spring-context:jar:5.2.2.RELEASE:compile (sources = true)[0m
2026.03.09 20:49:39 INFO  [INFO] Resolving artifact: com.fasterxml:classmate:jar:1.5.1:compile (sources = false)[0m
2026.03.09 20:49:39 INFO  [INFO] SUCCESS: com.fasterxml:classmate:jar:1.5.1:compile (sources = false)[0m
2026.03.09 20:49:39 INFO  [INFO] Resolving artifact: com.fasterxml:classmate:jar:1.5.1:compile (sources = true)[0m
2026.03.09 20:49:39 INFO  [INFO] SUCCESS: com.fasterxml:classmate:jar:1.5.1:compile (sources = true)[0m
2026.03.09 20:49:39 INFO  [INFO] Resolving artifact: io.springfox:springfox-swagger2:jar:2.8.0:compile (sources = false)[0m
2026.03.09 20:49:39 INFO  [INFO] SUCCESS: io.springfox:springfox-swagger2:jar:2.8.0:compile (sources = false)[0m
2026.03.09 20:49:39 INFO  [INFO] Resolving artifact: io.springfox:springfox-swagger2:jar:2.8.0:compile (sources = true)[0m
2026.03.09 20:49:39 INFO  [INFO] SUCCESS: io.springfox:springfox-swagger2:jar:2.8.0:compile (sources = true)[0m
2026.03.09 20:49:39 INFO  [INFO] Resolving artifact: io.springfox:springfox-swagger-common:jar:2.8.0:compile (sources = false)[0m
2026.03.09 20:49:39 INFO  [INFO] SUCCESS: io.springfox:springfox-swagger-common:jar:2.8.0:compile (sources = false)[0m
2026.03.09 20:49:39 INFO  [INFO] Resolving artifact: io.springfox:springfox-swagger-common:jar:2.8.0:compile (sources = true)[0m
2026.03.09 20:49:39 INFO  [INFO] SUCCESS: io.springfox:springfox-swagger-common:jar:2.8.0:compile (sources = true)[0m
2026.03.09 20:49:39 INFO  [INFO] Resolving artifact: org.springframework.boot:spring-boot-actuator:jar:2.2.2.RELEASE:compile (sources = false)[0m
2026.03.09 20:49:39 INFO  [INFO] SUCCESS: org.springframework.boot:spring-boot-actuator:jar:2.2.2.RELEASE:compile (sources = false)[0m
2026.03.09 20:49:39 INFO  [INFO] Resolving artifact: org.springframework.boot:spring-boot-actuator:jar:2.2.2.RELEASE:compile (sources = true)[0m
2026.03.09 20:49:39 INFO  Downloading from central: https://repo.maven.apache.org/maven2/org/springframework/boot/spring-boot-actuator/2.2.2.RELEASE/spring-boot-actuator-2.2.2.RELEASE-sources.jar[0m
2026.03.09 20:49:39 INFO  Progress (1): 7.7/420 kB[0m
2026.03.09 20:49:39 INFO  Progress (1): 7.7/420 kB[0m
2026.03.09 20:49:39 INFO  Progress (1): 24/420 kB [0m
2026.03.09 20:49:39 INFO  Progress (1): 40/420 kB[0m
2026.03.09 20:49:39 INFO  Progress (1): 57/420 kB[0m
2026.03.09 20:49:39 INFO  Progress (1): 73/420 kB[0m
2026.03.09 20:49:39 INFO  Progress (1): 90/420 kB[0m
2026.03.09 20:49:39 INFO  Progress (1): 106/420 kB[0m
2026.03.09 20:49:39 INFO  Progress (1): 122/420 kB[0m
2026.03.09 20:49:39 INFO  Progress (1): 131/420 kB[0m
2026.03.09 20:49:39 INFO  Progress (1): 147/420 kB[0m
2026.03.09 20:49:39 INFO  Progress (1): 164/420 kB[0m
2026.03.09 20:49:39 INFO  Progress (1): 180/420 kB[0m
2026.03.09 20:49:39 INFO  Progress (1): 197/420 kB[0m
2026.03.09 20:49:39 INFO  Progress (1): 213/420 kB[0m
2026.03.09 20:49:39 INFO  Progress (1): 229/420 kB[0m
2026.03.09 20:49:39 INFO  Progress (1): 246/420 kB[0m
2026.03.09 20:49:39 INFO  Progress (1): 262/420 kB[0m
2026.03.09 20:49:39 INFO  Progress (1): 279/420 kB[0m
2026.03.09 20:49:39 INFO  Progress (1): 295/420 kB[0m
2026.03.09 20:49:39 INFO  Progress (1): 311/420 kB[0m
2026.03.09 20:49:39 INFO  Progress (1): 328/420 kB[0m
2026.03.09 20:49:39 INFO  Progress (1): 344/420 kB[0m
2026.03.09 20:49:39 INFO  Progress (1): 360/420 kB[0m
2026.03.09 20:49:39 INFO  Progress (1): 377/420 kB[0m
2026.03.09 20:49:39 INFO  Progress (1): 393/420 kB[0m
2026.03.09 20:49:39 INFO  Progress (1): 410/420 kB[0m
2026.03.09 20:49:39 INFO  Progress (1): 420 kB    [0m
2026.03.09 20:49:39 INFO                      [0m
2026.03.09 20:49:39 INFO  Downloaded from central: https://repo.maven.apache.org/maven2/org/springframework/boot/spring-boot-actuator/2.2.2.RELEASE/spring-boot-actuator-2.2.2.RELEASE-sources.jar (420 kB at 1.4 MB/s)[0m
2026.03.09 20:49:39 INFO  [INFO] SUCCESS: org.springframework.boot:spring-boot-actuator:jar:2.2.2.RELEASE:compile (sources = true)[0m
2026.03.09 20:49:39 INFO  [INFO] Resolving artifact: org.junit.jupiter:junit-jupiter:jar:5.5.2:test (sources = false)[0m
2026.03.09 20:49:39 INFO  [INFO] SUCCESS: org.junit.jupiter:junit-jupiter:jar:5.5.2:test (sources = false)[0m
2026.03.09 20:49:39 INFO  [INFO] Resolving artifact: org.junit.jupiter:junit-jupiter:jar:5.5.2:test (sources = true)[0m
2026.03.09 20:49:39 INFO  [INFO] SUCCESS: org.junit.jupiter:junit-jupiter:jar:5.5.2:test (sources = true)[0m
2026.03.09 20:49:39 INFO  [INFO] Resolving artifact: net.minidev:json-smart:jar:2.3:test (sources = false)[0m
2026.03.09 20:49:39 INFO  [INFO] SUCCESS: net.minidev:json-smart:jar:2.3:test (sources = false)[0m
2026.03.09 20:49:39 INFO  [INFO] Resolving artifact: net.minidev:json-smart:jar:2.3:test (sources = true)[0m
2026.03.09 20:49:39 INFO  [INFO] SUCCESS: net.minidev:json-smart:jar:2.3:test (sources = true)[0m
2026.03.09 20:49:39 INFO  [INFO] Resolving artifact: org.springframework:spring-aspects:jar:5.2.2.RELEASE:compile (sources = false)[0m
2026.03.09 20:49:39 INFO  [INFO] SUCCESS: org.springframework:spring-aspects:jar:5.2.2.RELEASE:compile (sources = false)[0m
2026.03.09 20:49:39 INFO  [INFO] Resolving artifact: org.springframework:spring-aspects:jar:5.2.2.RELEASE:compile (sources = true)[0m
2026.03.09 20:49:39 INFO  [INFO] SUCCESS: org.springframework:spring-aspects:jar:5.2.2.RELEASE:compile (sources = true)[0m
2026.03.09 20:49:39 INFO  [INFO] Resolving artifact: org.slf4j:slf4j-api:jar:1.7.29:compile (sources = false)[0m
2026.03.09 20:49:39 INFO  [INFO] SUCCESS: org.slf4j:slf4j-api:jar:1.7.29:compile (sources = false)[0m
2026.03.09 20:49:39 INFO  [INFO] Resolving artifact: org.slf4j:slf4j-api:jar:1.7.29:compile (sources = true)[0m
2026.03.09 20:49:39 INFO  [INFO] SUCCESS: org.slf4j:slf4j-api:jar:1.7.29:compile (sources = true)[0m
2026.03.09 20:49:39 INFO  [INFO] Resolving artifact: org.springframework.data:spring-data-jpa:jar:2.2.3.RELEASE:compile (sources = false)[0m
2026.03.09 20:49:39 INFO  [INFO] SUCCESS: org.springframework.data:spring-data-jpa:jar:2.2.3.RELEASE:compile (sources = false)[0m
2026.03.09 20:49:39 INFO  [INFO] Resolving artifact: org.springframework.data:spring-data-jpa:jar:2.2.3.RELEASE:compile (sources = true)[0m
2026.03.09 20:49:39 INFO  [INFO] SUCCESS: org.springframework.data:spring-data-jpa:jar:2.2.3.RELEASE:compile (sources = true)[0m
2026.03.09 20:49:39 INFO  [INFO] Resolving artifact: io.springfox:springfox-spring-web:jar:2.8.0:compile (sources = false)[0m
2026.03.09 20:49:39 INFO  [INFO] SUCCESS: io.springfox:springfox-spring-web:jar:2.8.0:compile (sources = false)[0m
2026.03.09 20:49:39 INFO  [INFO] Resolving artifact: io.springfox:springfox-spring-web:jar:2.8.0:compile (sources = true)[0m
2026.03.09 20:49:39 INFO  [INFO] SUCCESS: io.springfox:springfox-spring-web:jar:2.8.0:compile (sources = true)[0m
2026.03.09 20:49:39 INFO  [INFO] Resolving artifact: org.springframework:spring-tx:jar:5.2.2.RELEASE:compile (sources = false)[0m
2026.03.09 20:49:39 INFO  [INFO] SUCCESS: org.springframework:spring-tx:jar:5.2.2.RELEASE:compile (sources = false)[0m
2026.03.09 20:49:39 INFO  [INFO] Resolving artifact: org.springframework:spring-tx:jar:5.2.2.RELEASE:compile (sources = true)[0m
2026.03.09 20:49:39 INFO  [INFO] SUCCESS: org.springframework:spring-tx:jar:5.2.2.RELEASE:compile (sources = true)[0m
2026.03.09 20:49:39 INFO  [INFO] Resolving artifact: net.minidev:accessors-smart:jar:1.2:test (sources = false)[0m
2026.03.09 20:49:39 INFO  [INFO] SUCCESS: net.minidev:accessors-smart:jar:1.2:test (sources = false)[0m
2026.03.09 20:49:39 INFO  [INFO] Resolving artifact: net.minidev:accessors-smart:jar:1.2:test (sources = true)[0m
2026.03.09 20:49:40 INFO  [INFO] SUCCESS: net.minidev:accessors-smart:jar:1.2:test (sources = true)[0m
2026.03.09 20:49:40 INFO  [INFO] Resolving artifact: org.springframework.boot:spring-boot-starter-actuator:jar:2.2.2.RELEASE:compile (sources = false)[0m
2026.03.09 20:49:40 INFO  [INFO] SUCCESS: org.springframework.boot:spring-boot-starter-actuator:jar:2.2.2.RELEASE:compile (sources = false)[0m
2026.03.09 20:49:40 INFO  [INFO] Resolving artifact: org.springframework.boot:spring-boot-starter-actuator:jar:2.2.2.RELEASE:compile (sources = true)[0m
2026.03.09 20:49:40 INFO  Downloading from central: https://repo.maven.apache.org/maven2/org/springframework/boot/spring-boot-starter-actuator/2.2.2.RELEASE/spring-boot-starter-actuator-2.2.2.RELEASE-sources.jar[0m
2026.03.09 20:49:40 INFO  Progress (1): 2.1 kB[0m
2026.03.09 20:49:40 INFO                      [0m
2026.03.09 20:49:40 INFO  Downloaded from central: https://repo.maven.apache.org/maven2/org/springframework/boot/spring-boot-starter-actuator/2.2.2.RELEASE/spring-boot-starter-actuator-2.2.2.RELEASE-sources.jar (2.1 kB at 26 kB/s)[0m
2026.03.09 20:49:40 INFO  [INFO] SUCCESS: org.springframework.boot:spring-boot-starter-actuator:jar:2.2.2.RELEASE:compile (sources = true)[0m
2026.03.09 20:49:40 INFO  [INFO] Resolving artifact: antlr:antlr:jar:2.7.7:compile (sources = false)[0m
2026.03.09 20:49:40 INFO  [INFO] SUCCESS: antlr:antlr:jar:2.7.7:compile (sources = false)[0m
2026.03.09 20:49:40 INFO  [INFO] Resolving artifact: antlr:antlr:jar:2.7.7:compile (sources = true)[0m
2026.03.09 20:49:40 INFO  [ERROR] FAILURE antlr:antlr:jar:2.7.7:compile (sources = true)[0m
2026.03.09 20:49:40 INFO  org.eclipse.aether.resolution.ArtifactResolutionException: The following artifacts could not be resolved: antlr:antlr:jar:sources:2.7.7 (absent): antlr:antlr:jar:sources:2.7.7 was not found in https://repo.maven.apache.org/maven2 during a previous attempt. This failure was cached in the local repository and resolution is not reattempted until the update interval of central has elapsed or updates are forced[0m
2026.03.09 20:49:40 INFO      at org.eclipse.aether.internal.impl.DefaultArtifactResolver.resolve (DefaultArtifactResolver.java:473)[0m
2026.03.09 20:49:40 INFO      at org.eclipse.aether.internal.impl.DefaultArtifactResolver.resolveArtifacts (DefaultArtifactResolver.java:261)[0m
2026.03.09 20:49:40 INFO      at org.eclipse.aether.internal.impl.DefaultArtifactResolver.resolveArtifact (DefaultArtifactResolver.java:243)[0m
2026.03.09 20:49:40 INFO      at org.eclipse.aether.internal.impl.DefaultRepositorySystem.resolveArtifact (DefaultRepositorySystem.java:278)[0m
2026.03.09 20:49:40 INFO      at bloop.integrations.maven.MojoImplementation$.bloop$integrations$maven$MojoImplementation$$resolveArtifact$1 (MojoImplementation.scala:115)[0m
2026.03.09 20:49:40 INFO      at bloop.integrations.maven.MojoImplementation$$anonfun$2.applyOrElse (MojoImplementation.scala:240)[0m
2026.03.09 20:49:40 INFO      at bloop.integrations.maven.MojoImplementation$$anonfun$2.applyOrElse (MojoImplementation.scala:222)[0m
2026.03.09 20:49:40 INFO      at scala.collection.StrictOptimizedIterableOps.collect (StrictOptimizedIterableOps.scala:151)[0m
2026.03.09 20:49:40 INFO      at scala.collection.StrictOptimizedIterableOps.collect$ (StrictOptimizedIterableOps.scala:136)[0m
2026.03.09 20:49:40 INFO      at scala.collection.mutable.HashSet.collect (HashSet.scala:31)[0m
2026.03.09 20:49:40 INFO      at bloop.integrations.maven.MojoImplementation$.writeConfig$1 (MojoImplementation.scala:222)[0m
2026.03.09 20:49:40 INFO      at bloop.integrations.maven.MojoImplementation$.writeCompileAndTestConfiguration (MojoImplementation.scala:298)[0m
2026.03.09 20:49:40 INFO      at bloop.integrations.maven.MojoImplementation.writeCompileAndTestConfiguration (MojoImplementation.scala)[0m
2026.03.09 20:49:40 INFO      at bloop.integrations.maven.BloopMojo.execute (BloopMojo.java:105)[0m
2026.03.09 20:49:40 INFO      at org.apache.maven.plugin.DefaultBuildPluginManager.executeMojo (DefaultBuildPluginManager.java:126)[0m
2026.03.09 20:49:40 INFO      at org.apache.maven.lifecycle.internal.MojoExecutor.doExecute2 (MojoExecutor.java:328)[0m
2026.03.09 20:49:40 INFO      at org.apache.maven.lifecycle.internal.MojoExecutor.doExecute (MojoExecutor.java:316)[0m
2026.03.09 20:49:40 INFO      at org.apache.maven.lifecycle.internal.MojoExecutor.execute (MojoExecutor.java:212)[0m
2026.03.09 20:49:40 INFO      at org.apache.maven.lifecycle.internal.MojoExecutor.execute (MojoExecutor.java:174)[0m
2026.03.09 20:49:40 INFO      at org.apache.maven.lifecycle.internal.MojoExecutor.access$000 (MojoExecutor.java:75)[0m
2026.03.09 20:49:40 INFO      at org.apache.maven.lifecycle.internal.MojoExecutor$1.run (MojoExecutor.java:162)[0m
2026.03.09 20:49:40 INFO      at org.apache.maven.plugin.DefaultMojosExecutionStrategy.execute (DefaultMojosExecutionStrategy.java:39)[0m
2026.03.09 20:49:40 INFO      at org.apache.maven.lifecycle.internal.MojoExecutor.execute (MojoExecutor.java:159)[0m
2026.03.09 20:49:40 INFO      at org.apache.maven.lifecycle.internal.LifecycleModuleBuilder.buildProject (LifecycleModuleBuilder.java:105)[0m
2026.03.09 20:49:40 INFO      at org.apache.maven.lifecycle.internal.LifecycleModuleBuilder.buildProject (LifecycleModuleBuilder.java:73)[0m
2026.03.09 20:49:40 INFO      at org.apache.maven.lifecycle.internal.builder.singlethreaded.SingleThreadedBuilder.build (SingleThreadedBuilder.java:53)[0m
2026.03.09 20:49:40 INFO      at org.apache.maven.lifecycle.internal.LifecycleStarter.execute (LifecycleStarter.java:118)[0m
2026.03.09 20:49:40 INFO      at org.apache.maven.DefaultMaven.doExecute (DefaultMaven.java:261)[0m
2026.03.09 20:49:40 INFO      at org.apache.maven.DefaultMaven.doExecute (DefaultMaven.java:173)[0m
2026.03.09 20:49:40 INFO      at org.apache.maven.DefaultMaven.execute (DefaultMaven.java:101)[0m
2026.03.09 20:49:40 INFO      at org.apache.maven.cli.MavenCli.execute (MavenCli.java:906)[0m
2026.03.09 20:49:40 INFO      at org.apache.maven.cli.MavenCli.doMain (MavenCli.java:283)[0m
2026.03.09 20:49:40 INFO      at org.apache.maven.cli.MavenCli.main (MavenCli.java:206)[0m
2026.03.09 20:49:40 INFO      at jdk.internal.reflect.DirectMethodHandleAccessor.invoke (DirectMethodHandleAccessor.java:103)[0m
2026.03.09 20:49:40 INFO      at java.lang.reflect.Method.invoke (Method.java:580)[0m
2026.03.09 20:49:40 INFO      at org.codehaus.plexus.classworlds.launcher.Launcher.launchEnhanced (Launcher.java:255)[0m
2026.03.09 20:49:40 INFO      at org.codehaus.plexus.classworlds.launcher.Launcher.launch (Launcher.java:201)[0m
2026.03.09 20:49:40 INFO      at org.codehaus.plexus.classworlds.launcher.Launcher.mainWithExitCode (Launcher.java:361)[0m
2026.03.09 20:49:40 INFO      at org.codehaus.plexus.classworlds.launcher.Launcher.main (Launcher.java:314)[0m
2026.03.09 20:49:40 INFO      at jdk.internal.reflect.DirectMethodHandleAccessor.invoke (DirectMethodHandleAccessor.java:103)[0m
2026.03.09 20:49:40 INFO      at java.lang.reflect.Method.invoke (Method.java:580)[0m
2026.03.09 20:49:40 INFO      at org.apache.maven.wrapper.BootstrapMainStarter.start (BootstrapMainStarter.java:52)[0m
2026.03.09 20:49:40 INFO      at org.apache.maven.wrapper.WrapperExecutor.execute (WrapperExecutor.java:161)[0m
2026.03.09 20:49:40 INFO      at org.apache.maven.wrapper.MavenWrapperMain.main (MavenWrapperMain.java:73)[0m
2026.03.09 20:49:40 INFO  Caused by: org.eclipse.aether.transfer.ArtifactNotFoundException: antlr:antlr:jar:sources:2.7.7 was not found in https://repo.maven.apache.org/maven2 during a previous attempt. This failure was cached in the local repository and resolution is not reattempted until the update interval of central has elapsed or updates are forced[0m
2026.03.09 20:49:40 INFO      at org.eclipse.aether.internal.impl.DefaultUpdateCheckManager.newException (DefaultUpdateCheckManager.java:225)[0m
2026.03.09 20:49:40 INFO      at org.eclipse.aether.internal.impl.DefaultUpdateCheckManager.checkArtifact (DefaultUpdateCheckManager.java:201)[0m
2026.03.09 20:49:40 INFO      at org.eclipse.aether.internal.impl.DefaultArtifactResolver.gatherDownloads (DefaultArtifactResolver.java:586)[0m
2026.03.09 20:49:40 INFO      at org.eclipse.aether.internal.impl.DefaultArtifactResolver.performDownloads (DefaultArtifactResolver.java:525)[0m
2026.03.09 20:49:40 INFO      at org.eclipse.aether.internal.impl.DefaultArtifactResolver.resolve (DefaultArtifactResolver.java:449)[0m
2026.03.09 20:49:40 INFO      at org.eclipse.aether.internal.impl.DefaultArtifactResolver.resolveArtifacts (DefaultArtifactResolver.java:261)[0m
2026.03.09 20:49:40 INFO      at org.eclipse.aether.internal.impl.DefaultArtifactResolver.resolveArtifact (DefaultArtifactResolver.java:243)[0m
2026.03.09 20:49:40 INFO      at org.eclipse.aether.internal.impl.DefaultRepositorySystem.resolveArtifact (DefaultRepositorySystem.java:278)[0m
2026.03.09 20:49:40 INFO      at bloop.integrations.maven.MojoImplementation$.bloop$integrations$maven$MojoImplementation$$resolveArtifact$1 (MojoImplementation.scala:115)[0m
2026.03.09 20:49:40 INFO      at bloop.integrations.maven.MojoImplementation$$anonfun$2.applyOrElse (MojoImplementation.scala:240)[0m
2026.03.09 20:49:40 INFO      at bloop.integrations.maven.MojoImplementation$$anonfun$2.applyOrElse (MojoImplementation.scala:222)[0m
2026.03.09 20:49:40 INFO      at scala.collection.StrictOptimizedIterableOps.collect (StrictOptimizedIterableOps.scala:151)[0m
2026.03.09 20:49:40 INFO      at scala.collection.StrictOptimizedIterableOps.collect$ (StrictOptimizedIterableOps.scala:136)[0m
2026.03.09 20:49:40 INFO      at scala.collection.mutable.HashSet.collect (HashSet.scala:31)[0m
2026.03.09 20:49:40 INFO      at bloop.integrations.maven.MojoImplementation$.writeConfig$1 (MojoImplementation.scala:222)[0m
2026.03.09 20:49:40 INFO      at bloop.integrations.maven.MojoImplementation$.writeCompileAndTestConfiguration (MojoImplementation.scala:298)[0m
2026.03.09 20:49:40 INFO      at bloop.integrations.maven.MojoImplementation.writeCompileAndTestConfiguration (MojoImplementation.scala)[0m
2026.03.09 20:49:40 INFO      at bloop.integrations.maven.BloopMojo.execute (BloopMojo.java:105)[0m
2026.03.09 20:49:40 INFO      at org.apache.maven.plugin.DefaultBuildPluginManager.executeMojo (DefaultBuildPluginManager.java:126)[0m
2026.03.09 20:49:40 INFO      at org.apache.maven.lifecycle.internal.MojoExecutor.doExecute2 (MojoExecutor.java:328)[0m
2026.03.09 20:49:40 INFO      at org.apache.maven.lifecycle.internal.MojoExecutor.doExecute (MojoExecutor.java:316)[0m
2026.03.09 20:49:40 INFO      at org.apache.maven.lifecycle.internal.MojoExecutor.execute (MojoExecutor.java:212)[0m
2026.03.09 20:49:40 INFO      at org.apache.maven.lifecycle.internal.MojoExecutor.execute (MojoExecutor.java:174)[0m
2026.03.09 20:49:40 INFO      at org.apache.maven.lifecycle.internal.MojoExecutor.access$000 (MojoExecutor.java:75)[0m
2026.03.09 20:49:40 INFO      at org.apache.maven.lifecycle.internal.MojoExecutor$1.run (MojoExecutor.java:162)[0m
2026.03.09 20:49:40 INFO      at org.apache.maven.plugin.DefaultMojosExecutionStrategy.execute (DefaultMojosExecutionStrategy.java:39)[0m
2026.03.09 20:49:40 INFO      at org.apache.maven.lifecycle.internal.MojoExecutor.execute (MojoExecutor.java:159)[0m
2026.03.09 20:49:40 INFO      at org.apache.maven.lifecycle.internal.LifecycleModuleBuilder.buildProject (LifecycleModuleBuilder.java:105)[0m
2026.03.09 20:49:40 INFO      at org.apache.maven.lifecycle.internal.LifecycleModuleBuilder.buildProject (LifecycleModuleBuilder.java:73)[0m
2026.03.09 20:49:40 INFO      at org.apache.maven.lifecycle.internal.builder.singlethreaded.SingleThreadedBuilder.build (SingleThreadedBuilder.java:53)[0m
2026.03.09 20:49:40 INFO      at org.apache.maven.lifecycle.internal.LifecycleStarter.execute (LifecycleStarter.java:118)[0m
2026.03.09 20:49:40 INFO      at org.apache.maven.DefaultMaven.doExecute (DefaultMaven.java:261)[0m
2026.03.09 20:49:40 INFO      at org.apache.maven.DefaultMaven.doExecute (DefaultMaven.java:173)[0m
2026.03.09 20:49:40 INFO      at org.apache.maven.DefaultMaven.execute (DefaultMaven.java:101)[0m
2026.03.09 20:49:40 INFO      at org.apache.maven.cli.MavenCli.execute (MavenCli.java:906)[0m
2026.03.09 20:49:40 INFO      at org.apache.maven.cli.MavenCli.doMain (MavenCli.java:283)[0m
2026.03.09 20:49:40 INFO      at org.apache.maven.cli.MavenCli.main (MavenCli.java:206)[0m
2026.03.09 20:49:40 INFO      at jdk.internal.reflect.DirectMethodHandleAccessor.invoke (DirectMethodHandleAccessor.java:103)[0m
2026.03.09 20:49:40 INFO      at java.lang.reflect.Method.invoke (Method.java:580)[0m
2026.03.09 20:49:40 INFO      at org.codehaus.plexus.classworlds.launcher.Launcher.launchEnhanced (Launcher.java:255)[0m
2026.03.09 20:49:40 INFO      at org.codehaus.plexus.classworlds.launcher.Launcher.launch (Launcher.java:201)[0m
2026.03.09 20:49:40 INFO      at org.codehaus.plexus.classworlds.launcher.Launcher.mainWithExitCode (Launcher.java:361)[0m
2026.03.09 20:49:40 INFO      at org.codehaus.plexus.classworlds.launcher.Launcher.main (Launcher.java:314)[0m
2026.03.09 20:49:40 INFO      at jdk.internal.reflect.DirectMethodHandleAccessor.invoke (DirectMethodHandleAccessor.java:103)[0m
2026.03.09 20:49:40 INFO      at java.lang.reflect.Method.invoke (Method.java:580)[0m
2026.03.09 20:49:40 INFO      at org.apache.maven.wrapper.BootstrapMainStarter.start (BootstrapMainStarter.java:52)[0m
2026.03.09 20:49:40 INFO      at org.apache.maven.wrapper.WrapperExecutor.execute (WrapperExecutor.java:161)[0m
2026.03.09 20:49:40 INFO      at org.apache.maven.wrapper.MavenWrapperMain.main (MavenWrapperMain.java:73)[0m
2026.03.09 20:49:40 INFO  [INFO] Resolving artifact: jakarta.annotation:jakarta.annotation-api:jar:1.3.5:compile (sources = false)[0m
2026.03.09 20:49:40 INFO  [INFO] SUCCESS: jakarta.annotation:jakarta.annotation-api:jar:1.3.5:compile (sources = false)[0m
2026.03.09 20:49:40 INFO  [INFO] Resolving artifact: jakarta.annotation:jakarta.annotation-api:jar:1.3.5:compile (sources = true)[0m
2026.03.09 20:49:40 INFO  [INFO] SUCCESS: jakarta.annotation:jakarta.annotation-api:jar:1.3.5:compile (sources = true)[0m
2026.03.09 20:49:40 INFO  [INFO] Resolving artifact: org.springframework:spring-core:jar:5.2.2.RELEASE:compile (sources = false)[0m
2026.03.09 20:49:40 INFO  [INFO] SUCCESS: org.springframework:spring-core:jar:5.2.2.RELEASE:compile (sources = false)[0m
2026.03.09 20:49:40 INFO  [INFO] Resolving artifact: org.springframework:spring-core:jar:5.2.2.RELEASE:compile (sources = true)[0m
2026.03.09 20:49:40 INFO  [INFO] SUCCESS: org.springframework:spring-core:jar:5.2.2.RELEASE:compile (sources = true)[0m
2026.03.09 20:49:40 INFO  [INFO] Resolving artifact: org.springframework.boot:spring-boot-autoconfigure:jar:2.2.2.RELEASE:compile (sources = false)[0m
2026.03.09 20:49:40 INFO  [INFO] SUCCESS: org.springframework.boot:spring-boot-autoconfigure:jar:2.2.2.RELEASE:compile (sources = false)[0m
2026.03.09 20:49:40 INFO  [INFO] Resolving artifact: org.springframework.boot:spring-boot-autoconfigure:jar:2.2.2.RELEASE:compile (sources = true)[0m
2026.03.09 20:49:40 INFO  [INFO] SUCCESS: org.springframework.boot:spring-boot-autoconfigure:jar:2.2.2.RELEASE:compile (sources = true)[0m
2026.03.09 20:49:40 INFO  [INFO] Resolving artifact: com.sun.istack:istack-commons-runtime:jar:3.0.8:compile (sources = false)[0m
2026.03.09 20:49:40 INFO  [INFO] SUCCESS: com.sun.istack:istack-commons-runtime:jar:3.0.8:compile (sources = false)[0m
2026.03.09 20:49:40 INFO  [INFO] Resolving artifact: com.sun.istack:istack-commons-runtime:jar:3.0.8:compile (sources = true)[0m
2026.03.09 20:49:40 INFO  [INFO] SUCCESS: com.sun.istack:istack-commons-runtime:jar:3.0.8:compile (sources = true)[0m
2026.03.09 20:49:40 INFO  [INFO] Resolving artifact: org.ow2.asm:asm:jar:5.0.4:test (sources = false)[0m
2026.03.09 20:49:40 INFO  [INFO] SUCCESS: org.ow2.asm:asm:jar:5.0.4:test (sources = false)[0m
2026.03.09 20:49:40 INFO  [INFO] Resolving artifact: org.ow2.asm:asm:jar:5.0.4:test (sources = true)[0m
2026.03.09 20:49:40 INFO  [INFO] SUCCESS: org.ow2.asm:asm:jar:5.0.4:test (sources = true)[0m
2026.03.09 20:49:40 INFO  [INFO] Resolving artifact: com.fasterxml.jackson.module:jackson-module-parameter-names:jar:2.10.1:compile (sources = false)[0m
2026.03.09 20:49:40 INFO  [INFO] SUCCESS: com.fasterxml.jackson.module:jackson-module-parameter-names:jar:2.10.1:compile (sources = false)[0m
2026.03.09 20:49:40 INFO  [INFO] Resolving artifact: com.fasterxml.jackson.module:jackson-module-parameter-names:jar:2.10.1:compile (sources = true)[0m
2026.03.09 20:49:40 INFO  [INFO] SUCCESS: com.fasterxml.jackson.module:jackson-module-parameter-names:jar:2.10.1:compile (sources = true)[0m
2026.03.09 20:49:40 INFO  [INFO] Resolving artifact: io.springfox:springfox-spi:jar:2.8.0:compile (sources = false)[0m
2026.03.09 20:49:40 INFO  [INFO] SUCCESS: io.springfox:springfox-spi:jar:2.8.0:compile (sources = false)[0m
2026.03.09 20:49:40 INFO  [INFO] Resolving artifact: io.springfox:springfox-spi:jar:2.8.0:compile (sources = true)[0m
2026.03.09 20:49:40 INFO  [INFO] SUCCESS: io.springfox:springfox-spi:jar:2.8.0:compile (sources = true)[0m
2026.03.09 20:49:40 INFO  [INFO] Resolving artifact: org.springframework.plugin:spring-plugin-metadata:jar:1.2.0.RELEASE:compile (sources = false)[0m
2026.03.09 20:49:40 INFO  [INFO] SUCCESS: org.springframework.plugin:spring-plugin-metadata:jar:1.2.0.RELEASE:compile (sources = false)[0m
2026.03.09 20:49:40 INFO  [INFO] Resolving artifact: org.springframework.plugin:spring-plugin-metadata:jar:1.2.0.RELEASE:compile (sources = true)[0m
2026.03.09 20:49:40 INFO  [INFO] SUCCESS: org.springframework.plugin:spring-plugin-metadata:jar:1.2.0.RELEASE:compile (sources = true)[0m
2026.03.09 20:49:40 INFO  [INFO] Resolving artifact: org.mockito:mockito-junit-jupiter:jar:3.1.0:test (sources = false)[0m
2026.03.09 20:49:40 INFO  [INFO] SUCCESS: org.mockito:mockito-junit-jupiter:jar:3.1.0:test (sources = false)[0m
2026.03.09 20:49:40 INFO  [INFO] Resolving artifact: org.mockito:mockito-junit-jupiter:jar:3.1.0:test (sources = true)[0m
2026.03.09 20:49:40 INFO  [INFO] SUCCESS: org.mockito:mockito-junit-jupiter:jar:3.1.0:test (sources = true)[0m
2026.03.09 20:49:40 INFO  [INFO] Resolving artifact: org.springframework:spring-web:jar:5.2.2.RELEASE:compile (sources = false)[0m
2026.03.09 20:49:40 INFO  [INFO] SUCCESS: org.springframework:spring-web:jar:5.2.2.RELEASE:compile (sources = false)[0m
2026.03.09 20:49:40 INFO  [INFO] Resolving artifact: org.springframework:spring-web:jar:5.2.2.RELEASE:compile (sources = true)[0m
2026.03.09 20:49:40 INFO  [INFO] SUCCESS: org.springframework:spring-web:jar:5.2.2.RELEASE:compile (sources = true)[0m
2026.03.09 20:49:40 INFO  [INFO] Resolving artifact: io.micrometer:micrometer-core:jar:1.3.1:compile (sources = false)[0m
2026.03.09 20:49:40 INFO  [INFO] SUCCESS: io.micrometer:micrometer-core:jar:1.3.1:compile (sources = false)[0m
2026.03.09 20:49:40 INFO  [INFO] Resolving artifact: io.micrometer:micrometer-core:jar:1.3.1:compile (sources = true)[0m
2026.03.09 20:49:40 INFO  Downloading from central: https://repo.maven.apache.org/maven2/io/micrometer/micrometer-core/1.3.1/micrometer-core-1.3.1-sources.jar[0m
2026.03.09 20:49:40 INFO  Progress (1): 8.2/296 kB[0m
2026.03.09 20:49:40 INFO  Progress (1): 16/296 kB [0m
2026.03.09 20:49:40 INFO  Progress (1): 33/296 kB[0m
2026.03.09 20:49:40 INFO  Progress (1): 49/296 kB[0m
2026.03.09 20:49:40 INFO  Progress (1): 66/296 kB[0m
2026.03.09 20:49:40 INFO  Progress (1): 82/296 kB[0m
2026.03.09 20:49:40 INFO  Progress (1): 98/296 kB[0m
2026.03.09 20:49:40 INFO  Progress (1): 115/296 kB[0m
2026.03.09 20:49:40 INFO  Progress (1): 131/296 kB[0m
2026.03.09 20:49:40 INFO  Progress (1): 147/296 kB[0m
2026.03.09 20:49:40 INFO  Progress (1): 164/296 kB[0m
2026.03.09 20:49:40 INFO  Progress (1): 180/296 kB[0m
2026.03.09 20:49:40 INFO  Progress (1): 197/296 kB[0m
2026.03.09 20:49:40 INFO  Progress (1): 200/296 kB[0m
2026.03.09 20:49:40 INFO  Progress (1): 213/296 kB[0m
2026.03.09 20:49:40 INFO  Progress (1): 217/296 kB[0m
2026.03.09 20:49:40 INFO  Progress (1): 233/296 kB[0m
2026.03.09 20:49:40 INFO  Progress (1): 250/296 kB[0m
2026.03.09 20:49:40 INFO  Progress (1): 266/296 kB[0m
2026.03.09 20:49:40 INFO  Progress (1): 282/296 kB[0m
2026.03.09 20:49:40 INFO  Progress (1): 296 kB    [0m
2026.03.09 20:49:40 INFO                      [0m
2026.03.09 20:49:40 INFO  Downloaded from central: https://repo.maven.apache.org/maven2/io/micrometer/micrometer-core/1.3.1/micrometer-core-1.3.1-sources.jar (296 kB at 1.1 MB/s)[0m
2026.03.09 20:49:40 INFO  [INFO] SUCCESS: io.micrometer:micrometer-core:jar:1.3.1:compile (sources = true)[0m
2026.03.09 20:49:40 INFO  [INFO] Resolving artifact: org.yaml:snakeyaml:jar:1.25:runtime (sources = false)[0m
2026.03.09 20:49:40 INFO  [INFO] SUCCESS: org.yaml:snakeyaml:jar:1.25:runtime (sources = false)[0m
2026.03.09 20:49:40 INFO  [INFO] Resolving artifact: org.yaml:snakeyaml:jar:1.25:runtime (sources = true)[0m
2026.03.09 20:49:40 INFO  [INFO] SUCCESS: org.yaml:snakeyaml:jar:1.25:runtime (sources = true)[0m
2026.03.09 20:49:40 INFO  [INFO] Resolving artifact: jakarta.activation:jakarta.activation-api:jar:1.2.1:compile (sources = false)[0m
2026.03.09 20:49:40 INFO  [INFO] SUCCESS: jakarta.activation:jakarta.activation-api:jar:1.2.1:compile (sources = false)[0m
2026.03.09 20:49:40 INFO  [INFO] Resolving artifact: jakarta.activation:jakarta.activation-api:jar:1.2.1:compile (sources = true)[0m
2026.03.09 20:49:40 INFO  [INFO] SUCCESS: jakarta.activation:jakarta.activation-api:jar:1.2.1:compile (sources = true)[0m
2026.03.09 20:49:40 INFO  [INFO] Resolving artifact: org.apache.tomcat.embed:tomcat-embed-websocket:jar:9.0.29:compile (sources = false)[0m
2026.03.09 20:49:40 INFO  [INFO] SUCCESS: org.apache.tomcat.embed:tomcat-embed-websocket:jar:9.0.29:compile (sources = false)[0m
2026.03.09 20:49:40 INFO  [INFO] Resolving artifact: org.apache.tomcat.embed:tomcat-embed-websocket:jar:9.0.29:compile (sources = true)[0m
2026.03.09 20:49:40 INFO  [INFO] SUCCESS: org.apache.tomcat.embed:tomcat-embed-websocket:jar:9.0.29:compile (sources = true)[0m
2026.03.09 20:49:40 INFO  [INFO] Resolving artifact: org.glassfish.jaxb:jaxb-runtime:jar:2.3.2:compile (sources = false)[0m
2026.03.09 20:49:40 INFO  [INFO] SUCCESS: org.glassfish.jaxb:jaxb-runtime:jar:2.3.2:compile (sources = false)[0m
2026.03.09 20:49:40 INFO  [INFO] Resolving artifact: org.glassfish.jaxb:jaxb-runtime:jar:2.3.2:compile (sources = true)[0m
2026.03.09 20:49:40 INFO  [INFO] SUCCESS: org.glassfish.jaxb:jaxb-runtime:jar:2.3.2:compile (sources = true)[0m
2026.03.09 20:49:40 INFO  [INFO] Resolving artifact: org.hibernate:hibernate-core:jar:5.4.9.Final:compile (sources = false)[0m
2026.03.09 20:49:40 INFO  [INFO] SUCCESS: org.hibernate:hibernate-core:jar:5.4.9.Final:compile (sources = false)[0m
2026.03.09 20:49:40 INFO  [INFO] Resolving artifact: org.hibernate:hibernate-core:jar:5.4.9.Final:compile (sources = true)[0m
2026.03.09 20:49:40 INFO  [INFO] SUCCESS: org.hibernate:hibernate-core:jar:5.4.9.Final:compile (sources = true)[0m
2026.03.09 20:49:40 INFO  [INFO] Resolving artifact: io.swagger:swagger-annotations:jar:1.5.14:compile (sources = false)[0m
2026.03.09 20:49:40 INFO  [INFO] SUCCESS: io.swagger:swagger-annotations:jar:1.5.14:compile (sources = false)[0m
2026.03.09 20:49:40 INFO  [INFO] Resolving artifact: io.swagger:swagger-annotations:jar:1.5.14:compile (sources = true)[0m
2026.03.09 20:49:40 INFO  [INFO] SUCCESS: io.swagger:swagger-annotations:jar:1.5.14:compile (sources = true)[0m
2026.03.09 20:49:40 INFO  [INFO] Resolving artifact: jakarta.transaction:jakarta.transaction-api:jar:1.3.3:compile (sources = false)[0m
2026.03.09 20:49:40 INFO  [INFO] SUCCESS: jakarta.transaction:jakarta.transaction-api:jar:1.3.3:compile (sources = false)[0m
2026.03.09 20:49:40 INFO  [INFO] Resolving artifact: jakarta.transaction:jakarta.transaction-api:jar:1.3.3:compile (sources = true)[0m
2026.03.09 20:49:40 INFO  [INFO] SUCCESS: jakarta.transaction:jakarta.transaction-api:jar:1.3.3:compile (sources = true)[0m
2026.03.09 20:49:40 INFO  [INFO] Resolving artifact: org.springframework:spring-jdbc:jar:5.2.2.RELEASE:compile (sources = false)[0m
2026.03.09 20:49:40 INFO  [INFO] SUCCESS: org.springframework:spring-jdbc:jar:5.2.2.RELEASE:compile (sources = false)[0m
2026.03.09 20:49:40 INFO  [INFO] Resolving artifact: org.springframework:spring-jdbc:jar:5.2.2.RELEASE:compile (sources = true)[0m
2026.03.09 20:49:40 INFO  [INFO] SUCCESS: org.springframework:spring-jdbc:jar:5.2.2.RELEASE:compile (sources = true)[0m
2026.03.09 20:49:40 INFO  [INFO] Resolving artifact: org.springframework.boot:spring-boot:jar:2.2.2.RELEASE:compile (sources = false)[0m
2026.03.09 20:49:40 INFO  [INFO] SUCCESS: org.springframework.boot:spring-boot:jar:2.2.2.RELEASE:compile (sources = false)[0m
2026.03.09 20:49:40 INFO  [INFO] Resolving artifact: org.springframework.boot:spring-boot:jar:2.2.2.RELEASE:compile (sources = true)[0m
2026.03.09 20:49:40 INFO  [INFO] SUCCESS: org.springframework.boot:spring-boot:jar:2.2.2.RELEASE:compile (sources = true)[0m
2026.03.09 20:49:40 INFO  [INFO] Resolving artifact: org.springframework.boot:spring-boot-starter-validation:jar:2.2.2.RELEASE:compile (sources = false)[0m
2026.03.09 20:49:40 INFO  [INFO] SUCCESS: org.springframework.boot:spring-boot-starter-validation:jar:2.2.2.RELEASE:compile (sources = false)[0m
2026.03.09 20:49:40 INFO  [INFO] Resolving artifact: org.springframework.boot:spring-boot-starter-validation:jar:2.2.2.RELEASE:compile (sources = true)[0m
2026.03.09 20:49:40 INFO  [INFO] SUCCESS: org.springframework.boot:spring-boot-starter-validation:jar:2.2.2.RELEASE:compile (sources = true)[0m
2026.03.09 20:49:40 INFO  [INFO] Resolving artifact: org.jboss.logging:jboss-logging:jar:3.4.1.Final:compile (sources = false)[0m
2026.03.09 20:49:40 INFO  [INFO] SUCCESS: org.jboss.logging:jboss-logging:jar:3.4.1.Final:compile (sources = false)[0m
2026.03.09 20:49:40 INFO  [INFO] Resolving artifact: org.jboss.logging:jboss-logging:jar:3.4.1.Final:compile (sources = true)[0m
2026.03.09 20:49:40 INFO  [INFO] SUCCESS: org.jboss.logging:jboss-logging:jar:3.4.1.Final:compile (sources = true)[0m
2026.03.09 20:49:40 INFO  [INFO] Resolving artifact: org.xmlunit:xmlunit-core:jar:2.6.3:test (sources = false)[0m
2026.03.09 20:49:40 INFO  [INFO] SUCCESS: org.xmlunit:xmlunit-core:jar:2.6.3:test (sources = false)[0m
2026.03.09 20:49:40 INFO  [INFO] Resolving artifact: org.xmlunit:xmlunit-core:jar:2.6.3:test (sources = true)[0m
2026.03.09 20:49:40 INFO  [INFO] SUCCESS: org.xmlunit:xmlunit-core:jar:2.6.3:test (sources = true)[0m
2026.03.09 20:49:40 INFO  [INFO] Resolving artifact: org.slf4j:jul-to-slf4j:jar:1.7.29:compile (sources = false)[0m
2026.03.09 20:49:40 INFO  [INFO] SUCCESS: org.slf4j:jul-to-slf4j:jar:1.7.29:compile (sources = false)[0m
2026.03.09 20:49:40 INFO  [INFO] Resolving artifact: org.slf4j:jul-to-slf4j:jar:1.7.29:compile (sources = true)[0m
2026.03.09 20:49:40 INFO  [INFO] SUCCESS: org.slf4j:jul-to-slf4j:jar:1.7.29:compile (sources = true)[0m
2026.03.09 20:49:40 INFO  [INFO] Resolving artifact: com.fasterxml.jackson.datatype:jackson-datatype-jdk8:jar:2.10.1:compile (sources = false)[0m
2026.03.09 20:49:40 INFO  [INFO] SUCCESS: com.fasterxml.jackson.datatype:jackson-datatype-jdk8:jar:2.10.1:compile (sources = false)[0m
2026.03.09 20:49:40 INFO  [INFO] Resolving artifact: com.fasterxml.jackson.datatype:jackson-datatype-jdk8:jar:2.10.1:compile (sources = true)[0m
2026.03.09 20:49:40 INFO  [INFO] SUCCESS: com.fasterxml.jackson.datatype:jackson-datatype-jdk8:jar:2.10.1:compile (sources = true)[0m
2026.03.09 20:49:40 INFO  [INFO] Resolving artifact: org.springframework:spring-expression:jar:5.2.2.RELEASE:compile (sources = false)[0m
2026.03.09 20:49:40 INFO  [INFO] SUCCESS: org.springframework:spring-expression:jar:5.2.2.RELEASE:compile (sources = false)[0m
2026.03.09 20:49:40 INFO  [INFO] Resolving artifact: org.springframework:spring-expression:jar:5.2.2.RELEASE:compile (sources = true)[0m
2026.03.09 20:49:40 INFO  [INFO] SUCCESS: org.springframework:spring-expression:jar:5.2.2.RELEASE:compile (sources = true)[0m
2026.03.09 20:49:40 INFO  [INFO] Resolving artifact: org.hibernate.validator:hibernate-validator:jar:6.0.18.Final:compile (sources = false)[0m
2026.03.09 20:49:40 INFO  [INFO] SUCCESS: org.hibernate.validator:hibernate-validator:jar:6.0.18.Final:compile (sources = false)[0m
2026.03.09 20:49:40 INFO  [INFO] Resolving artifact: org.hibernate.validator:hibernate-validator:jar:6.0.18.Final:compile (sources = true)[0m
2026.03.09 20:49:40 INFO  [INFO] SUCCESS: org.hibernate.validator:hibernate-validator:jar:6.0.18.Final:compile (sources = true)[0m
2026.03.09 20:49:40 INFO  [INFO] Resolving artifact: org.springframework:spring-aop:jar:5.2.2.RELEASE:compile (sources = false)[0m
2026.03.09 20:49:40 INFO  [INFO] SUCCESS: org.springframework:spring-aop:jar:5.2.2.RELEASE:compile (sources = false)[0m
2026.03.09 20:49:40 INFO  [INFO] Resolving artifact: org.springframework:spring-aop:jar:5.2.2.RELEASE:compile (sources = true)[0m
2026.03.09 20:49:40 INFO  [INFO] SUCCESS: org.springframework:spring-aop:jar:5.2.2.RELEASE:compile (sources = true)[0m
2026.03.09 20:49:40 INFO  [INFO] Resolving artifact: net.bytebuddy:byte-buddy-agent:jar:1.10.4:test (sources = false)[0m
2026.03.09 20:49:40 INFO  [INFO] SUCCESS: net.bytebuddy:byte-buddy-agent:jar:1.10.4:test (sources = false)[0m
2026.03.09 20:49:40 INFO  [INFO] Resolving artifact: net.bytebuddy:byte-buddy-agent:jar:1.10.4:test (sources = true)[0m
2026.03.09 20:49:40 INFO  [INFO] SUCCESS: net.bytebuddy:byte-buddy-agent:jar:1.10.4:test (sources = true)[0m
2026.03.09 20:49:40 INFO  [INFO] Resolving artifact: jakarta.xml.bind:jakarta.xml.bind-api:jar:2.3.2:compile (sources = false)[0m
2026.03.09 20:49:40 INFO  [INFO] SUCCESS: jakarta.xml.bind:jakarta.xml.bind-api:jar:2.3.2:compile (sources = false)[0m
2026.03.09 20:49:40 INFO  [INFO] Resolving artifact: jakarta.xml.bind:jakarta.xml.bind-api:jar:2.3.2:compile (sources = true)[0m
2026.03.09 20:49:40 INFO  [INFO] SUCCESS: jakarta.xml.bind:jakarta.xml.bind-api:jar:2.3.2:compile (sources = true)[0m
2026.03.09 20:49:40 INFO  [INFO] Resolving artifact: org.springframework.boot:spring-boot-starter-web:jar:2.2.2.RELEASE:compile (sources = false)[0m
2026.03.09 20:49:40 INFO  [INFO] SUCCESS: org.springframework.boot:spring-boot-starter-web:jar:2.2.2.RELEASE:compile (sources = false)[0m
2026.03.09 20:49:40 INFO  [INFO] Resolving artifact: org.springframework.boot:spring-boot-starter-web:jar:2.2.2.RELEASE:compile (sources = true)[0m
2026.03.09 20:49:40 INFO  [INFO] SUCCESS: org.springframework.boot:spring-boot-starter-web:jar:2.2.2.RELEASE:compile (sources = true)[0m
2026.03.09 20:49:40 INFO  [INFO] Resolving artifact: com.h2database:h2:jar:1.4.200:runtime (sources = false)[0m
2026.03.09 20:49:40 INFO  [INFO] SUCCESS: com.h2database:h2:jar:1.4.200:runtime (sources = false)[0m
2026.03.09 20:49:40 INFO  [INFO] Resolving artifact: com.h2database:h2:jar:1.4.200:runtime (sources = true)[0m
2026.03.09 20:49:40 INFO  [INFO] SUCCESS: com.h2database:h2:jar:1.4.200:runtime (sources = true)[0m
2026.03.09 20:49:40 INFO  [INFO] Resolving artifact: org.aspectj:aspectjweaver:jar:1.9.5:compile (sources = false)[0m
2026.03.09 20:49:40 INFO  [INFO] SUCCESS: org.aspectj:aspectjweaver:jar:1.9.5:compile (sources = false)[0m
2026.03.09 20:49:40 INFO  [INFO] Resolving artifact: org.aspectj:aspectjweaver:jar:1.9.5:compile (sources = true)[0m
2026.03.09 20:49:40 INFO  [INFO] SUCCESS: org.aspectj:aspectjweaver:jar:1.9.5:compile (sources = true)[0m
2026.03.09 20:49:40 INFO  [INFO] Resolving artifact: org.springframework:spring-jcl:jar:5.2.2.RELEASE:compile (sources = false)[0m
2026.03.09 20:49:40 INFO  [INFO] SUCCESS: org.springframework:spring-jcl:jar:5.2.2.RELEASE:compile (sources = false)[0m
2026.03.09 20:49:40 INFO  [INFO] Resolving artifact: org.springframework:spring-jcl:jar:5.2.2.RELEASE:compile (sources = true)[0m
2026.03.09 20:49:40 INFO  [INFO] SUCCESS: org.springframework:spring-jcl:jar:5.2.2.RELEASE:compile (sources = true)[0m
2026.03.09 20:49:40 INFO  [INFO] Resolving artifact: org.junit.jupiter:junit-jupiter-engine:jar:5.5.2:test (sources = false)[0m
2026.03.09 20:49:40 INFO  [INFO] SUCCESS: org.junit.jupiter:junit-jupiter-engine:jar:5.5.2:test (sources = false)[0m
2026.03.09 20:49:40 INFO  [INFO] Resolving artifact: org.junit.jupiter:junit-jupiter-engine:jar:5.5.2:test (sources = true)[0m
2026.03.09 20:49:40 INFO  [INFO] SUCCESS: org.junit.jupiter:junit-jupiter-engine:jar:5.5.2:test (sources = true)[0m
2026.03.09 20:49:40 INFO  [INFO] Resolving artifact: org.springframework.boot:spring-boot-test-autoconfigure:jar:2.2.2.RELEASE:test (sources = false)[0m
2026.03.09 20:49:40 INFO  [INFO] SUCCESS: org.springframework.boot:spring-boot-test-autoconfigure:jar:2.2.2.RELEASE:test (sources = false)[0m
2026.03.09 20:49:40 INFO  [INFO] Resolving artifact: org.springframework.boot:spring-boot-test-autoconfigure:jar:2.2.2.RELEASE:test (sources = true)[0m
2026.03.09 20:49:40 INFO  [INFO] SUCCESS: org.springframework.boot:spring-boot-test-autoconfigure:jar:2.2.2.RELEASE:test (sources = true)[0m
2026.03.09 20:49:40 INFO  [INFO] Resolving artifact: io.springfox:springfox-schema:jar:2.8.0:compile (sources = false)[0m
2026.03.09 20:49:40 INFO  [INFO] SUCCESS: io.springfox:springfox-schema:jar:2.8.0:compile (sources = false)[0m
2026.03.09 20:49:40 INFO  [INFO] Resolving artifact: io.springfox:springfox-schema:jar:2.8.0:compile (sources = true)[0m
2026.03.09 20:49:40 INFO  [INFO] SUCCESS: io.springfox:springfox-schema:jar:2.8.0:compile (sources = true)[0m
2026.03.09 20:49:40 INFO  [INFO] Resolving artifact: org.springframework.data:spring-data-commons:jar:2.2.3.RELEASE:compile (sources = false)[0m
2026.03.09 20:49:40 INFO  [INFO] SUCCESS: org.springframework.data:spring-data-commons:jar:2.2.3.RELEASE:compile (sources = false)[0m
2026.03.09 20:49:40 INFO  [INFO] Resolving artifact: org.springframework.data:spring-data-commons:jar:2.2.3.RELEASE:compile (sources = true)[0m
2026.03.09 20:49:40 INFO  [INFO] SUCCESS: org.springframework.data:spring-data-commons:jar:2.2.3.RELEASE:compile (sources = true)[0m
2026.03.09 20:49:40 INFO  [INFO] Resolving artifact: org.glassfish.jaxb:txw2:jar:2.3.2:compile (sources = false)[0m
2026.03.09 20:49:40 INFO  [INFO] SUCCESS: org.glassfish.jaxb:txw2:jar:2.3.2:compile (sources = false)[0m
2026.03.09 20:49:40 INFO  [INFO] Resolving artifact: org.glassfish.jaxb:txw2:jar:2.3.2:compile (sources = true)[0m
2026.03.09 20:49:40 INFO  [INFO] SUCCESS: org.glassfish.jaxb:txw2:jar:2.3.2:compile (sources = true)[0m
2026.03.09 20:49:40 INFO  [INFO] Resolving artifact: io.springfox:springfox-core:jar:2.8.0:compile (sources = false)[0m
2026.03.09 20:49:40 INFO  [INFO] SUCCESS: io.springfox:springfox-core:jar:2.8.0:compile (sources = false)[0m
2026.03.09 20:49:40 INFO  [INFO] Resolving artifact: io.springfox:springfox-core:jar:2.8.0:compile (sources = true)[0m
2026.03.09 20:49:40 INFO  [INFO] SUCCESS: io.springfox:springfox-core:jar:2.8.0:compile (sources = true)[0m
2026.03.09 20:49:40 INFO  [INFO] Resolving artifact: junit:junit:jar:4.12:test (sources = false)[0m
2026.03.09 20:49:40 INFO  [INFO] SUCCESS: junit:junit:jar:4.12:test (sources = false)[0m
2026.03.09 20:49:40 INFO  [INFO] Resolving artifact: junit:junit:jar:4.12:test (sources = true)[0m
2026.03.09 20:49:40 INFO  [INFO] SUCCESS: junit:junit:jar:4.12:test (sources = true)[0m
2026.03.09 20:49:40 INFO  [INFO] Resolving artifact: org.latencyutils:LatencyUtils:jar:2.0.3:compile (sources = false)[0m
2026.03.09 20:49:40 INFO  [INFO] SUCCESS: org.latencyutils:LatencyUtils:jar:2.0.3:compile (sources = false)[0m
2026.03.09 20:49:40 INFO  [INFO] Resolving artifact: org.latencyutils:LatencyUtils:jar:2.0.3:compile (sources = true)[0m
2026.03.09 20:49:40 INFO  Downloading from central: https://repo.maven.apache.org/maven2/org/latencyutils/LatencyUtils/2.0.3/LatencyUtils-2.0.3-sources.jar[0m
2026.03.09 20:49:40 INFO  Progress (1): 7.7/19 kB[0m
2026.03.09 20:49:40 INFO  Progress (1): 16/19 kB [0m
2026.03.09 20:49:40 INFO  Progress (1): 19 kB   [0m
2026.03.09 20:49:40 INFO                     [0m
2026.03.09 20:49:40 INFO  Downloaded from central: https://repo.maven.apache.org/maven2/org/latencyutils/LatencyUtils/2.0.3/LatencyUtils-2.0.3-sources.jar (19 kB at 367 kB/s)[0m
2026.03.09 20:49:40 INFO  [INFO] SUCCESS: org.latencyutils:LatencyUtils:jar:2.0.3:compile (sources = true)[0m
2026.03.09 20:49:40 INFO  [INFO] Resolving artifact: net.bytebuddy:byte-buddy:jar:1.10.4:compile (sources = false)[0m
2026.03.09 20:49:40 INFO  [INFO] SUCCESS: net.bytebuddy:byte-buddy:jar:1.10.4:compile (sources = false)[0m
2026.03.09 20:49:40 INFO  [INFO] Resolving artifact: net.bytebuddy:byte-buddy:jar:1.10.4:compile (sources = true)[0m
2026.03.09 20:49:40 INFO  [INFO] SUCCESS: net.bytebuddy:byte-buddy:jar:1.10.4:compile (sources = true)[0m
2026.03.09 20:49:40 INFO  [INFO] Resolving artifact: org.apache.logging.log4j:log4j-to-slf4j:jar:2.12.1:compile (sources = false)[0m
2026.03.09 20:49:40 INFO  [INFO] SUCCESS: org.apache.logging.log4j:log4j-to-slf4j:jar:2.12.1:compile (sources = false)[0m
2026.03.09 20:49:40 INFO  [INFO] Resolving artifact: org.apache.logging.log4j:log4j-to-slf4j:jar:2.12.1:compile (sources = true)[0m
2026.03.09 20:49:40 INFO  [INFO] SUCCESS: org.apache.logging.log4j:log4j-to-slf4j:jar:2.12.1:compile (sources = true)[0m
2026.03.09 20:49:40 INFO  [INFO] Resolving artifact: org.projectlombok:lombok:jar:1.18.10:provided (sources = false)[0m
2026.03.09 20:49:40 INFO  [INFO] SUCCESS: org.projectlombok:lombok:jar:1.18.10:provided (sources = false)[0m
2026.03.09 20:49:40 INFO  [INFO] Resolving artifact: org.projectlombok:lombok:jar:1.18.10:provided (sources = true)[0m
2026.03.09 20:49:40 INFO  [INFO] SUCCESS: org.projectlombok:lombok:jar:1.18.10:provided (sources = true)[0m
2026.03.09 20:49:40 INFO  [INFO] Resolving artifact: org.springframework.boot:spring-boot-starter-jdbc:jar:2.2.2.RELEASE:compile (sources = false)[0m
2026.03.09 20:49:40 INFO  [INFO] SUCCESS: org.springframework.boot:spring-boot-starter-jdbc:jar:2.2.2.RELEASE:compile (sources = false)[0m
2026.03.09 20:49:40 INFO  [INFO] Resolving artifact: org.springframework.boot:spring-boot-starter-jdbc:jar:2.2.2.RELEASE:compile (sources = true)[0m
2026.03.09 20:49:40 INFO  [INFO] SUCCESS: org.springframework.boot:spring-boot-starter-jdbc:jar:2.2.2.RELEASE:compile (sources = true)[0m
2026.03.09 20:49:40 INFO  [INFO] Resolving artifact: com.vaadin.external.google:android-json:jar:0.0.20131108.vaadin1:test (sources = false)[0m
2026.03.09 20:49:40 INFO  [INFO] SUCCESS: com.vaadin.external.google:android-json:jar:0.0.20131108.vaadin1:test (sources = false)[0m
2026.03.09 20:49:40 INFO  [INFO] Resolving artifact: com.vaadin.external.google:android-json:jar:0.0.20131108.vaadin1:test (sources = true)[0m
2026.03.09 20:49:40 INFO  [INFO] SUCCESS: com.vaadin.external.google:android-json:jar:0.0.20131108.vaadin1:test (sources = true)[0m
2026.03.09 20:49:40 INFO  [INFO] Resolving artifact: org.javassist:javassist:jar:3.24.0-GA:compile (sources = false)[0m
2026.03.09 20:49:40 INFO  [INFO] SUCCESS: org.javassist:javassist:jar:3.24.0-GA:compile (sources = false)[0m
2026.03.09 20:49:40 INFO  [INFO] Resolving artifact: org.javassist:javassist:jar:3.24.0-GA:compile (sources = true)[0m
2026.03.09 20:49:40 INFO  [INFO] SUCCESS: org.javassist:javassist:jar:3.24.0-GA:compile (sources = true)[0m
2026.03.09 20:49:40 INFO  [INFO] Resolving artifact: org.junit.platform:junit-platform-engine:jar:1.5.2:test (sources = false)[0m
2026.03.09 20:49:40 INFO  [INFO] SUCCESS: org.junit.platform:junit-platform-engine:jar:1.5.2:test (sources = false)[0m
2026.03.09 20:49:40 INFO  [INFO] Resolving artifact: org.junit.platform:junit-platform-engine:jar:1.5.2:test (sources = true)[0m
2026.03.09 20:49:40 INFO  [INFO] SUCCESS: org.junit.platform:junit-platform-engine:jar:1.5.2:test (sources = true)[0m
2026.03.09 20:49:40 INFO  [INFO] Resolving artifact: org.dom4j:dom4j:jar:2.1.1:compile (sources = false)[0m
2026.03.09 20:49:40 INFO  [INFO] SUCCESS: org.dom4j:dom4j:jar:2.1.1:compile (sources = false)[0m
2026.03.09 20:49:40 INFO  [INFO] Resolving artifact: org.dom4j:dom4j:jar:2.1.1:compile (sources = true)[0m
2026.03.09 20:49:40 INFO  [INFO] SUCCESS: org.dom4j:dom4j:jar:2.1.1:compile (sources = true)[0m
2026.03.09 20:49:40 INFO  [INFO] Generated .bloop\movie-service.json[0m
2026.03.09 20:49:40 INFO  [INFO] Resolving artifact: org.springframework:spring-webmvc:jar:5.2.2.RELEASE:compile (sources = false)[0m
2026.03.09 20:49:40 INFO  [INFO] SUCCESS: org.springframework:spring-webmvc:jar:5.2.2.RELEASE:compile (sources = false)[0m
2026.03.09 20:49:40 INFO  [INFO] Resolving artifact: org.springframework:spring-webmvc:jar:5.2.2.RELEASE:compile (sources = true)[0m
2026.03.09 20:49:40 INFO  [INFO] SUCCESS: org.springframework:spring-webmvc:jar:5.2.2.RELEASE:compile (sources = true)[0m
2026.03.09 20:49:40 INFO  [INFO] Resolving artifact: org.skyscreamer:jsonassert:jar:1.5.0:test (sources = false)[0m
2026.03.09 20:49:40 INFO  [INFO] SUCCESS: org.skyscreamer:jsonassert:jar:1.5.0:test (sources = false)[0m
2026.03.09 20:49:40 INFO  [INFO] Resolving artifact: org.skyscreamer:jsonassert:jar:1.5.0:test (sources = true)[0m
2026.03.09 20:49:40 INFO  [INFO] SUCCESS: org.skyscreamer:jsonassert:jar:1.5.0:test (sources = true)[0m
2026.03.09 20:49:40 INFO  [INFO] Resolving artifact: org.springframework.boot:spring-boot-starter:jar:2.2.2.RELEASE:compile (sources = false)[0m
2026.03.09 20:49:40 INFO  [INFO] SUCCESS: org.springframework.boot:spring-boot-starter:jar:2.2.2.RELEASE:compile (sources = false)[0m
2026.03.09 20:49:40 INFO  [INFO] Resolving artifact: org.springframework.boot:spring-boot-starter:jar:2.2.2.RELEASE:compile (sources = true)[0m
2026.03.09 20:49:40 INFO  [INFO] SUCCESS: org.springframework.boot:spring-boot-starter:jar:2.2.2.RELEASE:compile (sources = true)[0m
2026.03.09 20:49:40 INFO  [INFO] Resolving artifact: org.springframework:spring-orm:jar:5.2.2.RELEASE:compile (sources = false)[0m
2026.03.09 20:49:40 INFO  [INFO] SUCCESS: org.springframework:spring-orm:jar:5.2.2.RELEASE:compile (sources = false)[0m
2026.03.09 20:49:40 INFO  [INFO] Resolving artifact: org.springframework:spring-orm:jar:5.2.2.RELEASE:compile (sources = true)[0m
2026.03.09 20:49:40 INFO  [INFO] SUCCESS: org.springframework:spring-orm:jar:5.2.2.RELEASE:compile (sources = true)[0m
2026.03.09 20:49:40 INFO  [INFO] Resolving artifact: org.springframework.boot:spring-boot-starter-tomcat:jar:2.2.2.RELEASE:compile (sources = false)[0m
2026.03.09 20:49:40 INFO  [INFO] SUCCESS: org.springframework.boot:spring-boot-starter-tomcat:jar:2.2.2.RELEASE:compile (sources = false)[0m
2026.03.09 20:49:40 INFO  [INFO] Resolving artifact: org.springframework.boot:spring-boot-starter-tomcat:jar:2.2.2.RELEASE:compile (sources = true)[0m
2026.03.09 20:49:40 INFO  [INFO] SUCCESS: org.springframework.boot:spring-boot-starter-tomcat:jar:2.2.2.RELEASE:compile (sources = true)[0m
2026.03.09 20:49:40 INFO  [INFO] Resolving artifact: org.opentest4j:opentest4j:jar:1.2.0:test (sources = false)[0m
2026.03.09 20:49:40 INFO  [INFO] SUCCESS: org.opentest4j:opentest4j:jar:1.2.0:test (sources = false)[0m
2026.03.09 20:49:40 INFO  [INFO] Resolving artifact: org.opentest4j:opentest4j:jar:1.2.0:test (sources = true)[0m
2026.03.09 20:49:40 INFO  [INFO] SUCCESS: org.opentest4j:opentest4j:jar:1.2.0:test (sources = true)[0m
2026.03.09 20:49:40 INFO  [INFO] Resolving artifact: jakarta.persistence:jakarta.persistence-api:jar:2.2.3:compile (sources = false)[0m
2026.03.09 20:49:40 INFO  [INFO] SUCCESS: jakarta.persistence:jakarta.persistence-api:jar:2.2.3:compile (sources = false)[0m
2026.03.09 20:49:40 INFO  [INFO] Resolving artifact: jakarta.persistence:jakarta.persistence-api:jar:2.2.3:compile (sources = true)[0m
2026.03.09 20:49:40 INFO  [INFO] SUCCESS: jakarta.persistence:jakarta.persistence-api:jar:2.2.3:compile (sources = true)[0m
2026.03.09 20:49:40 INFO  [INFO] Resolving artifact: org.objenesis:objenesis:jar:2.6:test (sources = false)[0m
2026.03.09 20:49:40 INFO  [INFO] SUCCESS: org.objenesis:objenesis:jar:2.6:test (sources = false)[0m
2026.03.09 20:49:40 INFO  [INFO] Resolving artifact: org.objenesis:objenesis:jar:2.6:test (sources = true)[0m
2026.03.09 20:49:40 INFO  [INFO] SUCCESS: org.objenesis:objenesis:jar:2.6:test (sources = true)[0m
2026.03.09 20:49:40 INFO  [INFO] Resolving artifact: org.hdrhistogram:HdrHistogram:jar:2.1.11:compile (sources = false)[0m
2026.03.09 20:49:40 INFO  [INFO] SUCCESS: org.hdrhistogram:HdrHistogram:jar:2.1.11:compile (sources = false)[0m
2026.03.09 20:49:40 INFO  [INFO] Resolving artifact: org.hdrhistogram:HdrHistogram:jar:2.1.11:compile (sources = true)[0m
2026.03.09 20:49:40 INFO  [INFO] SUCCESS: org.hdrhistogram:HdrHistogram:jar:2.1.11:compile (sources = true)[0m
2026.03.09 20:49:40 INFO  [INFO] Resolving artifact: org.junit.platform:junit-platform-commons:jar:1.5.2:test (sources = false)[0m
2026.03.09 20:49:40 INFO  [INFO] SUCCESS: org.junit.platform:junit-platform-commons:jar:1.5.2:test (sources = false)[0m
2026.03.09 20:49:40 INFO  [INFO] Resolving artifact: org.junit.platform:junit-platform-commons:jar:1.5.2:test (sources = true)[0m
2026.03.09 20:49:40 INFO  [INFO] SUCCESS: org.junit.platform:junit-platform-commons:jar:1.5.2:test (sources = true)[0m
2026.03.09 20:49:40 INFO  [INFO] Resolving artifact: org.hibernate.common:hibernate-commons-annotations:jar:5.1.0.Final:compile (sources = false)[0m
2026.03.09 20:49:40 INFO  [INFO] SUCCESS: org.hibernate.common:hibernate-commons-annotations:jar:5.1.0.Final:compile (sources = false)[0m
2026.03.09 20:49:40 INFO  [INFO] Resolving artifact: org.hibernate.common:hibernate-commons-annotations:jar:5.1.0.Final:compile (sources = true)[0m
2026.03.09 20:49:40 INFO  [INFO] SUCCESS: org.hibernate.common:hibernate-commons-annotations:jar:5.1.0.Final:compile (sources = true)[0m
2026.03.09 20:49:40 INFO  [INFO] Resolving artifact: org.springframework:spring-test:jar:5.2.2.RELEASE:test (sources = false)[0m
2026.03.09 20:49:40 INFO  [INFO] SUCCESS: org.springframework:spring-test:jar:5.2.2.RELEASE:test (sources = false)[0m
2026.03.09 20:49:40 INFO  [INFO] Resolving artifact: org.springframework:spring-test:jar:5.2.2.RELEASE:test (sources = true)[0m
2026.03.09 20:49:40 INFO  [INFO] SUCCESS: org.springframework:spring-test:jar:5.2.2.RELEASE:test (sources = true)[0m
2026.03.09 20:49:40 INFO  [INFO] Resolving artifact: ch.qos.logback:logback-classic:jar:1.2.3:compile (sources = false)[0m
2026.03.09 20:49:40 INFO  [INFO] SUCCESS: ch.qos.logback:logback-classic:jar:1.2.3:compile (sources = false)[0m
2026.03.09 20:49:40 INFO  [INFO] Resolving artifact: ch.qos.logback:logback-classic:jar:1.2.3:compile (sources = true)[0m
2026.03.09 20:49:41 INFO  [INFO] SUCCESS: ch.qos.logback:logback-classic:jar:1.2.3:compile (sources = true)[0m
2026.03.09 20:49:41 INFO  [INFO] Resolving artifact: org.apache.tomcat.embed:tomcat-embed-el:jar:9.0.29:compile (sources = false)[0m
2026.03.09 20:49:41 INFO  [INFO] SUCCESS: org.apache.tomcat.embed:tomcat-embed-el:jar:9.0.29:compile (sources = false)[0m
2026.03.09 20:49:41 INFO  [INFO] Resolving artifact: org.apache.tomcat.embed:tomcat-embed-el:jar:9.0.29:compile (sources = true)[0m
2026.03.09 20:49:41 INFO  [INFO] SUCCESS: org.apache.tomcat.embed:tomcat-embed-el:jar:9.0.29:compile (sources = true)[0m
2026.03.09 20:49:41 INFO  [INFO] Resolving artifact: io.swagger:swagger-models:jar:1.5.14:compile (sources = false)[0m
2026.03.09 20:49:41 INFO  [INFO] SUCCESS: io.swagger:swagger-models:jar:1.5.14:compile (sources = false)[0m
2026.03.09 20:49:41 INFO  [INFO] Resolving artifact: io.swagger:swagger-models:jar:1.5.14:compile (sources = true)[0m
2026.03.09 20:49:41 INFO  [INFO] SUCCESS: io.swagger:swagger-models:jar:1.5.14:compile (sources = true)[0m
2026.03.09 20:49:41 INFO  [INFO] Resolving artifact: org.assertj:assertj-core:jar:3.13.2:test (sources = false)[0m
2026.03.09 20:49:41 INFO  [INFO] SUCCESS: org.assertj:assertj-core:jar:3.13.2:test (sources = false)[0m
2026.03.09 20:49:41 INFO  [INFO] Resolving artifact: org.assertj:assertj-core:jar:3.13.2:test (sources = true)[0m
2026.03.09 20:49:41 INFO  [INFO] SUCCESS: org.assertj:assertj-core:jar:3.13.2:test (sources = true)[0m
2026.03.09 20:49:41 INFO  [INFO] Resolving artifact: com.google.guava:guava:jar:20.0:compile (sources = false)[0m
2026.03.09 20:49:41 INFO  [INFO] SUCCESS: com.google.guava:guava:jar:20.0:compile (sources = false)[0m
2026.03.09 20:49:41 INFO  [INFO] Resolving artifact: com.google.guava:guava:jar:20.0:compile (sources = true)[0m
2026.03.09 20:49:41 INFO  [INFO] SUCCESS: com.google.guava:guava:jar:20.0:compile (sources = true)[0m
2026.03.09 20:49:41 INFO  [INFO] Resolving artifact: com.fasterxml.jackson.core:jackson-core:jar:2.10.1:compile (sources = false)[0m
2026.03.09 20:49:41 INFO  [INFO] SUCCESS: com.fasterxml.jackson.core:jackson-core:jar:2.10.1:compile (sources = false)[0m
2026.03.09 20:49:41 INFO  [INFO] Resolving artifact: com.fasterxml.jackson.core:jackson-core:jar:2.10.1:compile (sources = true)[0m
2026.03.09 20:49:41 INFO  [INFO] SUCCESS: com.fasterxml.jackson.core:jackson-core:jar:2.10.1:compile (sources = true)[0m
2026.03.09 20:49:41 INFO  [INFO] Resolving artifact: org.springframework.boot:spring-boot-devtools:jar:2.2.2.RELEASE:runtime (sources = false)[0m
2026.03.09 20:49:41 INFO  [INFO] SUCCESS: org.springframework.boot:spring-boot-devtools:jar:2.2.2.RELEASE:runtime (sources = false)[0m
2026.03.09 20:49:41 INFO  [INFO] Resolving artifact: org.springframework.boot:spring-boot-devtools:jar:2.2.2.RELEASE:runtime (sources = true)[0m
2026.03.09 20:49:41 INFO  [INFO] SUCCESS: org.springframework.boot:spring-boot-devtools:jar:2.2.2.RELEASE:runtime (sources = true)[0m
2026.03.09 20:49:41 INFO  [INFO] Resolving artifact: org.springframework.boot:spring-boot-starter-data-jpa:jar:2.2.2.RELEASE:compile (sources = false)[0m
2026.03.09 20:49:41 INFO  [INFO] SUCCESS: org.springframework.boot:spring-boot-starter-data-jpa:jar:2.2.2.RELEASE:compile (sources = false)[0m
2026.03.09 20:49:41 INFO  [INFO] Resolving artifact: org.springframework.boot:spring-boot-starter-data-jpa:jar:2.2.2.RELEASE:compile (sources = true)[0m
2026.03.09 20:49:41 INFO  [INFO] SUCCESS: org.springframework.boot:spring-boot-starter-data-jpa:jar:2.2.2.RELEASE:compile (sources = true)[0m
2026.03.09 20:49:41 INFO  [INFO] Resolving artifact: org.jboss:jandex:jar:2.1.1.Final:compile (sources = false)[0m
2026.03.09 20:49:41 INFO  [INFO] SUCCESS: org.jboss:jandex:jar:2.1.1.Final:compile (sources = false)[0m
2026.03.09 20:49:41 INFO  [INFO] Resolving artifact: org.jboss:jandex:jar:2.1.1.Final:compile (sources = true)[0m
2026.03.09 20:49:41 INFO  [INFO] SUCCESS: org.jboss:jandex:jar:2.1.1.Final:compile (sources = true)[0m
2026.03.09 20:49:41 INFO  [INFO] Resolving artifact: org.apache.tomcat.embed:tomcat-embed-core:jar:9.0.29:compile (sources = false)[0m
2026.03.09 20:49:41 INFO  [INFO] SUCCESS: org.apache.tomcat.embed:tomcat-embed-core:jar:9.0.29:compile (sources = false)[0m
2026.03.09 20:49:41 INFO  [INFO] Resolving artifact: org.apache.tomcat.embed:tomcat-embed-core:jar:9.0.29:compile (sources = true)[0m
2026.03.09 20:49:41 INFO  [INFO] SUCCESS: org.apache.tomcat.embed:tomcat-embed-core:jar:9.0.29:compile (sources = true)[0m
2026.03.09 20:49:41 INFO  [INFO] Resolving artifact: org.mapstruct:mapstruct:jar:1.2.0.Final:compile (sources = false)[0m
2026.03.09 20:49:41 INFO  [INFO] SUCCESS: org.mapstruct:mapstruct:jar:1.2.0.Final:compile (sources = false)[0m
2026.03.09 20:49:41 INFO  [INFO] Resolving artifact: org.mapstruct:mapstruct:jar:1.2.0.Final:compile (sources = true)[0m
2026.03.09 20:49:41 INFO  [INFO] SUCCESS: org.mapstruct:mapstruct:jar:1.2.0.Final:compile (sources = true)[0m
2026.03.09 20:49:41 INFO  [INFO] Resolving artifact: org.junit.vintage:junit-vintage-engine:jar:5.5.2:test (sources = false)[0m
2026.03.09 20:49:41 INFO  [INFO] SUCCESS: org.junit.vintage:junit-vintage-engine:jar:5.5.2:test (sources = false)[0m
2026.03.09 20:49:41 INFO  [INFO] Resolving artifact: org.junit.vintage:junit-vintage-engine:jar:5.5.2:test (sources = true)[0m
2026.03.09 20:49:41 INFO  [INFO] SUCCESS: org.junit.vintage:junit-vintage-engine:jar:5.5.2:test (sources = true)[0m
2026.03.09 20:49:41 INFO  [INFO] Resolving artifact: org.springframework.boot:spring-boot-starter-json:jar:2.2.2.RELEASE:compile (sources = false)[0m
2026.03.09 20:49:41 INFO  [INFO] SUCCESS: org.springframework.boot:spring-boot-starter-json:jar:2.2.2.RELEASE:compile (sources = false)[0m
2026.03.09 20:49:41 INFO  [INFO] Resolving artifact: org.springframework.boot:spring-boot-starter-json:jar:2.2.2.RELEASE:compile (sources = true)[0m
2026.03.09 20:49:41 INFO  [INFO] SUCCESS: org.springframework.boot:spring-boot-starter-json:jar:2.2.2.RELEASE:compile (sources = true)[0m
2026.03.09 20:49:41 INFO  [INFO] Resolving artifact: com.fasterxml.jackson.core:jackson-databind:jar:2.10.1:compile (sources = false)[0m
2026.03.09 20:49:41 INFO  [INFO] SUCCESS: com.fasterxml.jackson.core:jackson-databind:jar:2.10.1:compile (sources = false)[0m
2026.03.09 20:49:41 INFO  [INFO] Resolving artifact: com.fasterxml.jackson.core:jackson-databind:jar:2.10.1:compile (sources = true)[0m
2026.03.09 20:49:41 INFO  [INFO] SUCCESS: com.fasterxml.jackson.core:jackson-databind:jar:2.10.1:compile (sources = true)[0m
2026.03.09 20:49:41 INFO  [INFO] Resolving artifact: org.hamcrest:hamcrest:jar:2.1:test (sources = false)[0m
2026.03.09 20:49:41 INFO  [INFO] SUCCESS: org.hamcrest:hamcrest:jar:2.1:test (sources = false)[0m
2026.03.09 20:49:41 INFO  [INFO] Resolving artifact: org.hamcrest:hamcrest:jar:2.1:test (sources = true)[0m
2026.03.09 20:49:41 INFO  [INFO] SUCCESS: org.hamcrest:hamcrest:jar:2.1:test (sources = true)[0m
2026.03.09 20:49:41 INFO  [INFO] Resolving artifact: jakarta.validation:jakarta.validation-api:jar:2.0.1:compile (sources = false)[0m
2026.03.09 20:49:41 INFO  [INFO] SUCCESS: jakarta.validation:jakarta.validation-api:jar:2.0.1:compile (sources = false)[0m
2026.03.09 20:49:41 INFO  [INFO] Resolving artifact: jakarta.validation:jakarta.validation-api:jar:2.0.1:compile (sources = true)[0m
2026.03.09 20:49:41 INFO  [INFO] SUCCESS: jakarta.validation:jakarta.validation-api:jar:2.0.1:compile (sources = true)[0m
2026.03.09 20:49:41 INFO  [INFO] Resolving artifact: org.springframework:spring-beans:jar:5.2.2.RELEASE:compile (sources = false)[0m
2026.03.09 20:49:41 INFO  [INFO] SUCCESS: org.springframework:spring-beans:jar:5.2.2.RELEASE:compile (sources = false)[0m
2026.03.09 20:49:41 INFO  [INFO] Resolving artifact: org.springframework:spring-beans:jar:5.2.2.RELEASE:compile (sources = true)[0m
2026.03.09 20:49:41 INFO  [INFO] SUCCESS: org.springframework:spring-beans:jar:5.2.2.RELEASE:compile (sources = true)[0m
2026.03.09 20:49:41 INFO  [INFO] Resolving artifact: org.springframework.boot:spring-boot-starter-test:jar:2.2.2.RELEASE:test (sources = false)[0m
2026.03.09 20:49:41 INFO  [INFO] SUCCESS: org.springframework.boot:spring-boot-starter-test:jar:2.2.2.RELEASE:test (sources = false)[0m
2026.03.09 20:49:41 INFO  [INFO] Resolving artifact: org.springframework.boot:spring-boot-starter-test:jar:2.2.2.RELEASE:test (sources = true)[0m
2026.03.09 20:49:41 INFO  [INFO] SUCCESS: org.springframework.boot:spring-boot-starter-test:jar:2.2.2.RELEASE:test (sources = true)[0m
2026.03.09 20:49:41 INFO  [INFO] Resolving artifact: org.springframework.boot:spring-boot-test:jar:2.2.2.RELEASE:test (sources = false)[0m
2026.03.09 20:49:41 INFO  [INFO] SUCCESS: org.springframework.boot:spring-boot-test:jar:2.2.2.RELEASE:test (sources = false)[0m
2026.03.09 20:49:41 INFO  [INFO] Resolving artifact: org.springframework.boot:spring-boot-test:jar:2.2.2.RELEASE:test (sources = true)[0m
2026.03.09 20:49:41 INFO  [INFO] SUCCESS: org.springframework.boot:spring-boot-test:jar:2.2.2.RELEASE:test (sources = true)[0m
2026.03.09 20:49:41 INFO  [INFO] Resolving artifact: org.apache.logging.log4j:log4j-api:jar:2.12.1:compile (sources = false)[0m
2026.03.09 20:49:41 INFO  [INFO] SUCCESS: org.apache.logging.log4j:log4j-api:jar:2.12.1:compile (sources = false)[0m
2026.03.09 20:49:41 INFO  [INFO] Resolving artifact: org.apache.logging.log4j:log4j-api:jar:2.12.1:compile (sources = true)[0m
2026.03.09 20:49:41 INFO  [INFO] SUCCESS: org.apache.logging.log4j:log4j-api:jar:2.12.1:compile (sources = true)[0m
2026.03.09 20:49:41 INFO  [INFO] Resolving artifact: ch.qos.logback:logback-core:jar:1.2.3:compile (sources = false)[0m
2026.03.09 20:49:41 INFO  [INFO] SUCCESS: ch.qos.logback:logback-core:jar:1.2.3:compile (sources = false)[0m
2026.03.09 20:49:41 INFO  [INFO] Resolving artifact: ch.qos.logback:logback-core:jar:1.2.3:compile (sources = true)[0m
2026.03.09 20:49:41 INFO  [INFO] SUCCESS: ch.qos.logback:logback-core:jar:1.2.3:compile (sources = true)[0m
2026.03.09 20:49:41 INFO  [INFO] Resolving artifact: org.apiguardian:apiguardian-api:jar:1.1.0:test (sources = false)[0m
2026.03.09 20:49:41 INFO  [INFO] SUCCESS: org.apiguardian:apiguardian-api:jar:1.1.0:test (sources = false)[0m
2026.03.09 20:49:41 INFO  [INFO] Resolving artifact: org.apiguardian:apiguardian-api:jar:1.1.0:test (sources = true)[0m
2026.03.09 20:49:41 INFO  [INFO] SUCCESS: org.apiguardian:apiguardian-api:jar:1.1.0:test (sources = true)[0m
2026.03.09 20:49:41 INFO  [INFO] Resolving artifact: org.junit.jupiter:junit-jupiter-params:jar:5.5.2:test (sources = false)[0m
2026.03.09 20:49:41 INFO  [INFO] SUCCESS: org.junit.jupiter:junit-jupiter-params:jar:5.5.2:test (sources = false)[0m
2026.03.09 20:49:41 INFO  [INFO] Resolving artifact: org.junit.jupiter:junit-jupiter-params:jar:5.5.2:test (sources = true)[0m
2026.03.09 20:49:41 INFO  [INFO] SUCCESS: org.junit.jupiter:junit-jupiter-params:jar:5.5.2:test (sources = true)[0m
2026.03.09 20:49:41 INFO  [INFO] Resolving artifact: org.springframework.boot:spring-boot-actuator-autoconfigure:jar:2.2.2.RELEASE:compile (sources = false)[0m
2026.03.09 20:49:41 INFO  [INFO] SUCCESS: org.springframework.boot:spring-boot-actuator-autoconfigure:jar:2.2.2.RELEASE:compile (sources = false)[0m
2026.03.09 20:49:41 INFO  [INFO] Resolving artifact: org.springframework.boot:spring-boot-actuator-autoconfigure:jar:2.2.2.RELEASE:compile (sources = true)[0m
2026.03.09 20:49:41 INFO  [INFO] SUCCESS: org.springframework.boot:spring-boot-actuator-autoconfigure:jar:2.2.2.RELEASE:compile (sources = true)[0m
2026.03.09 20:49:41 INFO  [INFO] Resolving artifact: com.sun.xml.fastinfoset:FastInfoset:jar:1.2.16:compile (sources = false)[0m
2026.03.09 20:49:41 INFO  [INFO] SUCCESS: com.sun.xml.fastinfoset:FastInfoset:jar:1.2.16:compile (sources = false)[0m
2026.03.09 20:49:41 INFO  [INFO] Resolving artifact: com.sun.xml.fastinfoset:FastInfoset:jar:1.2.16:compile (sources = true)[0m
2026.03.09 20:49:41 INFO  [INFO] SUCCESS: com.sun.xml.fastinfoset:FastInfoset:jar:1.2.16:compile (sources = true)[0m
2026.03.09 20:49:41 INFO  [INFO] Resolving artifact: com.jayway.jsonpath:json-path:jar:2.4.0:test (sources = false)[0m
2026.03.09 20:49:41 INFO  [INFO] SUCCESS: com.jayway.jsonpath:json-path:jar:2.4.0:test (sources = false)[0m
2026.03.09 20:49:41 INFO  [INFO] Resolving artifact: com.jayway.jsonpath:json-path:jar:2.4.0:test (sources = true)[0m
2026.03.09 20:49:41 INFO  [INFO] SUCCESS: com.jayway.jsonpath:json-path:jar:2.4.0:test (sources = true)[0m
2026.03.09 20:49:41 INFO  [INFO] Resolving artifact: org.junit.jupiter:junit-jupiter-api:jar:5.5.2:test (sources = false)[0m
2026.03.09 20:49:41 INFO  [INFO] SUCCESS: org.junit.jupiter:junit-jupiter-api:jar:5.5.2:test (sources = false)[0m
2026.03.09 20:49:41 INFO  [INFO] Resolving artifact: org.junit.jupiter:junit-jupiter-api:jar:5.5.2:test (sources = true)[0m
2026.03.09 20:49:41 INFO  [INFO] SUCCESS: org.junit.jupiter:junit-jupiter-api:jar:5.5.2:test (sources = true)[0m
2026.03.09 20:49:41 INFO  [INFO] Resolving artifact: org.springframework.boot:spring-boot-starter-logging:jar:2.2.2.RELEASE:compile (sources = false)[0m
2026.03.09 20:49:41 INFO  [INFO] SUCCESS: org.springframework.boot:spring-boot-starter-logging:jar:2.2.2.RELEASE:compile (sources = false)[0m
2026.03.09 20:49:41 INFO  [INFO] Resolving artifact: org.springframework.boot:spring-boot-starter-logging:jar:2.2.2.RELEASE:compile (sources = true)[0m
2026.03.09 20:49:41 INFO  [INFO] SUCCESS: org.springframework.boot:spring-boot-starter-logging:jar:2.2.2.RELEASE:compile (sources = true)[0m
2026.03.09 20:49:41 INFO  [INFO] Resolving artifact: org.jvnet.staxex:stax-ex:jar:1.8.1:compile (sources = false)[0m
2026.03.09 20:49:41 INFO  [INFO] SUCCESS: org.jvnet.staxex:stax-ex:jar:1.8.1:compile (sources = false)[0m
2026.03.09 20:49:41 INFO  [INFO] Resolving artifact: org.jvnet.staxex:stax-ex:jar:1.8.1:compile (sources = true)[0m
2026.03.09 20:49:41 INFO  [INFO] SUCCESS: org.jvnet.staxex:stax-ex:jar:1.8.1:compile (sources = true)[0m
2026.03.09 20:49:41 INFO  [INFO] Resolving artifact: com.zaxxer:HikariCP:jar:3.4.1:compile (sources = false)[0m
2026.03.09 20:49:41 INFO  [INFO] SUCCESS: com.zaxxer:HikariCP:jar:3.4.1:compile (sources = false)[0m
2026.03.09 20:49:41 INFO  [INFO] Resolving artifact: com.zaxxer:HikariCP:jar:3.4.1:compile (sources = true)[0m
2026.03.09 20:49:41 INFO  [INFO] SUCCESS: com.zaxxer:HikariCP:jar:3.4.1:compile (sources = true)[0m
2026.03.09 20:49:41 INFO  [INFO] Resolving artifact: io.springfox:springfox-swagger-ui:jar:2.8.0:compile (sources = false)[0m
2026.03.09 20:49:41 INFO  [INFO] SUCCESS: io.springfox:springfox-swagger-ui:jar:2.8.0:compile (sources = false)[0m
2026.03.09 20:49:41 INFO  [INFO] Resolving artifact: io.springfox:springfox-swagger-ui:jar:2.8.0:compile (sources = true)[0m
2026.03.09 20:49:41 INFO  [INFO] SUCCESS: io.springfox:springfox-swagger-ui:jar:2.8.0:compile (sources = true)[0m
2026.03.09 20:49:41 INFO  [INFO] Resolving artifact: org.springframework.boot:spring-boot-starter-aop:jar:2.2.2.RELEASE:compile (sources = false)[0m
2026.03.09 20:49:41 INFO  [INFO] SUCCESS: org.springframework.boot:spring-boot-starter-aop:jar:2.2.2.RELEASE:compile (sources = false)[0m
2026.03.09 20:49:41 INFO  [INFO] Resolving artifact: org.springframework.boot:spring-boot-starter-aop:jar:2.2.2.RELEASE:compile (sources = true)[0m
2026.03.09 20:49:41 INFO  [INFO] SUCCESS: org.springframework.boot:spring-boot-starter-aop:jar:2.2.2.RELEASE:compile (sources = true)[0m
2026.03.09 20:49:41 INFO  [INFO] Resolving artifact: org.mockito:mockito-core:jar:3.1.0:test (sources = false)[0m
2026.03.09 20:49:41 INFO  [INFO] SUCCESS: org.mockito:mockito-core:jar:3.1.0:test (sources = false)[0m
2026.03.09 20:49:41 INFO  [INFO] Resolving artifact: org.mockito:mockito-core:jar:3.1.0:test (sources = true)[0m
2026.03.09 20:49:41 INFO  [INFO] SUCCESS: org.mockito:mockito-core:jar:3.1.0:test (sources = true)[0m
2026.03.09 20:49:41 INFO  [INFO] Resolving artifact: com.fasterxml.jackson.core:jackson-annotations:jar:2.10.1:compile (sources = false)[0m
2026.03.09 20:49:41 INFO  [INFO] SUCCESS: com.fasterxml.jackson.core:jackson-annotations:jar:2.10.1:compile (sources = false)[0m
2026.03.09 20:49:41 INFO  [INFO] Resolving artifact: com.fasterxml.jackson.core:jackson-annotations:jar:2.10.1:compile (sources = true)[0m
2026.03.09 20:49:41 INFO  [INFO] SUCCESS: com.fasterxml.jackson.core:jackson-annotations:jar:2.10.1:compile (sources = true)[0m
2026.03.09 20:49:41 INFO  [INFO] Resolving artifact: org.springframework.plugin:spring-plugin-core:jar:1.2.0.RELEASE:compile (sources = false)[0m
2026.03.09 20:49:41 INFO  [INFO] SUCCESS: org.springframework.plugin:spring-plugin-core:jar:1.2.0.RELEASE:compile (sources = false)[0m
2026.03.09 20:49:41 INFO  [INFO] Resolving artifact: org.springframework.plugin:spring-plugin-core:jar:1.2.0.RELEASE:compile (sources = true)[0m
2026.03.09 20:49:41 INFO  [INFO] SUCCESS: org.springframework.plugin:spring-plugin-core:jar:1.2.0.RELEASE:compile (sources = true)[0m
2026.03.09 20:49:41 INFO  [INFO] Resolving artifact: org.reflections:reflections:jar:0.9.11:compile (sources = false)[0m
2026.03.09 20:49:41 INFO  [INFO] SUCCESS: org.reflections:reflections:jar:0.9.11:compile (sources = false)[0m
2026.03.09 20:49:41 INFO  [INFO] Resolving artifact: org.reflections:reflections:jar:0.9.11:compile (sources = true)[0m
2026.03.09 20:49:41 INFO  [INFO] SUCCESS: org.reflections:reflections:jar:0.9.11:compile (sources = true)[0m
2026.03.09 20:49:41 INFO  [INFO] Resolving artifact: com.fasterxml.jackson.datatype:jackson-datatype-jsr310:jar:2.10.1:compile (sources = false)[0m
2026.03.09 20:49:41 INFO  [INFO] SUCCESS: com.fasterxml.jackson.datatype:jackson-datatype-jsr310:jar:2.10.1:compile (sources = false)[0m
2026.03.09 20:49:41 INFO  [INFO] Resolving artifact: com.fasterxml.jackson.datatype:jackson-datatype-jsr310:jar:2.10.1:compile (sources = true)[0m
2026.03.09 20:49:41 INFO  [INFO] SUCCESS: com.fasterxml.jackson.datatype:jackson-datatype-jsr310:jar:2.10.1:compile (sources = true)[0m
2026.03.09 20:49:41 INFO  [INFO] Resolving artifact: org.springframework:spring-context:jar:5.2.2.RELEASE:compile (sources = false)[0m
2026.03.09 20:49:41 INFO  [INFO] SUCCESS: org.springframework:spring-context:jar:5.2.2.RELEASE:compile (sources = false)[0m
2026.03.09 20:49:41 INFO  [INFO] Resolving artifact: org.springframework:spring-context:jar:5.2.2.RELEASE:compile (sources = true)[0m
2026.03.09 20:49:41 INFO  [INFO] SUCCESS: org.springframework:spring-context:jar:5.2.2.RELEASE:compile (sources = true)[0m
2026.03.09 20:49:41 INFO  [INFO] Resolving artifact: com.fasterxml:classmate:jar:1.5.1:compile (sources = false)[0m
2026.03.09 20:49:41 INFO  [INFO] SUCCESS: com.fasterxml:classmate:jar:1.5.1:compile (sources = false)[0m
2026.03.09 20:49:41 INFO  [INFO] Resolving artifact: com.fasterxml:classmate:jar:1.5.1:compile (sources = true)[0m
2026.03.09 20:49:41 INFO  [INFO] SUCCESS: com.fasterxml:classmate:jar:1.5.1:compile (sources = true)[0m
2026.03.09 20:49:41 INFO  [INFO] Resolving artifact: io.springfox:springfox-swagger2:jar:2.8.0:compile (sources = false)[0m
2026.03.09 20:49:41 INFO  [INFO] SUCCESS: io.springfox:springfox-swagger2:jar:2.8.0:compile (sources = false)[0m
2026.03.09 20:49:41 INFO  [INFO] Resolving artifact: io.springfox:springfox-swagger2:jar:2.8.0:compile (sources = true)[0m
2026.03.09 20:49:41 INFO  [INFO] SUCCESS: io.springfox:springfox-swagger2:jar:2.8.0:compile (sources = true)[0m
2026.03.09 20:49:41 INFO  [INFO] Resolving artifact: io.springfox:springfox-swagger-common:jar:2.8.0:compile (sources = false)[0m
2026.03.09 20:49:41 INFO  [INFO] SUCCESS: io.springfox:springfox-swagger-common:jar:2.8.0:compile (sources = false)[0m
2026.03.09 20:49:41 INFO  [INFO] Resolving artifact: io.springfox:springfox-swagger-common:jar:2.8.0:compile (sources = true)[0m
2026.03.09 20:49:41 INFO  [INFO] SUCCESS: io.springfox:springfox-swagger-common:jar:2.8.0:compile (sources = true)[0m
2026.03.09 20:49:41 INFO  [INFO] Resolving artifact: org.springframework.boot:spring-boot-actuator:jar:2.2.2.RELEASE:compile (sources = false)[0m
2026.03.09 20:49:41 INFO  [INFO] SUCCESS: org.springframework.boot:spring-boot-actuator:jar:2.2.2.RELEASE:compile (sources = false)[0m
2026.03.09 20:49:41 INFO  [INFO] Resolving artifact: org.springframework.boot:spring-boot-actuator:jar:2.2.2.RELEASE:compile (sources = true)[0m
2026.03.09 20:49:41 INFO  [INFO] SUCCESS: org.springframework.boot:spring-boot-actuator:jar:2.2.2.RELEASE:compile (sources = true)[0m
2026.03.09 20:49:41 INFO  [INFO] Resolving artifact: org.junit.jupiter:junit-jupiter:jar:5.5.2:test (sources = false)[0m
2026.03.09 20:49:41 INFO  [INFO] SUCCESS: org.junit.jupiter:junit-jupiter:jar:5.5.2:test (sources = false)[0m
2026.03.09 20:49:41 INFO  [INFO] Resolving artifact: org.junit.jupiter:junit-jupiter:jar:5.5.2:test (sources = true)[0m
2026.03.09 20:49:41 INFO  [INFO] SUCCESS: org.junit.jupiter:junit-jupiter:jar:5.5.2:test (sources = true)[0m
2026.03.09 20:49:41 INFO  [INFO] Resolving artifact: net.minidev:json-smart:jar:2.3:test (sources = false)[0m
2026.03.09 20:49:41 INFO  [INFO] SUCCESS: net.minidev:json-smart:jar:2.3:test (sources = false)[0m
2026.03.09 20:49:41 INFO  [INFO] Resolving artifact: net.minidev:json-smart:jar:2.3:test (sources = true)[0m
2026.03.09 20:49:41 INFO  [INFO] SUCCESS: net.minidev:json-smart:jar:2.3:test (sources = true)[0m
2026.03.09 20:49:41 INFO  [INFO] Resolving artifact: org.springframework:spring-aspects:jar:5.2.2.RELEASE:compile (sources = false)[0m
2026.03.09 20:49:41 INFO  [INFO] SUCCESS: org.springframework:spring-aspects:jar:5.2.2.RELEASE:compile (sources = false)[0m
2026.03.09 20:49:41 INFO  [INFO] Resolving artifact: org.springframework:spring-aspects:jar:5.2.2.RELEASE:compile (sources = true)[0m
2026.03.09 20:49:41 INFO  [INFO] SUCCESS: org.springframework:spring-aspects:jar:5.2.2.RELEASE:compile (sources = true)[0m
2026.03.09 20:49:41 INFO  [INFO] Resolving artifact: org.slf4j:slf4j-api:jar:1.7.29:compile (sources = false)[0m
2026.03.09 20:49:41 INFO  [INFO] SUCCESS: org.slf4j:slf4j-api:jar:1.7.29:compile (sources = false)[0m
2026.03.09 20:49:41 INFO  [INFO] Resolving artifact: org.slf4j:slf4j-api:jar:1.7.29:compile (sources = true)[0m
2026.03.09 20:49:41 INFO  [INFO] SUCCESS: org.slf4j:slf4j-api:jar:1.7.29:compile (sources = true)[0m
2026.03.09 20:49:41 INFO  [INFO] Resolving artifact: org.springframework.data:spring-data-jpa:jar:2.2.3.RELEASE:compile (sources = false)[0m
2026.03.09 20:49:41 INFO  [INFO] SUCCESS: org.springframework.data:spring-data-jpa:jar:2.2.3.RELEASE:compile (sources = false)[0m
2026.03.09 20:49:41 INFO  [INFO] Resolving artifact: org.springframework.data:spring-data-jpa:jar:2.2.3.RELEASE:compile (sources = true)[0m
2026.03.09 20:49:41 INFO  [INFO] SUCCESS: org.springframework.data:spring-data-jpa:jar:2.2.3.RELEASE:compile (sources = true)[0m
2026.03.09 20:49:41 INFO  [INFO] Resolving artifact: io.springfox:springfox-spring-web:jar:2.8.0:compile (sources = false)[0m
2026.03.09 20:49:41 INFO  [INFO] SUCCESS: io.springfox:springfox-spring-web:jar:2.8.0:compile (sources = false)[0m
2026.03.09 20:49:41 INFO  [INFO] Resolving artifact: io.springfox:springfox-spring-web:jar:2.8.0:compile (sources = true)[0m
2026.03.09 20:49:41 INFO  [INFO] SUCCESS: io.springfox:springfox-spring-web:jar:2.8.0:compile (sources = true)[0m
2026.03.09 20:49:41 INFO  [INFO] Resolving artifact: org.springframework:spring-tx:jar:5.2.2.RELEASE:compile (sources = false)[0m
2026.03.09 20:49:41 INFO  [INFO] SUCCESS: org.springframework:spring-tx:jar:5.2.2.RELEASE:compile (sources = false)[0m
2026.03.09 20:49:41 INFO  [INFO] Resolving artifact: org.springframework:spring-tx:jar:5.2.2.RELEASE:compile (sources = true)[0m
2026.03.09 20:49:41 INFO  [INFO] SUCCESS: org.springframework:spring-tx:jar:5.2.2.RELEASE:compile (sources = true)[0m
2026.03.09 20:49:41 INFO  [INFO] Resolving artifact: net.minidev:accessors-smart:jar:1.2:test (sources = false)[0m
2026.03.09 20:49:41 INFO  [INFO] SUCCESS: net.minidev:accessors-smart:jar:1.2:test (sources = false)[0m
2026.03.09 20:49:41 INFO  [INFO] Resolving artifact: net.minidev:accessors-smart:jar:1.2:test (sources = true)[0m
2026.03.09 20:49:41 INFO  [INFO] SUCCESS: net.minidev:accessors-smart:jar:1.2:test (sources = true)[0m
2026.03.09 20:49:41 INFO  [INFO] Resolving artifact: org.springframework.boot:spring-boot-starter-actuator:jar:2.2.2.RELEASE:compile (sources = false)[0m
2026.03.09 20:49:41 INFO  [INFO] SUCCESS: org.springframework.boot:spring-boot-starter-actuator:jar:2.2.2.RELEASE:compile (sources = false)[0m
2026.03.09 20:49:41 INFO  [INFO] Resolving artifact: org.springframework.boot:spring-boot-starter-actuator:jar:2.2.2.RELEASE:compile (sources = true)[0m
2026.03.09 20:49:41 INFO  [INFO] SUCCESS: org.springframework.boot:spring-boot-starter-actuator:jar:2.2.2.RELEASE:compile (sources = true)[0m
2026.03.09 20:49:41 INFO  [INFO] Resolving artifact: antlr:antlr:jar:2.7.7:compile (sources = false)[0m
2026.03.09 20:49:41 INFO  [INFO] SUCCESS: antlr:antlr:jar:2.7.7:compile (sources = false)[0m
2026.03.09 20:49:41 INFO  [INFO] Resolving artifact: antlr:antlr:jar:2.7.7:compile (sources = true)[0m
2026.03.09 20:49:41 INFO  [ERROR] FAILURE antlr:antlr:jar:2.7.7:compile (sources = true)[0m
2026.03.09 20:49:41 INFO  org.eclipse.aether.resolution.ArtifactResolutionException: The following artifacts could not be resolved: antlr:antlr:jar:sources:2.7.7 (absent): antlr:antlr:jar:sources:2.7.7 was not found in https://repo.maven.apache.org/maven2 during a previous attempt. This failure was cached in the local repository and resolution is not reattempted until the update interval of central has elapsed or updates are forced[0m
2026.03.09 20:49:41 INFO      at org.eclipse.aether.internal.impl.DefaultArtifactResolver.resolve (DefaultArtifactResolver.java:473)[0m
2026.03.09 20:49:41 INFO      at org.eclipse.aether.internal.impl.DefaultArtifactResolver.resolveArtifacts (DefaultArtifactResolver.java:261)[0m
2026.03.09 20:49:41 INFO      at org.eclipse.aether.internal.impl.DefaultArtifactResolver.resolveArtifact (DefaultArtifactResolver.java:243)[0m
2026.03.09 20:49:41 INFO      at org.eclipse.aether.internal.impl.DefaultRepositorySystem.resolveArtifact (DefaultRepositorySystem.java:278)[0m
2026.03.09 20:49:41 INFO      at bloop.integrations.maven.MojoImplementation$.bloop$integrations$maven$MojoImplementation$$resolveArtifact$1 (MojoImplementation.scala:115)[0m
2026.03.09 20:49:41 INFO      at bloop.integrations.maven.MojoImplementation$$anonfun$2.applyOrElse (MojoImplementation.scala:240)[0m
2026.03.09 20:49:41 INFO      at bloop.integrations.maven.MojoImplementation$$anonfun$2.applyOrElse (MojoImplementation.scala:222)[0m
2026.03.09 20:49:41 INFO      at scala.collection.StrictOptimizedIterableOps.collect (StrictOptimizedIterableOps.scala:151)[0m
2026.03.09 20:49:41 INFO      at scala.collection.StrictOptimizedIterableOps.collect$ (StrictOptimizedIterableOps.scala:136)[0m
2026.03.09 20:49:41 INFO      at scala.collection.mutable.HashSet.collect (HashSet.scala:31)[0m
2026.03.09 20:49:41 INFO      at bloop.integrations.maven.MojoImplementation$.writeConfig$1 (MojoImplementation.scala:222)[0m
2026.03.09 20:49:41 INFO      at bloop.integrations.maven.MojoImplementation$.writeCompileAndTestConfiguration (MojoImplementation.scala:307)[0m
2026.03.09 20:49:41 INFO      at bloop.integrations.maven.MojoImplementation.writeCompileAndTestConfiguration (MojoImplementation.scala)[0m
2026.03.09 20:49:41 INFO      at bloop.integrations.maven.BloopMojo.execute (BloopMojo.java:105)[0m
2026.03.09 20:49:41 INFO      at org.apache.maven.plugin.DefaultBuildPluginManager.executeMojo (DefaultBuildPluginManager.java:126)[0m
2026.03.09 20:49:41 INFO      at org.apache.maven.lifecycle.internal.MojoExecutor.doExecute2 (MojoExecutor.java:328)[0m
2026.03.09 20:49:41 INFO      at org.apache.maven.lifecycle.internal.MojoExecutor.doExecute (MojoExecutor.java:316)[0m
2026.03.09 20:49:41 INFO      at org.apache.maven.lifecycle.internal.MojoExecutor.execute (MojoExecutor.java:212)[0m
2026.03.09 20:49:41 INFO      at org.apache.maven.lifecycle.internal.MojoExecutor.execute (MojoExecutor.java:174)[0m
2026.03.09 20:49:41 INFO      at org.apache.maven.lifecycle.internal.MojoExecutor.access$000 (MojoExecutor.java:75)[0m
2026.03.09 20:49:41 INFO      at org.apache.maven.lifecycle.internal.MojoExecutor$1.run (MojoExecutor.java:162)[0m
2026.03.09 20:49:41 INFO      at org.apache.maven.plugin.DefaultMojosExecutionStrategy.execute (DefaultMojosExecutionStrategy.java:39)[0m
2026.03.09 20:49:41 INFO      at org.apache.maven.lifecycle.internal.MojoExecutor.execute (MojoExecutor.java:159)[0m
2026.03.09 20:49:41 INFO      at org.apache.maven.lifecycle.internal.LifecycleModuleBuilder.buildProject (LifecycleModuleBuilder.java:105)[0m
2026.03.09 20:49:41 INFO      at org.apache.maven.lifecycle.internal.LifecycleModuleBuilder.buildProject (LifecycleModuleBuilder.java:73)[0m
2026.03.09 20:49:41 INFO      at org.apache.maven.lifecycle.internal.builder.singlethreaded.SingleThreadedBuilder.build (SingleThreadedBuilder.java:53)[0m
2026.03.09 20:49:41 INFO      at org.apache.maven.lifecycle.internal.LifecycleStarter.execute (LifecycleStarter.java:118)[0m
2026.03.09 20:49:41 INFO      at org.apache.maven.DefaultMaven.doExecute (DefaultMaven.java:261)[0m
2026.03.09 20:49:41 INFO      at org.apache.maven.DefaultMaven.doExecute (DefaultMaven.java:173)[0m
2026.03.09 20:49:41 INFO      at org.apache.maven.DefaultMaven.execute (DefaultMaven.java:101)[0m
2026.03.09 20:49:41 INFO      at org.apache.maven.cli.MavenCli.execute (MavenCli.java:906)[0m
2026.03.09 20:49:41 INFO      at org.apache.maven.cli.MavenCli.doMain (MavenCli.java:283)[0m
2026.03.09 20:49:41 INFO      at org.apache.maven.cli.MavenCli.main (MavenCli.java:206)[0m
2026.03.09 20:49:41 INFO      at jdk.internal.reflect.DirectMethodHandleAccessor.invoke (DirectMethodHandleAccessor.java:103)[0m
2026.03.09 20:49:41 INFO      at java.lang.reflect.Method.invoke (Method.java:580)[0m
2026.03.09 20:49:41 INFO      at org.codehaus.plexus.classworlds.launcher.Launcher.launchEnhanced (Launcher.java:255)[0m
2026.03.09 20:49:41 INFO      at org.codehaus.plexus.classworlds.launcher.Launcher.launch (Launcher.java:201)[0m
2026.03.09 20:49:41 INFO      at org.codehaus.plexus.classworlds.launcher.Launcher.mainWithExitCode (Launcher.java:361)[0m
2026.03.09 20:49:41 INFO      at org.codehaus.plexus.classworlds.launcher.Launcher.main (Launcher.java:314)[0m
2026.03.09 20:49:41 INFO      at jdk.internal.reflect.DirectMethodHandleAccessor.invoke (DirectMethodHandleAccessor.java:103)[0m
2026.03.09 20:49:41 INFO      at java.lang.reflect.Method.invoke (Method.java:580)[0m
2026.03.09 20:49:41 INFO      at org.apache.maven.wrapper.BootstrapMainStarter.start (BootstrapMainStarter.java:52)[0m
2026.03.09 20:49:41 INFO      at org.apache.maven.wrapper.WrapperExecutor.execute (WrapperExecutor.java:161)[0m
2026.03.09 20:49:41 INFO      at org.apache.maven.wrapper.MavenWrapperMain.main (MavenWrapperMain.java:73)[0m
2026.03.09 20:49:41 INFO  Caused by: org.eclipse.aether.transfer.ArtifactNotFoundException: antlr:antlr:jar:sources:2.7.7 was not found in https://repo.maven.apache.org/maven2 during a previous attempt. This failure was cached in the local repository and resolution is not reattempted until the update interval of central has elapsed or updates are forced[0m
2026.03.09 20:49:41 INFO      at org.eclipse.aether.internal.impl.DefaultUpdateCheckManager.newException (DefaultUpdateCheckManager.java:225)[0m
2026.03.09 20:49:41 INFO      at org.eclipse.aether.internal.impl.DefaultUpdateCheckManager.checkArtifact (DefaultUpdateCheckManager.java:201)[0m
2026.03.09 20:49:41 INFO      at org.eclipse.aether.internal.impl.DefaultArtifactResolver.gatherDownloads (DefaultArtifactResolver.java:586)[0m
2026.03.09 20:49:41 INFO      at org.eclipse.aether.internal.impl.DefaultArtifactResolver.performDownloads (DefaultArtifactResolver.java:525)[0m
2026.03.09 20:49:41 INFO      at org.eclipse.aether.internal.impl.DefaultArtifactResolver.resolve (DefaultArtifactResolver.java:449)[0m
2026.03.09 20:49:41 INFO      at org.eclipse.aether.internal.impl.DefaultArtifactResolver.resolveArtifacts (DefaultArtifactResolver.java:261)[0m
2026.03.09 20:49:41 INFO      at org.eclipse.aether.internal.impl.DefaultArtifactResolver.resolveArtifact (DefaultArtifactResolver.java:243)[0m
2026.03.09 20:49:41 INFO      at org.eclipse.aether.internal.impl.DefaultRepositorySystem.resolveArtifact (DefaultRepositorySystem.java:278)[0m
2026.03.09 20:49:41 INFO      at bloop.integrations.maven.MojoImplementation$.bloop$integrations$maven$MojoImplementation$$resolveArtifact$1 (MojoImplementation.scala:115)[0m
2026.03.09 20:49:41 INFO      at bloop.integrations.maven.MojoImplementation$$anonfun$2.applyOrElse (MojoImplementation.scala:240)[0m
2026.03.09 20:49:41 INFO      at bloop.integrations.maven.MojoImplementation$$anonfun$2.applyOrElse (MojoImplementation.scala:222)[0m
2026.03.09 20:49:41 INFO      at scala.collection.StrictOptimizedIterableOps.collect (StrictOptimizedIterableOps.scala:151)[0m
2026.03.09 20:49:41 INFO      at scala.collection.StrictOptimizedIterableOps.collect$ (StrictOptimizedIterableOps.scala:136)[0m
2026.03.09 20:49:41 INFO      at scala.collection.mutable.HashSet.collect (HashSet.scala:31)[0m
2026.03.09 20:49:41 INFO      at bloop.integrations.maven.MojoImplementation$.writeConfig$1 (MojoImplementation.scala:222)[0m
2026.03.09 20:49:41 INFO      at bloop.integrations.maven.MojoImplementation$.writeCompileAndTestConfiguration (MojoImplementation.scala:307)[0m
2026.03.09 20:49:41 INFO      at bloop.integrations.maven.MojoImplementation.writeCompileAndTestConfiguration (MojoImplementation.scala)[0m
2026.03.09 20:49:41 INFO      at bloop.integrations.maven.BloopMojo.execute (BloopMojo.java:105)[0m
2026.03.09 20:49:41 INFO      at org.apache.maven.plugin.DefaultBuildPluginManager.executeMojo (DefaultBuildPluginManager.java:126)[0m
2026.03.09 20:49:41 INFO      at org.apache.maven.lifecycle.internal.MojoExecutor.doExecute2 (MojoExecutor.java:328)[0m
2026.03.09 20:49:41 INFO      at org.apache.maven.lifecycle.internal.MojoExecutor.doExecute (MojoExecutor.java:316)[0m
2026.03.09 20:49:41 INFO      at org.apache.maven.lifecycle.internal.MojoExecutor.execute (MojoExecutor.java:212)[0m
2026.03.09 20:49:41 INFO      at org.apache.maven.lifecycle.internal.MojoExecutor.execute (MojoExecutor.java:174)[0m
2026.03.09 20:49:41 INFO      at org.apache.maven.lifecycle.internal.MojoExecutor.access$000 (MojoExecutor.java:75)[0m
2026.03.09 20:49:41 INFO      at org.apache.maven.lifecycle.internal.MojoExecutor$1.run (MojoExecutor.java:162)[0m
2026.03.09 20:49:41 INFO      at org.apache.maven.plugin.DefaultMojosExecutionStrategy.execute (DefaultMojosExecutionStrategy.java:39)[0m
2026.03.09 20:49:41 INFO      at org.apache.maven.lifecycle.internal.MojoExecutor.execute (MojoExecutor.java:159)[0m
2026.03.09 20:49:41 INFO      at org.apache.maven.lifecycle.internal.LifecycleModuleBuilder.buildProject (LifecycleModuleBuilder.java:105)[0m
2026.03.09 20:49:41 INFO      at org.apache.maven.lifecycle.internal.LifecycleModuleBuilder.buildProject (LifecycleModuleBuilder.java:73)[0m
2026.03.09 20:49:41 INFO      at org.apache.maven.lifecycle.internal.builder.singlethreaded.SingleThreadedBuilder.build (SingleThreadedBuilder.java:53)[0m
2026.03.09 20:49:41 INFO      at org.apache.maven.lifecycle.internal.LifecycleStarter.execute (LifecycleStarter.java:118)[0m
2026.03.09 20:49:41 INFO      at org.apache.maven.DefaultMaven.doExecute (DefaultMaven.java:261)[0m
2026.03.09 20:49:41 INFO      at org.apache.maven.DefaultMaven.doExecute (DefaultMaven.java:173)[0m
2026.03.09 20:49:41 INFO      at org.apache.maven.DefaultMaven.execute (DefaultMaven.java:101)[0m
2026.03.09 20:49:41 INFO      at org.apache.maven.cli.MavenCli.execute (MavenCli.java:906)[0m
2026.03.09 20:49:41 INFO      at org.apache.maven.cli.MavenCli.doMain (MavenCli.java:283)[0m
2026.03.09 20:49:41 INFO      at org.apache.maven.cli.MavenCli.main (MavenCli.java:206)[0m
2026.03.09 20:49:41 INFO      at jdk.internal.reflect.DirectMethodHandleAccessor.invoke (DirectMethodHandleAccessor.java:103)[0m
2026.03.09 20:49:41 INFO      at java.lang.reflect.Method.invoke (Method.java:580)[0m
2026.03.09 20:49:41 INFO      at org.codehaus.plexus.classworlds.launcher.Launcher.launchEnhanced (Launcher.java:255)[0m
2026.03.09 20:49:41 INFO      at org.codehaus.plexus.classworlds.launcher.Launcher.launch (Launcher.java:201)[0m
2026.03.09 20:49:41 INFO      at org.codehaus.plexus.classworlds.launcher.Launcher.mainWithExitCode (Launcher.java:361)[0m
2026.03.09 20:49:41 INFO      at org.codehaus.plexus.classworlds.launcher.Launcher.main (Launcher.java:314)[0m
2026.03.09 20:49:41 INFO      at jdk.internal.reflect.DirectMethodHandleAccessor.invoke (DirectMethodHandleAccessor.java:103)[0m
2026.03.09 20:49:41 INFO      at java.lang.reflect.Method.invoke (Method.java:580)[0m
2026.03.09 20:49:41 INFO      at org.apache.maven.wrapper.BootstrapMainStarter.start (BootstrapMainStarter.java:52)[0m
2026.03.09 20:49:41 INFO      at org.apache.maven.wrapper.WrapperExecutor.execute (WrapperExecutor.java:161)[0m
2026.03.09 20:49:41 INFO      at org.apache.maven.wrapper.MavenWrapperMain.main (MavenWrapperMain.java:73)[0m
2026.03.09 20:49:41 INFO  [INFO] Resolving artifact: jakarta.annotation:jakarta.annotation-api:jar:1.3.5:compile (sources = false)[0m
2026.03.09 20:49:41 INFO  [INFO] SUCCESS: jakarta.annotation:jakarta.annotation-api:jar:1.3.5:compile (sources = false)[0m
2026.03.09 20:49:41 INFO  [INFO] Resolving artifact: jakarta.annotation:jakarta.annotation-api:jar:1.3.5:compile (sources = true)[0m
2026.03.09 20:49:41 INFO  [INFO] SUCCESS: jakarta.annotation:jakarta.annotation-api:jar:1.3.5:compile (sources = true)[0m
2026.03.09 20:49:41 INFO  [INFO] Resolving artifact: org.springframework:spring-core:jar:5.2.2.RELEASE:compile (sources = false)[0m
2026.03.09 20:49:41 INFO  [INFO] SUCCESS: org.springframework:spring-core:jar:5.2.2.RELEASE:compile (sources = false)[0m
2026.03.09 20:49:41 INFO  [INFO] Resolving artifact: org.springframework:spring-core:jar:5.2.2.RELEASE:compile (sources = true)[0m
2026.03.09 20:49:41 INFO  [INFO] SUCCESS: org.springframework:spring-core:jar:5.2.2.RELEASE:compile (sources = true)[0m
2026.03.09 20:49:41 INFO  [INFO] Resolving artifact: org.springframework.boot:spring-boot-autoconfigure:jar:2.2.2.RELEASE:compile (sources = false)[0m
2026.03.09 20:49:41 INFO  [INFO] SUCCESS: org.springframework.boot:spring-boot-autoconfigure:jar:2.2.2.RELEASE:compile (sources = false)[0m
2026.03.09 20:49:41 INFO  [INFO] Resolving artifact: org.springframework.boot:spring-boot-autoconfigure:jar:2.2.2.RELEASE:compile (sources = true)[0m
2026.03.09 20:49:41 INFO  [INFO] SUCCESS: org.springframework.boot:spring-boot-autoconfigure:jar:2.2.2.RELEASE:compile (sources = true)[0m
2026.03.09 20:49:41 INFO  [INFO] Resolving artifact: com.sun.istack:istack-commons-runtime:jar:3.0.8:compile (sources = false)[0m
2026.03.09 20:49:41 INFO  [INFO] SUCCESS: com.sun.istack:istack-commons-runtime:jar:3.0.8:compile (sources = false)[0m
2026.03.09 20:49:41 INFO  [INFO] Resolving artifact: com.sun.istack:istack-commons-runtime:jar:3.0.8:compile (sources = true)[0m
2026.03.09 20:49:41 INFO  [INFO] SUCCESS: com.sun.istack:istack-commons-runtime:jar:3.0.8:compile (sources = true)[0m
2026.03.09 20:49:41 INFO  [INFO] Resolving artifact: org.ow2.asm:asm:jar:5.0.4:test (sources = false)[0m
2026.03.09 20:49:41 INFO  [INFO] SUCCESS: org.ow2.asm:asm:jar:5.0.4:test (sources = false)[0m
2026.03.09 20:49:41 INFO  [INFO] Resolving artifact: org.ow2.asm:asm:jar:5.0.4:test (sources = true)[0m
2026.03.09 20:49:41 INFO  [INFO] SUCCESS: org.ow2.asm:asm:jar:5.0.4:test (sources = true)[0m
2026.03.09 20:49:41 INFO  [INFO] Resolving artifact: com.fasterxml.jackson.module:jackson-module-parameter-names:jar:2.10.1:compile (sources = false)[0m
2026.03.09 20:49:41 INFO  [INFO] SUCCESS: com.fasterxml.jackson.module:jackson-module-parameter-names:jar:2.10.1:compile (sources = false)[0m
2026.03.09 20:49:41 INFO  [INFO] Resolving artifact: com.fasterxml.jackson.module:jackson-module-parameter-names:jar:2.10.1:compile (sources = true)[0m
2026.03.09 20:49:41 INFO  [INFO] SUCCESS: com.fasterxml.jackson.module:jackson-module-parameter-names:jar:2.10.1:compile (sources = true)[0m
2026.03.09 20:49:41 INFO  [INFO] Resolving artifact: io.springfox:springfox-spi:jar:2.8.0:compile (sources = false)[0m
2026.03.09 20:49:41 INFO  [INFO] SUCCESS: io.springfox:springfox-spi:jar:2.8.0:compile (sources = false)[0m
2026.03.09 20:49:41 INFO  [INFO] Resolving artifact: io.springfox:springfox-spi:jar:2.8.0:compile (sources = true)[0m
2026.03.09 20:49:41 INFO  [INFO] SUCCESS: io.springfox:springfox-spi:jar:2.8.0:compile (sources = true)[0m
2026.03.09 20:49:41 INFO  [INFO] Resolving artifact: org.springframework.plugin:spring-plugin-metadata:jar:1.2.0.RELEASE:compile (sources = false)[0m
2026.03.09 20:49:41 INFO  [INFO] SUCCESS: org.springframework.plugin:spring-plugin-metadata:jar:1.2.0.RELEASE:compile (sources = false)[0m
2026.03.09 20:49:41 INFO  [INFO] Resolving artifact: org.springframework.plugin:spring-plugin-metadata:jar:1.2.0.RELEASE:compile (sources = true)[0m
2026.03.09 20:49:41 INFO  [INFO] SUCCESS: org.springframework.plugin:spring-plugin-metadata:jar:1.2.0.RELEASE:compile (sources = true)[0m
2026.03.09 20:49:41 INFO  [INFO] Resolving artifact: org.mockito:mockito-junit-jupiter:jar:3.1.0:test (sources = false)[0m
2026.03.09 20:49:41 INFO  [INFO] SUCCESS: org.mockito:mockito-junit-jupiter:jar:3.1.0:test (sources = false)[0m
2026.03.09 20:49:41 INFO  [INFO] Resolving artifact: org.mockito:mockito-junit-jupiter:jar:3.1.0:test (sources = true)[0m
2026.03.09 20:49:41 INFO  [INFO] SUCCESS: org.mockito:mockito-junit-jupiter:jar:3.1.0:test (sources = true)[0m
2026.03.09 20:49:41 INFO  [INFO] Resolving artifact: org.springframework:spring-web:jar:5.2.2.RELEASE:compile (sources = false)[0m
2026.03.09 20:49:41 INFO  [INFO] SUCCESS: org.springframework:spring-web:jar:5.2.2.RELEASE:compile (sources = false)[0m
2026.03.09 20:49:41 INFO  [INFO] Resolving artifact: org.springframework:spring-web:jar:5.2.2.RELEASE:compile (sources = true)[0m
2026.03.09 20:49:41 INFO  [INFO] SUCCESS: org.springframework:spring-web:jar:5.2.2.RELEASE:compile (sources = true)[0m
2026.03.09 20:49:41 INFO  [INFO] Resolving artifact: io.micrometer:micrometer-core:jar:1.3.1:compile (sources = false)[0m
2026.03.09 20:49:41 INFO  [INFO] SUCCESS: io.micrometer:micrometer-core:jar:1.3.1:compile (sources = false)[0m
2026.03.09 20:49:41 INFO  [INFO] Resolving artifact: io.micrometer:micrometer-core:jar:1.3.1:compile (sources = true)[0m
2026.03.09 20:49:41 INFO  [INFO] SUCCESS: io.micrometer:micrometer-core:jar:1.3.1:compile (sources = true)[0m
2026.03.09 20:49:41 INFO  [INFO] Resolving artifact: org.yaml:snakeyaml:jar:1.25:runtime (sources = false)[0m
2026.03.09 20:49:41 INFO  [INFO] SUCCESS: org.yaml:snakeyaml:jar:1.25:runtime (sources = false)[0m
2026.03.09 20:49:41 INFO  [INFO] Resolving artifact: org.yaml:snakeyaml:jar:1.25:runtime (sources = true)[0m
2026.03.09 20:49:41 INFO  [INFO] SUCCESS: org.yaml:snakeyaml:jar:1.25:runtime (sources = true)[0m
2026.03.09 20:49:41 INFO  [INFO] Resolving artifact: jakarta.activation:jakarta.activation-api:jar:1.2.1:compile (sources = false)[0m
2026.03.09 20:49:41 INFO  [INFO] SUCCESS: jakarta.activation:jakarta.activation-api:jar:1.2.1:compile (sources = false)[0m
2026.03.09 20:49:41 INFO  [INFO] Resolving artifact: jakarta.activation:jakarta.activation-api:jar:1.2.1:compile (sources = true)[0m
2026.03.09 20:49:41 INFO  [INFO] SUCCESS: jakarta.activation:jakarta.activation-api:jar:1.2.1:compile (sources = true)[0m
2026.03.09 20:49:41 INFO  [INFO] Resolving artifact: org.apache.tomcat.embed:tomcat-embed-websocket:jar:9.0.29:compile (sources = false)[0m
2026.03.09 20:49:41 INFO  [INFO] SUCCESS: org.apache.tomcat.embed:tomcat-embed-websocket:jar:9.0.29:compile (sources = false)[0m
2026.03.09 20:49:41 INFO  [INFO] Resolving artifact: org.apache.tomcat.embed:tomcat-embed-websocket:jar:9.0.29:compile (sources = true)[0m
2026.03.09 20:49:41 INFO  [INFO] SUCCESS: org.apache.tomcat.embed:tomcat-embed-websocket:jar:9.0.29:compile (sources = true)[0m
2026.03.09 20:49:41 INFO  [INFO] Resolving artifact: org.glassfish.jaxb:jaxb-runtime:jar:2.3.2:compile (sources = false)[0m
2026.03.09 20:49:41 INFO  [INFO] SUCCESS: org.glassfish.jaxb:jaxb-runtime:jar:2.3.2:compile (sources = false)[0m
2026.03.09 20:49:41 INFO  [INFO] Resolving artifact: org.glassfish.jaxb:jaxb-runtime:jar:2.3.2:compile (sources = true)[0m
2026.03.09 20:49:41 INFO  [INFO] SUCCESS: org.glassfish.jaxb:jaxb-runtime:jar:2.3.2:compile (sources = true)[0m
2026.03.09 20:49:41 INFO  [INFO] Resolving artifact: org.hibernate:hibernate-core:jar:5.4.9.Final:compile (sources = false)[0m
2026.03.09 20:49:41 INFO  [INFO] SUCCESS: org.hibernate:hibernate-core:jar:5.4.9.Final:compile (sources = false)[0m
2026.03.09 20:49:41 INFO  [INFO] Resolving artifact: org.hibernate:hibernate-core:jar:5.4.9.Final:compile (sources = true)[0m
2026.03.09 20:49:41 INFO  [INFO] SUCCESS: org.hibernate:hibernate-core:jar:5.4.9.Final:compile (sources = true)[0m
2026.03.09 20:49:41 INFO  [INFO] Resolving artifact: io.swagger:swagger-annotations:jar:1.5.14:compile (sources = false)[0m
2026.03.09 20:49:41 INFO  [INFO] SUCCESS: io.swagger:swagger-annotations:jar:1.5.14:compile (sources = false)[0m
2026.03.09 20:49:41 INFO  [INFO] Resolving artifact: io.swagger:swagger-annotations:jar:1.5.14:compile (sources = true)[0m
2026.03.09 20:49:41 INFO  [INFO] SUCCESS: io.swagger:swagger-annotations:jar:1.5.14:compile (sources = true)[0m
2026.03.09 20:49:41 INFO  [INFO] Resolving artifact: jakarta.transaction:jakarta.transaction-api:jar:1.3.3:compile (sources = false)[0m
2026.03.09 20:49:41 INFO  [INFO] SUCCESS: jakarta.transaction:jakarta.transaction-api:jar:1.3.3:compile (sources = false)[0m
2026.03.09 20:49:41 INFO  [INFO] Resolving artifact: jakarta.transaction:jakarta.transaction-api:jar:1.3.3:compile (sources = true)[0m
2026.03.09 20:49:41 INFO  [INFO] SUCCESS: jakarta.transaction:jakarta.transaction-api:jar:1.3.3:compile (sources = true)[0m
2026.03.09 20:49:41 INFO  [INFO] Resolving artifact: org.springframework:spring-jdbc:jar:5.2.2.RELEASE:compile (sources = false)[0m
2026.03.09 20:49:41 INFO  [INFO] SUCCESS: org.springframework:spring-jdbc:jar:5.2.2.RELEASE:compile (sources = false)[0m
2026.03.09 20:49:41 INFO  [INFO] Resolving artifact: org.springframework:spring-jdbc:jar:5.2.2.RELEASE:compile (sources = true)[0m
2026.03.09 20:49:41 INFO  [INFO] SUCCESS: org.springframework:spring-jdbc:jar:5.2.2.RELEASE:compile (sources = true)[0m
2026.03.09 20:49:41 INFO  [INFO] Resolving artifact: org.springframework.boot:spring-boot:jar:2.2.2.RELEASE:compile (sources = false)[0m
2026.03.09 20:49:41 INFO  [INFO] SUCCESS: org.springframework.boot:spring-boot:jar:2.2.2.RELEASE:compile (sources = false)[0m
2026.03.09 20:49:41 INFO  [INFO] Resolving artifact: org.springframework.boot:spring-boot:jar:2.2.2.RELEASE:compile (sources = true)[0m
2026.03.09 20:49:41 INFO  [INFO] SUCCESS: org.springframework.boot:spring-boot:jar:2.2.2.RELEASE:compile (sources = true)[0m
2026.03.09 20:49:41 INFO  [INFO] Resolving artifact: org.springframework.boot:spring-boot-starter-validation:jar:2.2.2.RELEASE:compile (sources = false)[0m
2026.03.09 20:49:41 INFO  [INFO] SUCCESS: org.springframework.boot:spring-boot-starter-validation:jar:2.2.2.RELEASE:compile (sources = false)[0m
2026.03.09 20:49:41 INFO  [INFO] Resolving artifact: org.springframework.boot:spring-boot-starter-validation:jar:2.2.2.RELEASE:compile (sources = true)[0m
2026.03.09 20:49:41 INFO  [INFO] SUCCESS: org.springframework.boot:spring-boot-starter-validation:jar:2.2.2.RELEASE:compile (sources = true)[0m
2026.03.09 20:49:41 INFO  [INFO] Resolving artifact: org.jboss.logging:jboss-logging:jar:3.4.1.Final:compile (sources = false)[0m
2026.03.09 20:49:41 INFO  [INFO] SUCCESS: org.jboss.logging:jboss-logging:jar:3.4.1.Final:compile (sources = false)[0m
2026.03.09 20:49:41 INFO  [INFO] Resolving artifact: org.jboss.logging:jboss-logging:jar:3.4.1.Final:compile (sources = true)[0m
2026.03.09 20:49:41 INFO  [INFO] SUCCESS: org.jboss.logging:jboss-logging:jar:3.4.1.Final:compile (sources = true)[0m
2026.03.09 20:49:41 INFO  [INFO] Resolving artifact: org.xmlunit:xmlunit-core:jar:2.6.3:test (sources = false)[0m
2026.03.09 20:49:41 INFO  [INFO] SUCCESS: org.xmlunit:xmlunit-core:jar:2.6.3:test (sources = false)[0m
2026.03.09 20:49:41 INFO  [INFO] Resolving artifact: org.xmlunit:xmlunit-core:jar:2.6.3:test (sources = true)[0m
2026.03.09 20:49:41 INFO  [INFO] SUCCESS: org.xmlunit:xmlunit-core:jar:2.6.3:test (sources = true)[0m
2026.03.09 20:49:41 INFO  [INFO] Resolving artifact: org.slf4j:jul-to-slf4j:jar:1.7.29:compile (sources = false)[0m
2026.03.09 20:49:41 INFO  [INFO] SUCCESS: org.slf4j:jul-to-slf4j:jar:1.7.29:compile (sources = false)[0m
2026.03.09 20:49:41 INFO  [INFO] Resolving artifact: org.slf4j:jul-to-slf4j:jar:1.7.29:compile (sources = true)[0m
2026.03.09 20:49:41 INFO  [INFO] SUCCESS: org.slf4j:jul-to-slf4j:jar:1.7.29:compile (sources = true)[0m
2026.03.09 20:49:41 INFO  [INFO] Resolving artifact: com.fasterxml.jackson.datatype:jackson-datatype-jdk8:jar:2.10.1:compile (sources = false)[0m
2026.03.09 20:49:41 INFO  [INFO] SUCCESS: com.fasterxml.jackson.datatype:jackson-datatype-jdk8:jar:2.10.1:compile (sources = false)[0m
2026.03.09 20:49:41 INFO  [INFO] Resolving artifact: com.fasterxml.jackson.datatype:jackson-datatype-jdk8:jar:2.10.1:compile (sources = true)[0m
2026.03.09 20:49:41 INFO  [INFO] SUCCESS: com.fasterxml.jackson.datatype:jackson-datatype-jdk8:jar:2.10.1:compile (sources = true)[0m
2026.03.09 20:49:41 INFO  [INFO] Resolving artifact: org.springframework:spring-expression:jar:5.2.2.RELEASE:compile (sources = false)[0m
2026.03.09 20:49:41 INFO  [INFO] SUCCESS: org.springframework:spring-expression:jar:5.2.2.RELEASE:compile (sources = false)[0m
2026.03.09 20:49:41 INFO  [INFO] Resolving artifact: org.springframework:spring-expression:jar:5.2.2.RELEASE:compile (sources = true)[0m
2026.03.09 20:49:41 INFO  [INFO] SUCCESS: org.springframework:spring-expression:jar:5.2.2.RELEASE:compile (sources = true)[0m
2026.03.09 20:49:41 INFO  [INFO] Resolving artifact: org.hibernate.validator:hibernate-validator:jar:6.0.18.Final:compile (sources = false)[0m
2026.03.09 20:49:41 INFO  [INFO] SUCCESS: org.hibernate.validator:hibernate-validator:jar:6.0.18.Final:compile (sources = false)[0m
2026.03.09 20:49:41 INFO  [INFO] Resolving artifact: org.hibernate.validator:hibernate-validator:jar:6.0.18.Final:compile (sources = true)[0m
2026.03.09 20:49:41 INFO  [INFO] SUCCESS: org.hibernate.validator:hibernate-validator:jar:6.0.18.Final:compile (sources = true)[0m
2026.03.09 20:49:41 INFO  [INFO] Resolving artifact: org.springframework:spring-aop:jar:5.2.2.RELEASE:compile (sources = false)[0m
2026.03.09 20:49:41 INFO  [INFO] SUCCESS: org.springframework:spring-aop:jar:5.2.2.RELEASE:compile (sources = false)[0m
2026.03.09 20:49:41 INFO  [INFO] Resolving artifact: org.springframework:spring-aop:jar:5.2.2.RELEASE:compile (sources = true)[0m
2026.03.09 20:49:41 INFO  [INFO] SUCCESS: org.springframework:spring-aop:jar:5.2.2.RELEASE:compile (sources = true)[0m
2026.03.09 20:49:41 INFO  [INFO] Resolving artifact: net.bytebuddy:byte-buddy-agent:jar:1.10.4:test (sources = false)[0m
2026.03.09 20:49:41 INFO  [INFO] SUCCESS: net.bytebuddy:byte-buddy-agent:jar:1.10.4:test (sources = false)[0m
2026.03.09 20:49:41 INFO  [INFO] Resolving artifact: net.bytebuddy:byte-buddy-agent:jar:1.10.4:test (sources = true)[0m
2026.03.09 20:49:41 INFO  [INFO] SUCCESS: net.bytebuddy:byte-buddy-agent:jar:1.10.4:test (sources = true)[0m
2026.03.09 20:49:41 INFO  [INFO] Resolving artifact: jakarta.xml.bind:jakarta.xml.bind-api:jar:2.3.2:compile (sources = false)[0m
2026.03.09 20:49:41 INFO  [INFO] SUCCESS: jakarta.xml.bind:jakarta.xml.bind-api:jar:2.3.2:compile (sources = false)[0m
2026.03.09 20:49:41 INFO  [INFO] Resolving artifact: jakarta.xml.bind:jakarta.xml.bind-api:jar:2.3.2:compile (sources = true)[0m
2026.03.09 20:49:41 INFO  [INFO] SUCCESS: jakarta.xml.bind:jakarta.xml.bind-api:jar:2.3.2:compile (sources = true)[0m
2026.03.09 20:49:41 INFO  [INFO] Resolving artifact: org.springframework.boot:spring-boot-starter-web:jar:2.2.2.RELEASE:compile (sources = false)[0m
2026.03.09 20:49:41 INFO  [INFO] SUCCESS: org.springframework.boot:spring-boot-starter-web:jar:2.2.2.RELEASE:compile (sources = false)[0m
2026.03.09 20:49:41 INFO  [INFO] Resolving artifact: org.springframework.boot:spring-boot-starter-web:jar:2.2.2.RELEASE:compile (sources = true)[0m
2026.03.09 20:49:41 INFO  [INFO] SUCCESS: org.springframework.boot:spring-boot-starter-web:jar:2.2.2.RELEASE:compile (sources = true)[0m
2026.03.09 20:49:41 INFO  [INFO] Resolving artifact: com.h2database:h2:jar:1.4.200:runtime (sources = false)[0m
2026.03.09 20:49:41 INFO  [INFO] SUCCESS: com.h2database:h2:jar:1.4.200:runtime (sources = false)[0m
2026.03.09 20:49:41 INFO  [INFO] Resolving artifact: com.h2database:h2:jar:1.4.200:runtime (sources = true)[0m
2026.03.09 20:49:41 INFO  [INFO] SUCCESS: com.h2database:h2:jar:1.4.200:runtime (sources = true)[0m
2026.03.09 20:49:41 INFO  [INFO] Resolving artifact: org.aspectj:aspectjweaver:jar:1.9.5:compile (sources = false)[0m
2026.03.09 20:49:41 INFO  [INFO] SUCCESS: org.aspectj:aspectjweaver:jar:1.9.5:compile (sources = false)[0m
2026.03.09 20:49:41 INFO  [INFO] Resolving artifact: org.aspectj:aspectjweaver:jar:1.9.5:compile (sources = true)[0m
2026.03.09 20:49:41 INFO  [INFO] SUCCESS: org.aspectj:aspectjweaver:jar:1.9.5:compile (sources = true)[0m
2026.03.09 20:49:41 INFO  [INFO] Resolving artifact: org.springframework:spring-jcl:jar:5.2.2.RELEASE:compile (sources = false)[0m
2026.03.09 20:49:41 INFO  [INFO] SUCCESS: org.springframework:spring-jcl:jar:5.2.2.RELEASE:compile (sources = false)[0m
2026.03.09 20:49:41 INFO  [INFO] Resolving artifact: org.springframework:spring-jcl:jar:5.2.2.RELEASE:compile (sources = true)[0m
2026.03.09 20:49:41 INFO  [INFO] SUCCESS: org.springframework:spring-jcl:jar:5.2.2.RELEASE:compile (sources = true)[0m
2026.03.09 20:49:41 INFO  [INFO] Resolving artifact: org.junit.jupiter:junit-jupiter-engine:jar:5.5.2:test (sources = false)[0m
2026.03.09 20:49:41 INFO  [INFO] SUCCESS: org.junit.jupiter:junit-jupiter-engine:jar:5.5.2:test (sources = false)[0m
2026.03.09 20:49:41 INFO  [INFO] Resolving artifact: org.junit.jupiter:junit-jupiter-engine:jar:5.5.2:test (sources = true)[0m
2026.03.09 20:49:41 INFO  [INFO] SUCCESS: org.junit.jupiter:junit-jupiter-engine:jar:5.5.2:test (sources = true)[0m
2026.03.09 20:49:41 INFO  [INFO] Resolving artifact: org.springframework.boot:spring-boot-test-autoconfigure:jar:2.2.2.RELEASE:test (sources = false)[0m
2026.03.09 20:49:41 INFO  [INFO] SUCCESS: org.springframework.boot:spring-boot-test-autoconfigure:jar:2.2.2.RELEASE:test (sources = false)[0m
2026.03.09 20:49:41 INFO  [INFO] Resolving artifact: org.springframework.boot:spring-boot-test-autoconfigure:jar:2.2.2.RELEASE:test (sources = true)[0m
2026.03.09 20:49:41 INFO  [INFO] SUCCESS: org.springframework.boot:spring-boot-test-autoconfigure:jar:2.2.2.RELEASE:test (sources = true)[0m
2026.03.09 20:49:41 INFO  [INFO] Resolving artifact: io.springfox:springfox-schema:jar:2.8.0:compile (sources = false)[0m
2026.03.09 20:49:41 INFO  [INFO] SUCCESS: io.springfox:springfox-schema:jar:2.8.0:compile (sources = false)[0m
2026.03.09 20:49:41 INFO  [INFO] Resolving artifact: io.springfox:springfox-schema:jar:2.8.0:compile (sources = true)[0m
2026.03.09 20:49:41 INFO  [INFO] SUCCESS: io.springfox:springfox-schema:jar:2.8.0:compile (sources = true)[0m
2026.03.09 20:49:41 INFO  [INFO] Resolving artifact: org.springframework.data:spring-data-commons:jar:2.2.3.RELEASE:compile (sources = false)[0m
2026.03.09 20:49:41 INFO  [INFO] SUCCESS: org.springframework.data:spring-data-commons:jar:2.2.3.RELEASE:compile (sources = false)[0m
2026.03.09 20:49:41 INFO  [INFO] Resolving artifact: org.springframework.data:spring-data-commons:jar:2.2.3.RELEASE:compile (sources = true)[0m
2026.03.09 20:49:41 INFO  [INFO] SUCCESS: org.springframework.data:spring-data-commons:jar:2.2.3.RELEASE:compile (sources = true)[0m
2026.03.09 20:49:41 INFO  [INFO] Resolving artifact: org.glassfish.jaxb:txw2:jar:2.3.2:compile (sources = false)[0m
2026.03.09 20:49:41 INFO  [INFO] SUCCESS: org.glassfish.jaxb:txw2:jar:2.3.2:compile (sources = false)[0m
2026.03.09 20:49:41 INFO  [INFO] Resolving artifact: org.glassfish.jaxb:txw2:jar:2.3.2:compile (sources = true)[0m
2026.03.09 20:49:41 INFO  [INFO] SUCCESS: org.glassfish.jaxb:txw2:jar:2.3.2:compile (sources = true)[0m
2026.03.09 20:49:41 INFO  [INFO] Resolving artifact: io.springfox:springfox-core:jar:2.8.0:compile (sources = false)[0m
2026.03.09 20:49:41 INFO  [INFO] SUCCESS: io.springfox:springfox-core:jar:2.8.0:compile (sources = false)[0m
2026.03.09 20:49:41 INFO  [INFO] Resolving artifact: io.springfox:springfox-core:jar:2.8.0:compile (sources = true)[0m
2026.03.09 20:49:41 INFO  [INFO] SUCCESS: io.springfox:springfox-core:jar:2.8.0:compile (sources = true)[0m
2026.03.09 20:49:41 INFO  [INFO] Resolving artifact: junit:junit:jar:4.12:test (sources = false)[0m
2026.03.09 20:49:41 INFO  [INFO] SUCCESS: junit:junit:jar:4.12:test (sources = false)[0m
2026.03.09 20:49:41 INFO  [INFO] Resolving artifact: junit:junit:jar:4.12:test (sources = true)[0m
2026.03.09 20:49:41 INFO  [INFO] SUCCESS: junit:junit:jar:4.12:test (sources = true)[0m
2026.03.09 20:49:41 INFO  [INFO] Resolving artifact: org.latencyutils:LatencyUtils:jar:2.0.3:compile (sources = false)[0m
2026.03.09 20:49:41 INFO  [INFO] SUCCESS: org.latencyutils:LatencyUtils:jar:2.0.3:compile (sources = false)[0m
2026.03.09 20:49:41 INFO  [INFO] Resolving artifact: org.latencyutils:LatencyUtils:jar:2.0.3:compile (sources = true)[0m
2026.03.09 20:49:41 INFO  [INFO] SUCCESS: org.latencyutils:LatencyUtils:jar:2.0.3:compile (sources = true)[0m
2026.03.09 20:49:41 INFO  [INFO] Resolving artifact: net.bytebuddy:byte-buddy:jar:1.10.4:compile (sources = false)[0m
2026.03.09 20:49:41 INFO  [INFO] SUCCESS: net.bytebuddy:byte-buddy:jar:1.10.4:compile (sources = false)[0m
2026.03.09 20:49:41 INFO  [INFO] Resolving artifact: net.bytebuddy:byte-buddy:jar:1.10.4:compile (sources = true)[0m
2026.03.09 20:49:41 INFO  [INFO] SUCCESS: net.bytebuddy:byte-buddy:jar:1.10.4:compile (sources = true)[0m
2026.03.09 20:49:41 INFO  [INFO] Resolving artifact: org.apache.logging.log4j:log4j-to-slf4j:jar:2.12.1:compile (sources = false)[0m
2026.03.09 20:49:41 INFO  [INFO] SUCCESS: org.apache.logging.log4j:log4j-to-slf4j:jar:2.12.1:compile (sources = false)[0m
2026.03.09 20:49:41 INFO  [INFO] Resolving artifact: org.apache.logging.log4j:log4j-to-slf4j:jar:2.12.1:compile (sources = true)[0m
2026.03.09 20:49:41 INFO  [INFO] SUCCESS: org.apache.logging.log4j:log4j-to-slf4j:jar:2.12.1:compile (sources = true)[0m
2026.03.09 20:49:41 INFO  [INFO] Resolving artifact: org.projectlombok:lombok:jar:1.18.10:provided (sources = false)[0m
2026.03.09 20:49:41 INFO  [INFO] SUCCESS: org.projectlombok:lombok:jar:1.18.10:provided (sources = false)[0m
2026.03.09 20:49:41 INFO  [INFO] Resolving artifact: org.projectlombok:lombok:jar:1.18.10:provided (sources = true)[0m
2026.03.09 20:49:41 INFO  [INFO] SUCCESS: org.projectlombok:lombok:jar:1.18.10:provided (sources = true)[0m
2026.03.09 20:49:41 INFO  [INFO] Resolving artifact: org.springframework.boot:spring-boot-starter-jdbc:jar:2.2.2.RELEASE:compile (sources = false)[0m
2026.03.09 20:49:41 INFO  [INFO] SUCCESS: org.springframework.boot:spring-boot-starter-jdbc:jar:2.2.2.RELEASE:compile (sources = false)[0m
2026.03.09 20:49:41 INFO  [INFO] Resolving artifact: org.springframework.boot:spring-boot-starter-jdbc:jar:2.2.2.RELEASE:compile (sources = true)[0m
2026.03.09 20:49:41 INFO  [INFO] SUCCESS: org.springframework.boot:spring-boot-starter-jdbc:jar:2.2.2.RELEASE:compile (sources = true)[0m
2026.03.09 20:49:41 INFO  [INFO] Resolving artifact: com.vaadin.external.google:android-json:jar:0.0.20131108.vaadin1:test (sources = false)[0m
2026.03.09 20:49:41 INFO  [INFO] SUCCESS: com.vaadin.external.google:android-json:jar:0.0.20131108.vaadin1:test (sources = false)[0m
2026.03.09 20:49:41 INFO  [INFO] Resolving artifact: com.vaadin.external.google:android-json:jar:0.0.20131108.vaadin1:test (sources = true)[0m
2026.03.09 20:49:41 INFO  [INFO] SUCCESS: com.vaadin.external.google:android-json:jar:0.0.20131108.vaadin1:test (sources = true)[0m
2026.03.09 20:49:41 INFO  [INFO] Resolving artifact: org.javassist:javassist:jar:3.24.0-GA:compile (sources = false)[0m
2026.03.09 20:49:41 INFO  [INFO] SUCCESS: org.javassist:javassist:jar:3.24.0-GA:compile (sources = false)[0m
2026.03.09 20:49:41 INFO  [INFO] Resolving artifact: org.javassist:javassist:jar:3.24.0-GA:compile (sources = true)[0m
2026.03.09 20:49:41 INFO  [INFO] SUCCESS: org.javassist:javassist:jar:3.24.0-GA:compile (sources = true)[0m
2026.03.09 20:49:41 INFO  [INFO] Resolving artifact: org.junit.platform:junit-platform-engine:jar:1.5.2:test (sources = false)[0m
2026.03.09 20:49:41 INFO  [INFO] SUCCESS: org.junit.platform:junit-platform-engine:jar:1.5.2:test (sources = false)[0m
2026.03.09 20:49:41 INFO  [INFO] Resolving artifact: org.junit.platform:junit-platform-engine:jar:1.5.2:test (sources = true)[0m
2026.03.09 20:49:41 INFO  [INFO] SUCCESS: org.junit.platform:junit-platform-engine:jar:1.5.2:test (sources = true)[0m
2026.03.09 20:49:41 INFO  [INFO] Resolving artifact: org.dom4j:dom4j:jar:2.1.1:compile (sources = false)[0m
2026.03.09 20:49:41 INFO  [INFO] SUCCESS: org.dom4j:dom4j:jar:2.1.1:compile (sources = false)[0m
2026.03.09 20:49:41 INFO  [INFO] Resolving artifact: org.dom4j:dom4j:jar:2.1.1:compile (sources = true)[0m
2026.03.09 20:49:41 INFO  [INFO] SUCCESS: org.dom4j:dom4j:jar:2.1.1:compile (sources = true)[0m
2026.03.09 20:49:41 INFO  [INFO] Generated .bloop\movie-service-test.json[0m
2026.03.09 20:49:41 INFO  [INFO] ------------------------------------------------------------------------[0m
2026.03.09 20:49:41 INFO  [INFO] BUILD SUCCESS[0m
2026.03.09 20:49:41 INFO  [INFO] ------------------------------------------------------------------------[0m
2026.03.09 20:49:41 INFO  [INFO] Total time:  7.424 s[0m
2026.03.09 20:49:41 INFO  [INFO] Finished at: 2026-03-09T20:49:42Z[0m
2026.03.09 20:49:41 INFO  [INFO] ------------------------------------------------------------------------[0m
2026.03.09 20:49:42 INFO  time: ran 'mvn bloopInstall' in 11s[0m
2026.03.09 20:49:42 INFO  Disconnecting from Bloop session...[0m
2026.03.09 20:49:42 INFO  Shut down connection with build server.[0m
2026.03.09 20:49:42 INFO  Attempting to connect to the build server...[0m
2026.03.09 20:49:42 INFO  Found a Bloop server running[0m
2026.03.09 20:49:42 INFO  tracing is disabled for protocol BSP, to enable tracing of incoming and outgoing JSON messages create an empty file at C:\Users\neoat\repos\movie-service-bugfix\.metals\bsp.trace.json or C:\Users\neoat\AppData\Local\scalameta\metals\cache\bsp.trace.json[0m
2026.03.09 20:49:42 INFO  time: Connected to build server in 0.16s[0m
2026.03.09 20:49:42 INFO  Connected to Build server: Bloop v2.0.19[0m
2026.03.09 20:49:42 INFO  time: Imported build in 0.16s[0m
2026.03.09 20:49:50 INFO  time: indexed workspace in 7.29s[0m
2026.03.09 20:49:50 INFO  compiling movie-service (15 java sources)[0m
2026.03.09 20:49:52 WARN  Unexpected javac output: warning: [options] system modules path not set in conjunction with -source 13
Note: Annotation processing is enabled because one or more processors were found
  on the class path. A future release of javac may disable annotation processing
  unless at least one processor is specified by name (-processor), or a search
  path is specified (--processor-path, --processor-module-path), or annotation
  processing is enabled explicitly (-proc:only, -proc:full).
  Use -Xlint:-options to suppress this message.
  Use -proc:none to disable annotation processing.
1 warning


An annotation processor threw an uncaught exception.
Consult the following stack trace for details.
java.lang.IllegalAccessError: class lombok.javac.apt.LombokProcessor (in unnamed module @0x58ce9668) cannot access class com.sun.tools.javac.processing.JavacProcessingEnvironment (in module jdk.compiler) because module jdk.compiler does not export com.sun.tools.javac.processing to unnamed module @0x58ce9668
	at lombok.javac.apt.LombokProcessor.getJavacProcessingEnvironment(LombokProcessor.java:419)
	at lombok.javac.apt.LombokProcessor.init(LombokProcessor.java:90)
	at lombok.core.AnnotationProcessor$JavacDescriptor.want(AnnotationProcessor.java:124)
	at lombok.core.AnnotationProcessor.init(AnnotationProcessor.java:177)
	at lombok.launch.AnnotationProcessorHider$AnnotationProcessor.init(AnnotationProcessor.java:73)
	at jdk.compiler/com.sun.tools.javac.processing.JavacProcessingEnvironment$ProcessorState.<init>(JavacProcessingEnvironment.java:699)
	at jdk.compiler/com.sun.tools.javac.processing.JavacProcessingEnvironment$DiscoveredProcessors$ProcessorStateIterator.next(JavacProcessingEnvironment.java:826)
	at jdk.compiler/com.sun.tools.javac.processing.JavacProcessingEnvironment.discoverAndRunProcs(JavacProcessingEnvironment.java:922)
	at jdk.compiler/com.sun.tools.javac.processing.JavacProcessingEnvironment$Round.run(JavacProcessingEnvironment.java:1265)
	at jdk.compiler/com.sun.tools.javac.processing.JavacProcessingEnvironment.doProcessing(JavacProcessingEnvironment.java:1380)
	at jdk.compiler/com.sun.tools.javac.main.JavaCompiler.processAnnotations(JavaCompiler.java:1272)
	at jdk.compiler/com.sun.tools.javac.main.JavaCompiler.compile(JavaCompiler.java:946)
	at jdk.compiler/com.sun.tools.javac.main.Main.compile(Main.java:319)
	at jdk.compiler/com.sun.tools.javac.main.Main.compile(Main.java:178)
	at jdk.compiler/com.sun.tools.javac.Main.compile(Main.java:64)
	at jdk.compiler/com.sun.tools.javac.Main.main(Main.java:50).[0m
2026.03.09 20:49:52 WARN  javac: [options] system modules path not set in conjunction with -source 13[0m
2026.03.09 20:49:52 INFO  Note: Annotation processing is enabled because one or more processors were found[0m
2026.03.09 20:49:52 WARN  javac exited with exit code 3[0m
2026.03.09 20:49:52 INFO  time: compiled movie-service in 2.36s[0m
mars 09, 2026 8:50:17 PM org.eclipse.lsp4j.jsonrpc.RemoteEndpoint handleCancellation
AVERTISSEMENT: Unmatched cancel notification for request id 269
mars 09, 2026 8:50:19 PM org.eclipse.lsp4j.jsonrpc.RemoteEndpoint fallbackResponseError
GRAVE: Internal error: java.lang.IllegalAccessError: class lombok.javac.apt.LombokProcessor (in unnamed module @0x59966137) cannot access class com.sun.tools.javac.processing.JavacProcessingEnvironment (in module jdk.compiler) because module jdk.compiler does not export com.sun.tools.javac.processing to unnamed module @0x59966137
java.lang.RuntimeException: java.lang.IllegalAccessError: class lombok.javac.apt.LombokProcessor (in unnamed module @0x59966137) cannot access class com.sun.tools.javac.processing.JavacProcessingEnvironment (in module jdk.compiler) because module jdk.compiler does not export com.sun.tools.javac.processing to unnamed module @0x59966137
	at jdk.compiler/com.sun.tools.javac.api.JavacTaskImpl.invocationHelper(JavacTaskImpl.java:168)
	at jdk.compiler/com.sun.tools.javac.api.JavacTaskImpl.analyze(JavacTaskImpl.java:379)
	at scala.meta.internal.pc.JavaMetalsGlobal$.scanner(JavaMetalsGlobal.scala:340)
	at scala.meta.internal.pc.JavaHoverProvider.hoverOffset(JavaHoverProvider.scala:49)
	at scala.meta.internal.pc.JavaHoverProvider.hover(JavaHoverProvider.scala:37)
	at scala.meta.internal.pc.JavaPresentationCompiler.hover(JavaPresentationCompiler.scala:80)
	at scala.meta.internal.metals.Compilers.$anonfun$hover$1(Compilers.scala:1134)
	at scala.meta.internal.metals.Compilers.$anonfun$withPCAndAdjustLsp$12(Compilers.scala:1628)
	at scala.Option.map(Option.scala:242)
	at scala.meta.internal.metals.Compilers.$anonfun$withPCAndAdjustLsp$10(Compilers.scala:1628)
	at scala.Option.flatMap(Option.scala:283)
	at scala.meta.internal.metals.Compilers.withPCAndAdjustLsp(Compilers.scala:1610)
	at scala.meta.internal.metals.Compilers.hover(Compilers.scala:1129)
	at scala.meta.internal.metals.MetalsLspService.$anonfun$hover$1(MetalsLspService.scala:985)
	at scala.meta.internal.metals.CancelTokens$.future(CancelTokens.scala:38)
	at scala.meta.internal.metals.MetalsLspService.hover(MetalsLspService.scala:983)
	at scala.meta.internal.metals.WorkspaceLspService.hover(WorkspaceLspService.scala:524)
	at scala.meta.metals.lsp.DelegatingScalaService.hover(DelegatingScalaService.scala:78)
	at java.base/jdk.internal.reflect.DirectMethodHandleAccessor.invoke(DirectMethodHandleAccessor.java:103)
	at java.base/java.lang.reflect.Method.invoke(Method.java:580)
	at org.eclipse.lsp4j.jsonrpc.services.GenericEndpoint.lambda$recursiveFindRpcMethods$0(GenericEndpoint.java:65)
	at org.eclipse.lsp4j.jsonrpc.services.GenericEndpoint.request(GenericEndpoint.java:128)
	at org.eclipse.lsp4j.jsonrpc.RemoteEndpoint.handleRequest(RemoteEndpoint.java:265)
	at org.eclipse.lsp4j.jsonrpc.RemoteEndpoint.consume(RemoteEndpoint.java:195)
	at org.eclipse.lsp4j.jsonrpc.json.StreamMessageProducer.handleMessage(StreamMessageProducer.java:189)
	at org.eclipse.lsp4j.jsonrpc.json.StreamMessageProducer.listen(StreamMessageProducer.java:97)
	at org.eclipse.lsp4j.jsonrpc.json.ConcurrentMessageProcessor.run(ConcurrentMessageProcessor.java:97)
	at java.base/java.util.concurrent.Executors$RunnableAdapter.call(Executors.java:572)
	at java.base/java.util.concurrent.FutureTask.run(FutureTask.java:317)
	at java.base/java.util.concurrent.ThreadPoolExecutor.runWorker(ThreadPoolExecutor.java:1144)
	at java.base/java.util.concurrent.ThreadPoolExecutor$Worker.run(ThreadPoolExecutor.java:642)
	at java.base/java.lang.Thread.run(Thread.java:1583)
Caused by: java.lang.IllegalAccessError: class lombok.javac.apt.LombokProcessor (in unnamed module @0x59966137) cannot access class com.sun.tools.javac.processing.JavacProcessingEnvironment (in module jdk.compiler) because module jdk.compiler does not export com.sun.tools.javac.processing to unnamed module @0x59966137
	at lombok.javac.apt.LombokProcessor.getJavacProcessingEnvironment(LombokProcessor.java:419)
	at lombok.javac.apt.LombokProcessor.init(LombokProcessor.java:90)
	at lombok.core.AnnotationProcessor$JavacDescriptor.want(AnnotationProcessor.java:124)
	at lombok.core.AnnotationProcessor.init(AnnotationProcessor.java:177)
	at lombok.launch.AnnotationProcessorHider$AnnotationProcessor.init(AnnotationProcessor.java:73)
	at jdk.compiler/com.sun.tools.javac.processing.JavacProcessingEnvironment$ProcessorState.<init>(JavacProcessingEnvironment.java:699)
	at jdk.compiler/com.sun.tools.javac.processing.JavacProcessingEnvironment$DiscoveredProcessors$ProcessorStateIterator.next(JavacProcessingEnvironment.java:826)
	at jdk.compiler/com.sun.tools.javac.processing.JavacProcessingEnvironment.discoverAndRunProcs(JavacProcessingEnvironment.java:922)
	at jdk.compiler/com.sun.tools.javac.processing.JavacProcessingEnvironment$Round.run(JavacProcessingEnvironment.java:1265)
	at jdk.compiler/com.sun.tools.javac.processing.JavacProcessingEnvironment.doProcessing(JavacProcessingEnvironment.java:1380)
	at jdk.compiler/com.sun.tools.javac.main.JavaCompiler.processAnnotations(JavaCompiler.java:1272)
	at jdk.compiler/com.sun.tools.javac.main.JavaCompiler.processAnnotations(JavaCompiler.java:1171)
	at jdk.compiler/com.sun.tools.javac.api.JavacTaskImpl.enter(JavacTaskImpl.java:348)
	at jdk.compiler/com.sun.tools.javac.api.JavacTaskImpl.analyze(JavacTaskImpl.java:399)
	at jdk.compiler/com.sun.tools.javac.api.JavacTaskImpl.lambda$analyze$1(JavacTaskImpl.java:379)
	at jdk.compiler/com.sun.tools.javac.api.JavacTaskImpl.invocationHelper(JavacTaskImpl.java:152)
	... 31 more

mars 09, 2026 8:50:20 PM org.eclipse.lsp4j.jsonrpc.RemoteEndpoint fallbackResponseError
GRAVE: Internal error: java.lang.IllegalAccessError: class lombok.javac.apt.LombokProcessor (in unnamed module @0x1bbe3645) cannot access class com.sun.tools.javac.processing.JavacProcessingEnvironment (in module jdk.compiler) because module jdk.compiler does not export com.sun.tools.javac.processing to unnamed module @0x1bbe3645
java.lang.RuntimeException: java.lang.IllegalAccessError: class lombok.javac.apt.LombokProcessor (in unnamed module @0x1bbe3645) cannot access class com.sun.tools.javac.processing.JavacProcessingEnvironment (in module jdk.compiler) because module jdk.compiler does not export com.sun.tools.javac.processing to unnamed module @0x1bbe3645
	at jdk.compiler/com.sun.tools.javac.api.JavacTaskImpl.invocationHelper(JavacTaskImpl.java:168)
	at jdk.compiler/com.sun.tools.javac.api.JavacTaskImpl.analyze(JavacTaskImpl.java:379)
	at scala.meta.internal.pc.JavaMetalsGlobal$.scanner(JavaMetalsGlobal.scala:340)
	at scala.meta.internal.pc.JavaHoverProvider.hoverOffset(JavaHoverProvider.scala:49)
	at scala.meta.internal.pc.JavaHoverProvider.hover(JavaHoverProvider.scala:37)
	at scala.meta.internal.pc.JavaPresentationCompiler.hover(JavaPresentationCompiler.scala:80)
	at scala.meta.internal.metals.Compilers.$anonfun$hover$1(Compilers.scala:1134)
	at scala.meta.internal.metals.Compilers.$anonfun$withPCAndAdjustLsp$12(Compilers.scala:1628)
	at scala.Option.map(Option.scala:242)
	at scala.meta.internal.metals.Compilers.$anonfun$withPCAndAdjustLsp$10(Compilers.scala:1628)
	at scala.Option.flatMap(Option.scala:283)
	at scala.meta.internal.metals.Compilers.withPCAndAdjustLsp(Compilers.scala:1610)
	at scala.meta.internal.metals.Compilers.hover(Compilers.scala:1129)
	at scala.meta.internal.metals.MetalsLspService.$anonfun$hover$1(MetalsLspService.scala:985)
	at scala.meta.internal.metals.CancelTokens$.future(CancelTokens.scala:38)
	at scala.meta.internal.metals.MetalsLspService.hover(MetalsLspService.scala:983)
	at scala.meta.internal.metals.WorkspaceLspService.hover(WorkspaceLspService.scala:524)
	at scala.meta.metals.lsp.DelegatingScalaService.hover(DelegatingScalaService.scala:78)
	at java.base/jdk.internal.reflect.DirectMethodHandleAccessor.invoke(DirectMethodHandleAccessor.java:103)
	at java.base/java.lang.reflect.Method.invoke(Method.java:580)
	at org.eclipse.lsp4j.jsonrpc.services.GenericEndpoint.lambda$recursiveFindRpcMethods$0(GenericEndpoint.java:65)
	at org.eclipse.lsp4j.jsonrpc.services.GenericEndpoint.request(GenericEndpoint.java:128)
	at org.eclipse.lsp4j.jsonrpc.RemoteEndpoint.handleRequest(RemoteEndpoint.java:265)
	at org.eclipse.lsp4j.jsonrpc.RemoteEndpoint.consume(RemoteEndpoint.java:195)
	at org.eclipse.lsp4j.jsonrpc.json.StreamMessageProducer.handleMessage(StreamMessageProducer.java:189)
	at org.eclipse.lsp4j.jsonrpc.json.StreamMessageProducer.listen(StreamMessageProducer.java:97)
	at org.eclipse.lsp4j.jsonrpc.json.ConcurrentMessageProcessor.run(ConcurrentMessageProcessor.java:97)
	at java.base/java.util.concurrent.Executors$RunnableAdapter.call(Executors.java:572)
	at java.base/java.util.concurrent.FutureTask.run(FutureTask.java:317)
	at java.base/java.util.concurrent.ThreadPoolExecutor.runWorker(ThreadPoolExecutor.java:1144)
	at java.base/java.util.concurrent.ThreadPoolExecutor$Worker.run(ThreadPoolExecutor.java:642)
	at java.base/java.lang.Thread.run(Thread.java:1583)
Caused by: java.lang.IllegalAccessError: class lombok.javac.apt.LombokProcessor (in unnamed module @0x1bbe3645) cannot access class com.sun.tools.javac.processing.JavacProcessingEnvironment (in module jdk.compiler) because module jdk.compiler does not export com.sun.tools.javac.processing to unnamed module @0x1bbe3645
	at lombok.javac.apt.LombokProcessor.getJavacProcessingEnvironment(LombokProcessor.java:419)
	at lombok.javac.apt.LombokProcessor.init(LombokProcessor.java:90)
	at lombok.core.AnnotationProcessor$JavacDescriptor.want(AnnotationProcessor.java:124)
	at lombok.core.AnnotationProcessor.init(AnnotationProcessor.java:177)
	at lombok.launch.AnnotationProcessorHider$AnnotationProcessor.init(AnnotationProcessor.java:73)
	at jdk.compiler/com.sun.tools.javac.processing.JavacProcessingEnvironment$ProcessorState.<init>(JavacProcessingEnvironment.java:699)
	at jdk.compiler/com.sun.tools.javac.processing.JavacProcessingEnvironment$DiscoveredProcessors$ProcessorStateIterator.next(JavacProcessingEnvironment.java:826)
	at jdk.compiler/com.sun.tools.javac.processing.JavacProcessingEnvironment.discoverAndRunProcs(JavacProcessingEnvironment.java:922)
	at jdk.compiler/com.sun.tools.javac.processing.JavacProcessingEnvironment$Round.run(JavacProcessingEnvironment.java:1265)
	at jdk.compiler/com.sun.tools.javac.processing.JavacProcessingEnvironment.doProcessing(JavacProcessingEnvironment.java:1380)
	at jdk.compiler/com.sun.tools.javac.main.JavaCompiler.processAnnotations(JavaCompiler.java:1272)
	at jdk.compiler/com.sun.tools.javac.main.JavaCompiler.processAnnotations(JavaCompiler.java:1171)
	at jdk.compiler/com.sun.tools.javac.api.JavacTaskImpl.enter(JavacTaskImpl.java:348)
	at jdk.compiler/com.sun.tools.javac.api.JavacTaskImpl.analyze(JavacTaskImpl.java:399)
	at jdk.compiler/com.sun.tools.javac.api.JavacTaskImpl.lambda$analyze$1(JavacTaskImpl.java:379)
	at jdk.compiler/com.sun.tools.javac.api.JavacTaskImpl.invocationHelper(JavacTaskImpl.java:152)
	... 31 more

mars 09, 2026 8:50:21 PM org.eclipse.lsp4j.jsonrpc.RemoteEndpoint handleCancellation
AVERTISSEMENT: Unmatched cancel notification for request id 278
mars 09, 2026 8:50:30 PM org.eclipse.lsp4j.jsonrpc.RemoteEndpoint fallbackResponseError
GRAVE: Internal error: java.lang.IllegalAccessError: class lombok.javac.apt.LombokProcessor (in unnamed module @0x1ee578e0) cannot access class com.sun.tools.javac.processing.JavacProcessingEnvironment (in module jdk.compiler) because module jdk.compiler does not export com.sun.tools.javac.processing to unnamed module @0x1ee578e0
java.lang.RuntimeException: java.lang.IllegalAccessError: class lombok.javac.apt.LombokProcessor (in unnamed module @0x1ee578e0) cannot access class com.sun.tools.javac.processing.JavacProcessingEnvironment (in module jdk.compiler) because module jdk.compiler does not export com.sun.tools.javac.processing to unnamed module @0x1ee578e0
	at jdk.compiler/com.sun.tools.javac.api.JavacTaskImpl.invocationHelper(JavacTaskImpl.java:168)
	at jdk.compiler/com.sun.tools.javac.api.JavacTaskImpl.analyze(JavacTaskImpl.java:379)
	at scala.meta.internal.pc.JavaMetalsGlobal$.scanner(JavaMetalsGlobal.scala:340)
	at scala.meta.internal.pc.JavaHoverProvider.hoverOffset(JavaHoverProvider.scala:49)
	at scala.meta.internal.pc.JavaHoverProvider.hover(JavaHoverProvider.scala:37)
	at scala.meta.internal.pc.JavaPresentationCompiler.hover(JavaPresentationCompiler.scala:80)
	at scala.meta.internal.metals.Compilers.$anonfun$hover$1(Compilers.scala:1134)
	at scala.meta.internal.metals.Compilers.$anonfun$withPCAndAdjustLsp$12(Compilers.scala:1628)
	at scala.Option.map(Option.scala:242)
	at scala.meta.internal.metals.Compilers.$anonfun$withPCAndAdjustLsp$10(Compilers.scala:1628)
	at scala.Option.flatMap(Option.scala:283)
	at scala.meta.internal.metals.Compilers.withPCAndAdjustLsp(Compilers.scala:1610)
	at scala.meta.internal.metals.Compilers.hover(Compilers.scala:1129)
	at scala.meta.internal.metals.MetalsLspService.$anonfun$hover$1(MetalsLspService.scala:985)
	at scala.meta.internal.metals.CancelTokens$.future(CancelTokens.scala:38)
	at scala.meta.internal.metals.MetalsLspService.hover(MetalsLspService.scala:983)
	at scala.meta.internal.metals.WorkspaceLspService.hover(WorkspaceLspService.scala:524)
	at scala.meta.metals.lsp.DelegatingScalaService.hover(DelegatingScalaService.scala:78)
	at java.base/jdk.internal.reflect.DirectMethodHandleAccessor.invoke(DirectMethodHandleAccessor.java:103)
	at java.base/java.lang.reflect.Method.invoke(Method.java:580)
	at org.eclipse.lsp4j.jsonrpc.services.GenericEndpoint.lambda$recursiveFindRpcMethods$0(GenericEndpoint.java:65)
	at org.eclipse.lsp4j.jsonrpc.services.GenericEndpoint.request(GenericEndpoint.java:128)
	at org.eclipse.lsp4j.jsonrpc.RemoteEndpoint.handleRequest(RemoteEndpoint.java:265)
	at org.eclipse.lsp4j.jsonrpc.RemoteEndpoint.consume(RemoteEndpoint.java:195)
	at org.eclipse.lsp4j.jsonrpc.json.StreamMessageProducer.handleMessage(StreamMessageProducer.java:189)
	at org.eclipse.lsp4j.jsonrpc.json.StreamMessageProducer.listen(StreamMessageProducer.java:97)
	at org.eclipse.lsp4j.jsonrpc.json.ConcurrentMessageProcessor.run(ConcurrentMessageProcessor.java:97)
	at java.base/java.util.concurrent.Executors$RunnableAdapter.call(Executors.java:572)
	at java.base/java.util.concurrent.FutureTask.run(FutureTask.java:317)
	at java.base/java.util.concurrent.ThreadPoolExecutor.runWorker(ThreadPoolExecutor.java:1144)
	at java.base/java.util.concurrent.ThreadPoolExecutor$Worker.run(ThreadPoolExecutor.java:642)
	at java.base/java.lang.Thread.run(Thread.java:1583)
Caused by: java.lang.IllegalAccessError: class lombok.javac.apt.LombokProcessor (in unnamed module @0x1ee578e0) cannot access class com.sun.tools.javac.processing.JavacProcessingEnvironment (in module jdk.compiler) because module jdk.compiler does not export com.sun.tools.javac.processing to unnamed module @0x1ee578e0
	at lombok.javac.apt.LombokProcessor.getJavacProcessingEnvironment(LombokProcessor.java:419)
	at lombok.javac.apt.LombokProcessor.init(LombokProcessor.java:90)
	at lombok.core.AnnotationProcessor$JavacDescriptor.want(AnnotationProcessor.java:124)
	at lombok.core.AnnotationProcessor.init(AnnotationProcessor.java:177)
	at lombok.launch.AnnotationProcessorHider$AnnotationProcessor.init(AnnotationProcessor.java:73)
	at jdk.compiler/com.sun.tools.javac.processing.JavacProcessingEnvironment$ProcessorState.<init>(JavacProcessingEnvironment.java:699)
	at jdk.compiler/com.sun.tools.javac.processing.JavacProcessingEnvironment$DiscoveredProcessors$ProcessorStateIterator.next(JavacProcessingEnvironment.java:826)
	at jdk.compiler/com.sun.tools.javac.processing.JavacProcessingEnvironment.discoverAndRunProcs(JavacProcessingEnvironment.java:922)
	at jdk.compiler/com.sun.tools.javac.processing.JavacProcessingEnvironment$Round.run(JavacProcessingEnvironment.java:1265)
	at jdk.compiler/com.sun.tools.javac.processing.JavacProcessingEnvironment.doProcessing(JavacProcessingEnvironment.java:1380)
	at jdk.compiler/com.sun.tools.javac.main.JavaCompiler.processAnnotations(JavaCompiler.java:1272)
	at jdk.compiler/com.sun.tools.javac.main.JavaCompiler.processAnnotations(JavaCompiler.java:1171)
	at jdk.compiler/com.sun.tools.javac.api.JavacTaskImpl.enter(JavacTaskImpl.java:348)
	at jdk.compiler/com.sun.tools.javac.api.JavacTaskImpl.analyze(JavacTaskImpl.java:399)
	at jdk.compiler/com.sun.tools.javac.api.JavacTaskImpl.lambda$analyze$1(JavacTaskImpl.java:379)
	at jdk.compiler/com.sun.tools.javac.api.JavacTaskImpl.invocationHelper(JavacTaskImpl.java:152)
	... 31 more

mars 09, 2026 8:50:41 PM org.eclipse.lsp4j.jsonrpc.RemoteEndpoint fallbackResponseError
GRAVE: Internal error: java.lang.IllegalAccessError: class lombok.javac.apt.LombokProcessor (in unnamed module @0x37e9d079) cannot access class com.sun.tools.javac.processing.JavacProcessingEnvironment (in module jdk.compiler) because module jdk.compiler does not export com.sun.tools.javac.processing to unnamed module @0x37e9d079
java.lang.RuntimeException: java.lang.IllegalAccessError: class lombok.javac.apt.LombokProcessor (in unnamed module @0x37e9d079) cannot access class com.sun.tools.javac.processing.JavacProcessingEnvironment (in module jdk.compiler) because module jdk.compiler does not export com.sun.tools.javac.processing to unnamed module @0x37e9d079
	at jdk.compiler/com.sun.tools.javac.api.JavacTaskImpl.invocationHelper(JavacTaskImpl.java:168)
	at jdk.compiler/com.sun.tools.javac.api.JavacTaskImpl.analyze(JavacTaskImpl.java:379)
	at scala.meta.internal.pc.JavaMetalsGlobal$.scanner(JavaMetalsGlobal.scala:340)
	at scala.meta.internal.pc.JavaDocumentHighlightProvider.documentHighlight(JavaDocumentHighlightProvider.scala:39)
	at scala.meta.internal.pc.JavaDocumentHighlightProvider.documentHighlight(JavaDocumentHighlightProvider.scala:25)
	at scala.meta.internal.pc.JavaPresentationCompiler.documentHighlight(JavaPresentationCompiler.scala:112)
	at scala.meta.internal.metals.Compilers.$anonfun$documentHighlight$1(Compilers.scala:908)
	at scala.meta.internal.metals.Compilers.$anonfun$withPCAndAdjustLsp$4(Compilers.scala:1543)
	at scala.Option.map(Option.scala:242)
	at scala.meta.internal.metals.Compilers.$anonfun$withPCAndAdjustLsp$3(Compilers.scala:1543)
	at scala.Option.flatMap(Option.scala:283)
	at scala.meta.internal.metals.Compilers.withPCAndAdjustLsp(Compilers.scala:1535)
	at scala.meta.internal.metals.Compilers.documentHighlight(Compilers.scala:903)
	at scala.meta.internal.metals.MetalsLspService.$anonfun$documentHighlights$1(MetalsLspService.scala:1019)
	at scala.meta.internal.metals.CancelTokens$.future(CancelTokens.scala:38)
	at scala.meta.internal.metals.MetalsLspService.documentHighlights(MetalsLspService.scala:1018)
	at scala.meta.internal.metals.WorkspaceLspService.documentHighlights(WorkspaceLspService.scala:541)
	at scala.meta.metals.lsp.DelegatingScalaService.documentHighlights(DelegatingScalaService.scala:83)
	at java.base/jdk.internal.reflect.DirectMethodHandleAccessor.invoke(DirectMethodHandleAccessor.java:103)
	at java.base/java.lang.reflect.Method.invoke(Method.java:580)
	at org.eclipse.lsp4j.jsonrpc.services.GenericEndpoint.lambda$recursiveFindRpcMethods$0(GenericEndpoint.java:65)
	at org.eclipse.lsp4j.jsonrpc.services.GenericEndpoint.request(GenericEndpoint.java:128)
	at org.eclipse.lsp4j.jsonrpc.RemoteEndpoint.handleRequest(RemoteEndpoint.java:265)
	at org.eclipse.lsp4j.jsonrpc.RemoteEndpoint.consume(RemoteEndpoint.java:195)
	at org.eclipse.lsp4j.jsonrpc.json.StreamMessageProducer.handleMessage(StreamMessageProducer.java:189)
	at org.eclipse.lsp4j.jsonrpc.json.StreamMessageProducer.listen(StreamMessageProducer.java:97)
	at org.eclipse.lsp4j.jsonrpc.json.ConcurrentMessageProcessor.run(ConcurrentMessageProcessor.java:97)
	at java.base/java.util.concurrent.Executors$RunnableAdapter.call(Executors.java:572)
	at java.base/java.util.concurrent.FutureTask.run(FutureTask.java:317)
	at java.base/java.util.concurrent.ThreadPoolExecutor.runWorker(ThreadPoolExecutor.java:1144)
	at java.base/java.util.concurrent.ThreadPoolExecutor$Worker.run(ThreadPoolExecutor.java:642)
	at java.base/java.lang.Thread.run(Thread.java:1583)
Caused by: java.lang.IllegalAccessError: class lombok.javac.apt.LombokProcessor (in unnamed module @0x37e9d079) cannot access class com.sun.tools.javac.processing.JavacProcessingEnvironment (in module jdk.compiler) because module jdk.compiler does not export com.sun.tools.javac.processing to unnamed module @0x37e9d079
	at lombok.javac.apt.LombokProcessor.getJavacProcessingEnvironment(LombokProcessor.java:419)
	at lombok.javac.apt.LombokProcessor.init(LombokProcessor.java:90)
	at lombok.core.AnnotationProcessor$JavacDescriptor.want(AnnotationProcessor.java:124)
	at lombok.core.AnnotationProcessor.init(AnnotationProcessor.java:177)
	at lombok.launch.AnnotationProcessorHider$AnnotationProcessor.init(AnnotationProcessor.java:73)
	at jdk.compiler/com.sun.tools.javac.processing.JavacProcessingEnvironment$ProcessorState.<init>(JavacProcessingEnvironment.java:699)
	at jdk.compiler/com.sun.tools.javac.processing.JavacProcessingEnvironment$DiscoveredProcessors$ProcessorStateIterator.next(JavacProcessingEnvironment.java:826)
	at jdk.compiler/com.sun.tools.javac.processing.JavacProcessingEnvironment.discoverAndRunProcs(JavacProcessingEnvironment.java:922)
	at jdk.compiler/com.sun.tools.javac.processing.JavacProcessingEnvironment$Round.run(JavacProcessingEnvironment.java:1265)
	at jdk.compiler/com.sun.tools.javac.processing.JavacProcessingEnvironment.doProcessing(JavacProcessingEnvironment.java:1380)
	at jdk.compiler/com.sun.tools.javac.main.JavaCompiler.processAnnotations(JavaCompiler.java:1272)
	at jdk.compiler/com.sun.tools.javac.main.JavaCompiler.processAnnotations(JavaCompiler.java:1171)
	at jdk.compiler/com.sun.tools.javac.api.JavacTaskImpl.enter(JavacTaskImpl.java:348)
	at jdk.compiler/com.sun.tools.javac.api.JavacTaskImpl.analyze(JavacTaskImpl.java:399)
	at jdk.compiler/com.sun.tools.javac.api.JavacTaskImpl.lambda$analyze$1(JavacTaskImpl.java:379)
	at jdk.compiler/com.sun.tools.javac.api.JavacTaskImpl.invocationHelper(JavacTaskImpl.java:152)
	... 31 more

mars 09, 2026 8:51:08 PM org.eclipse.lsp4j.jsonrpc.RemoteEndpoint fallbackResponseError
GRAVE: Internal error: java.lang.IllegalAccessError: class lombok.javac.apt.LombokProcessor (in unnamed module @0x6d20654b) cannot access class com.sun.tools.javac.processing.JavacProcessingEnvironment (in module jdk.compiler) because module jdk.compiler does not export com.sun.tools.javac.processing to unnamed module @0x6d20654b
java.lang.RuntimeException: java.lang.IllegalAccessError: class lombok.javac.apt.LombokProcessor (in unnamed module @0x6d20654b) cannot access class com.sun.tools.javac.processing.JavacProcessingEnvironment (in module jdk.compiler) because module jdk.compiler does not export com.sun.tools.javac.processing to unnamed module @0x6d20654b
	at jdk.compiler/com.sun.tools.javac.api.JavacTaskImpl.invocationHelper(JavacTaskImpl.java:168)
	at jdk.compiler/com.sun.tools.javac.api.JavacTaskImpl.analyze(JavacTaskImpl.java:379)
	at scala.meta.internal.pc.JavaMetalsGlobal$.scanner(JavaMetalsGlobal.scala:340)
	at scala.meta.internal.pc.JavaHoverProvider.hoverOffset(JavaHoverProvider.scala:49)
	at scala.meta.internal.pc.JavaHoverProvider.hover(JavaHoverProvider.scala:37)
	at scala.meta.internal.pc.JavaPresentationCompiler.hover(JavaPresentationCompiler.scala:80)
	at scala.meta.internal.metals.Compilers.$anonfun$hover$1(Compilers.scala:1134)
	at scala.meta.internal.metals.Compilers.$anonfun$withPCAndAdjustLsp$12(Compilers.scala:1628)
	at scala.Option.map(Option.scala:242)
	at scala.meta.internal.metals.Compilers.$anonfun$withPCAndAdjustLsp$10(Compilers.scala:1628)
	at scala.Option.flatMap(Option.scala:283)
	at scala.meta.internal.metals.Compilers.withPCAndAdjustLsp(Compilers.scala:1610)
	at scala.meta.internal.metals.Compilers.hover(Compilers.scala:1129)
	at scala.meta.internal.metals.MetalsLspService.$anonfun$hover$1(MetalsLspService.scala:985)
	at scala.meta.internal.metals.CancelTokens$.future(CancelTokens.scala:38)
	at scala.meta.internal.metals.MetalsLspService.hover(MetalsLspService.scala:983)
	at scala.meta.internal.metals.WorkspaceLspService.hover(WorkspaceLspService.scala:524)
	at scala.meta.metals.lsp.DelegatingScalaService.hover(DelegatingScalaService.scala:78)
	at java.base/jdk.internal.reflect.DirectMethodHandleAccessor.invoke(DirectMethodHandleAccessor.java:103)
	at java.base/java.lang.reflect.Method.invoke(Method.java:580)
	at org.eclipse.lsp4j.jsonrpc.services.GenericEndpoint.lambda$recursiveFindRpcMethods$0(GenericEndpoint.java:65)
	at org.eclipse.lsp4j.jsonrpc.services.GenericEndpoint.request(GenericEndpoint.java:128)
	at org.eclipse.lsp4j.jsonrpc.RemoteEndpoint.handleRequest(RemoteEndpoint.java:265)
	at org.eclipse.lsp4j.jsonrpc.RemoteEndpoint.consume(RemoteEndpoint.java:195)
	at org.eclipse.lsp4j.jsonrpc.json.StreamMessageProducer.handleMessage(StreamMessageProducer.java:189)
	at org.eclipse.lsp4j.jsonrpc.json.StreamMessageProducer.listen(StreamMessageProducer.java:97)
	at org.eclipse.lsp4j.jsonrpc.json.ConcurrentMessageProcessor.run(ConcurrentMessageProcessor.java:97)
	at java.base/java.util.concurrent.Executors$RunnableAdapter.call(Executors.java:572)
	at java.base/java.util.concurrent.FutureTask.run(FutureTask.java:317)
	at java.base/java.util.concurrent.ThreadPoolExecutor.runWorker(ThreadPoolExecutor.java:1144)
	at java.base/java.util.concurrent.ThreadPoolExecutor$Worker.run(ThreadPoolExecutor.java:642)
	at java.base/java.lang.Thread.run(Thread.java:1583)
Caused by: java.lang.IllegalAccessError: class lombok.javac.apt.LombokProcessor (in unnamed module @0x6d20654b) cannot access class com.sun.tools.javac.processing.JavacProcessingEnvironment (in module jdk.compiler) because module jdk.compiler does not export com.sun.tools.javac.processing to unnamed module @0x6d20654b
	at lombok.javac.apt.LombokProcessor.getJavacProcessingEnvironment(LombokProcessor.java:419)
	at lombok.javac.apt.LombokProcessor.init(LombokProcessor.java:90)
	at lombok.core.AnnotationProcessor$JavacDescriptor.want(AnnotationProcessor.java:124)
	at lombok.core.AnnotationProcessor.init(AnnotationProcessor.java:177)
	at lombok.launch.AnnotationProcessorHider$AnnotationProcessor.init(AnnotationProcessor.java:73)
	at jdk.compiler/com.sun.tools.javac.processing.JavacProcessingEnvironment$ProcessorState.<init>(JavacProcessingEnvironment.java:699)
	at jdk.compiler/com.sun.tools.javac.processing.JavacProcessingEnvironment$DiscoveredProcessors$ProcessorStateIterator.next(JavacProcessingEnvironment.java:826)
	at jdk.compiler/com.sun.tools.javac.processing.JavacProcessingEnvironment.discoverAndRunProcs(JavacProcessingEnvironment.java:922)
	at jdk.compiler/com.sun.tools.javac.processing.JavacProcessingEnvironment$Round.run(JavacProcessingEnvironment.java:1265)
	at jdk.compiler/com.sun.tools.javac.processing.JavacProcessingEnvironment.doProcessing(JavacProcessingEnvironment.java:1380)
	at jdk.compiler/com.sun.tools.javac.main.JavaCompiler.processAnnotations(JavaCompiler.java:1272)
	at jdk.compiler/com.sun.tools.javac.main.JavaCompiler.processAnnotations(JavaCompiler.java:1171)
	at jdk.compiler/com.sun.tools.javac.api.JavacTaskImpl.enter(JavacTaskImpl.java:348)
	at jdk.compiler/com.sun.tools.javac.api.JavacTaskImpl.analyze(JavacTaskImpl.java:399)
	at jdk.compiler/com.sun.tools.javac.api.JavacTaskImpl.lambda$analyze$1(JavacTaskImpl.java:379)
	at jdk.compiler/com.sun.tools.javac.api.JavacTaskImpl.invocationHelper(JavacTaskImpl.java:152)
	... 31 more

mars 09, 2026 8:52:00 PM org.eclipse.lsp4j.jsonrpc.RemoteEndpoint handleCancellation
AVERTISSEMENT: Unmatched cancel notification for request id 302
mars 09, 2026 8:52:01 PM org.eclipse.lsp4j.jsonrpc.RemoteEndpoint fallbackResponseError
GRAVE: Internal error: java.lang.IllegalAccessError: class lombok.javac.apt.LombokProcessor (in unnamed module @0x64ae78c7) cannot access class com.sun.tools.javac.processing.JavacProcessingEnvironment (in module jdk.compiler) because module jdk.compiler does not export com.sun.tools.javac.processing to unnamed module @0x64ae78c7
java.lang.RuntimeException: java.lang.IllegalAccessError: class lombok.javac.apt.LombokProcessor (in unnamed module @0x64ae78c7) cannot access class com.sun.tools.javac.processing.JavacProcessingEnvironment (in module jdk.compiler) because module jdk.compiler does not export com.sun.tools.javac.processing to unnamed module @0x64ae78c7
	at jdk.compiler/com.sun.tools.javac.api.JavacTaskImpl.invocationHelper(JavacTaskImpl.java:168)
	at jdk.compiler/com.sun.tools.javac.api.JavacTaskImpl.analyze(JavacTaskImpl.java:379)
	at scala.meta.internal.pc.JavaMetalsGlobal$.scanner(JavaMetalsGlobal.scala:340)
	at scala.meta.internal.pc.JavaDocumentHighlightProvider.documentHighlight(JavaDocumentHighlightProvider.scala:39)
	at scala.meta.internal.pc.JavaDocumentHighlightProvider.documentHighlight(JavaDocumentHighlightProvider.scala:25)
	at scala.meta.internal.pc.JavaPresentationCompiler.documentHighlight(JavaPresentationCompiler.scala:112)
	at scala.meta.internal.metals.Compilers.$anonfun$documentHighlight$1(Compilers.scala:908)
	at scala.meta.internal.metals.Compilers.$anonfun$withPCAndAdjustLsp$4(Compilers.scala:1543)
	at scala.Option.map(Option.scala:242)
	at scala.meta.internal.metals.Compilers.$anonfun$withPCAndAdjustLsp$3(Compilers.scala:1543)
	at scala.Option.flatMap(Option.scala:283)
	at scala.meta.internal.metals.Compilers.withPCAndAdjustLsp(Compilers.scala:1535)
	at scala.meta.internal.metals.Compilers.documentHighlight(Compilers.scala:903)
	at scala.meta.internal.metals.MetalsLspService.$anonfun$documentHighlights$1(MetalsLspService.scala:1019)
	at scala.meta.internal.metals.CancelTokens$.future(CancelTokens.scala:38)
	at scala.meta.internal.metals.MetalsLspService.documentHighlights(MetalsLspService.scala:1018)
	at scala.meta.internal.metals.WorkspaceLspService.documentHighlights(WorkspaceLspService.scala:541)
	at scala.meta.metals.lsp.DelegatingScalaService.documentHighlights(DelegatingScalaService.scala:83)
	at java.base/jdk.internal.reflect.DirectMethodHandleAccessor.invoke(DirectMethodHandleAccessor.java:103)
	at java.base/java.lang.reflect.Method.invoke(Method.java:580)
	at org.eclipse.lsp4j.jsonrpc.services.GenericEndpoint.lambda$recursiveFindRpcMethods$0(GenericEndpoint.java:65)
	at org.eclipse.lsp4j.jsonrpc.services.GenericEndpoint.request(GenericEndpoint.java:128)
	at org.eclipse.lsp4j.jsonrpc.RemoteEndpoint.handleRequest(RemoteEndpoint.java:265)
	at org.eclipse.lsp4j.jsonrpc.RemoteEndpoint.consume(RemoteEndpoint.java:195)
	at org.eclipse.lsp4j.jsonrpc.json.StreamMessageProducer.handleMessage(StreamMessageProducer.java:189)
	at org.eclipse.lsp4j.jsonrpc.json.StreamMessageProducer.listen(StreamMessageProducer.java:97)
	at org.eclipse.lsp4j.jsonrpc.json.ConcurrentMessageProcessor.run(ConcurrentMessageProcessor.java:97)
	at java.base/java.util.concurrent.Executors$RunnableAdapter.call(Executors.java:572)
	at java.base/java.util.concurrent.FutureTask.run(FutureTask.java:317)
	at java.base/java.util.concurrent.ThreadPoolExecutor.runWorker(ThreadPoolExecutor.java:1144)
	at java.base/java.util.concurrent.ThreadPoolExecutor$Worker.run(ThreadPoolExecutor.java:642)
	at java.base/java.lang.Thread.run(Thread.java:1583)
Caused by: java.lang.IllegalAccessError: class lombok.javac.apt.LombokProcessor (in unnamed module @0x64ae78c7) cannot access class com.sun.tools.javac.processing.JavacProcessingEnvironment (in module jdk.compiler) because module jdk.compiler does not export com.sun.tools.javac.processing to unnamed module @0x64ae78c7
	at lombok.javac.apt.LombokProcessor.getJavacProcessingEnvironment(LombokProcessor.java:419)
	at lombok.javac.apt.LombokProcessor.init(LombokProcessor.java:90)
	at lombok.core.AnnotationProcessor$JavacDescriptor.want(AnnotationProcessor.java:124)
	at lombok.core.AnnotationProcessor.init(AnnotationProcessor.java:177)
	at lombok.launch.AnnotationProcessorHider$AnnotationProcessor.init(AnnotationProcessor.java:73)
	at jdk.compiler/com.sun.tools.javac.processing.JavacProcessingEnvironment$ProcessorState.<init>(JavacProcessingEnvironment.java:699)
	at jdk.compiler/com.sun.tools.javac.processing.JavacProcessingEnvironment$DiscoveredProcessors$ProcessorStateIterator.next(JavacProcessingEnvironment.java:826)
	at jdk.compiler/com.sun.tools.javac.processing.JavacProcessingEnvironment.discoverAndRunProcs(JavacProcessingEnvironment.java:922)
	at jdk.compiler/com.sun.tools.javac.processing.JavacProcessingEnvironment$Round.run(JavacProcessingEnvironment.java:1265)
	at jdk.compiler/com.sun.tools.javac.processing.JavacProcessingEnvironment.doProcessing(JavacProcessingEnvironment.java:1380)
	at jdk.compiler/com.sun.tools.javac.main.JavaCompiler.processAnnotations(JavaCompiler.java:1272)
	at jdk.compiler/com.sun.tools.javac.main.JavaCompiler.processAnnotations(JavaCompiler.java:1171)
	at jdk.compiler/com.sun.tools.javac.api.JavacTaskImpl.enter(JavacTaskImpl.java:348)
	at jdk.compiler/com.sun.tools.javac.api.JavacTaskImpl.analyze(JavacTaskImpl.java:399)
	at jdk.compiler/com.sun.tools.javac.api.JavacTaskImpl.lambda$analyze$1(JavacTaskImpl.java:379)
	at jdk.compiler/com.sun.tools.javac.api.JavacTaskImpl.invocationHelper(JavacTaskImpl.java:152)
	... 31 more

mars 09, 2026 8:52:02 PM org.eclipse.lsp4j.jsonrpc.RemoteEndpoint fallbackResponseError
GRAVE: Internal error: java.lang.IllegalAccessError: class lombok.javac.apt.LombokProcessor (in unnamed module @0x595b6f90) cannot access class com.sun.tools.javac.processing.JavacProcessingEnvironment (in module jdk.compiler) because module jdk.compiler does not export com.sun.tools.javac.processing to unnamed module @0x595b6f90
java.lang.RuntimeException: java.lang.IllegalAccessError: class lombok.javac.apt.LombokProcessor (in unnamed module @0x595b6f90) cannot access class com.sun.tools.javac.processing.JavacProcessingEnvironment (in module jdk.compiler) because module jdk.compiler does not export com.sun.tools.javac.processing to unnamed module @0x595b6f90
	at jdk.compiler/com.sun.tools.javac.api.JavacTaskImpl.invocationHelper(JavacTaskImpl.java:168)
	at jdk.compiler/com.sun.tools.javac.api.JavacTaskImpl.analyze(JavacTaskImpl.java:379)
	at scala.meta.internal.pc.JavaMetalsGlobal$.scanner(JavaMetalsGlobal.scala:340)
	at scala.meta.internal.pc.JavaHoverProvider.hoverOffset(JavaHoverProvider.scala:49)
	at scala.meta.internal.pc.JavaHoverProvider.hover(JavaHoverProvider.scala:37)
	at scala.meta.internal.pc.JavaPresentationCompiler.hover(JavaPresentationCompiler.scala:80)
	at scala.meta.internal.metals.Compilers.$anonfun$hover$1(Compilers.scala:1134)
	at scala.meta.internal.metals.Compilers.$anonfun$withPCAndAdjustLsp$12(Compilers.scala:1628)
	at scala.Option.map(Option.scala:242)
	at scala.meta.internal.metals.Compilers.$anonfun$withPCAndAdjustLsp$10(Compilers.scala:1628)
	at scala.Option.flatMap(Option.scala:283)
	at scala.meta.internal.metals.Compilers.withPCAndAdjustLsp(Compilers.scala:1610)
	at scala.meta.internal.metals.Compilers.hover(Compilers.scala:1129)
	at scala.meta.internal.metals.MetalsLspService.$anonfun$hover$1(MetalsLspService.scala:985)
	at scala.meta.internal.metals.CancelTokens$.future(CancelTokens.scala:38)
	at scala.meta.internal.metals.MetalsLspService.hover(MetalsLspService.scala:983)
	at scala.meta.internal.metals.WorkspaceLspService.hover(WorkspaceLspService.scala:524)
	at scala.meta.metals.lsp.DelegatingScalaService.hover(DelegatingScalaService.scala:78)
	at java.base/jdk.internal.reflect.DirectMethodHandleAccessor.invoke(DirectMethodHandleAccessor.java:103)
	at java.base/java.lang.reflect.Method.invoke(Method.java:580)
	at org.eclipse.lsp4j.jsonrpc.services.GenericEndpoint.lambda$recursiveFindRpcMethods$0(GenericEndpoint.java:65)
	at org.eclipse.lsp4j.jsonrpc.services.GenericEndpoint.request(GenericEndpoint.java:128)
	at org.eclipse.lsp4j.jsonrpc.RemoteEndpoint.handleRequest(RemoteEndpoint.java:265)
	at org.eclipse.lsp4j.jsonrpc.RemoteEndpoint.consume(RemoteEndpoint.java:195)
	at org.eclipse.lsp4j.jsonrpc.json.StreamMessageProducer.handleMessage(StreamMessageProducer.java:189)
	at org.eclipse.lsp4j.jsonrpc.json.StreamMessageProducer.listen(StreamMessageProducer.java:97)
	at org.eclipse.lsp4j.jsonrpc.json.ConcurrentMessageProcessor.run(ConcurrentMessageProcessor.java:97)
	at java.base/java.util.concurrent.Executors$RunnableAdapter.call(Executors.java:572)
	at java.base/java.util.concurrent.FutureTask.run(FutureTask.java:317)
	at java.base/java.util.concurrent.ThreadPoolExecutor.runWorker(ThreadPoolExecutor.java:1144)
	at java.base/java.util.concurrent.ThreadPoolExecutor$Worker.run(ThreadPoolExecutor.java:642)
	at java.base/java.lang.Thread.run(Thread.java:1583)
Caused by: java.lang.IllegalAccessError: class lombok.javac.apt.LombokProcessor (in unnamed module @0x595b6f90) cannot access class com.sun.tools.javac.processing.JavacProcessingEnvironment (in module jdk.compiler) because module jdk.compiler does not export com.sun.tools.javac.processing to unnamed module @0x595b6f90
	at lombok.javac.apt.LombokProcessor.getJavacProcessingEnvironment(LombokProcessor.java:419)
	at lombok.javac.apt.LombokProcessor.init(LombokProcessor.java:90)
	at lombok.core.AnnotationProcessor$JavacDescriptor.want(AnnotationProcessor.java:124)
	at lombok.core.AnnotationProcessor.init(AnnotationProcessor.java:177)
	at lombok.launch.AnnotationProcessorHider$AnnotationProcessor.init(AnnotationProcessor.java:73)
	at jdk.compiler/com.sun.tools.javac.processing.JavacProcessingEnvironment$ProcessorState.<init>(JavacProcessingEnvironment.java:699)
	at jdk.compiler/com.sun.tools.javac.processing.JavacProcessingEnvironment$DiscoveredProcessors$ProcessorStateIterator.next(JavacProcessingEnvironment.java:826)
	at jdk.compiler/com.sun.tools.javac.processing.JavacProcessingEnvironment.discoverAndRunProcs(JavacProcessingEnvironment.java:922)
	at jdk.compiler/com.sun.tools.javac.processing.JavacProcessingEnvironment$Round.run(JavacProcessingEnvironment.java:1265)
	at jdk.compiler/com.sun.tools.javac.processing.JavacProcessingEnvironment.doProcessing(JavacProcessingEnvironment.java:1380)
	at jdk.compiler/com.sun.tools.javac.main.JavaCompiler.processAnnotations(JavaCompiler.java:1272)
	at jdk.compiler/com.sun.tools.javac.main.JavaCompiler.processAnnotations(JavaCompiler.java:1171)
	at jdk.compiler/com.sun.tools.javac.api.JavacTaskImpl.enter(JavacTaskImpl.java:348)
	at jdk.compiler/com.sun.tools.javac.api.JavacTaskImpl.analyze(JavacTaskImpl.java:399)
	at jdk.compiler/com.sun.tools.javac.api.JavacTaskImpl.lambda$analyze$1(JavacTaskImpl.java:379)
	at jdk.compiler/com.sun.tools.javac.api.JavacTaskImpl.invocationHelper(JavacTaskImpl.java:152)
	... 31 more

mars 09, 2026 8:52:24 PM org.eclipse.lsp4j.jsonrpc.RemoteEndpoint fallbackResponseError
GRAVE: Internal error: java.lang.IllegalAccessError: class lombok.javac.apt.LombokProcessor (in unnamed module @0x7120635e) cannot access class com.sun.tools.javac.processing.JavacProcessingEnvironment (in module jdk.compiler) because module jdk.compiler does not export com.sun.tools.javac.processing to unnamed module @0x7120635e
java.lang.RuntimeException: java.lang.IllegalAccessError: class lombok.javac.apt.LombokProcessor (in unnamed module @0x7120635e) cannot access class com.sun.tools.javac.processing.JavacProcessingEnvironment (in module jdk.compiler) because module jdk.compiler does not export com.sun.tools.javac.processing to unnamed module @0x7120635e
	at jdk.compiler/com.sun.tools.javac.api.JavacTaskImpl.invocationHelper(JavacTaskImpl.java:168)
	at jdk.compiler/com.sun.tools.javac.api.JavacTaskImpl.analyze(JavacTaskImpl.java:379)
	at scala.meta.internal.pc.JavaMetalsGlobal$.scanner(JavaMetalsGlobal.scala:340)
	at scala.meta.internal.pc.JavaHoverProvider.hoverOffset(JavaHoverProvider.scala:49)
	at scala.meta.internal.pc.JavaHoverProvider.hover(JavaHoverProvider.scala:37)
	at scala.meta.internal.pc.JavaPresentationCompiler.hover(JavaPresentationCompiler.scala:80)
	at scala.meta.internal.metals.Compilers.$anonfun$hover$1(Compilers.scala:1134)
	at scala.meta.internal.metals.Compilers.$anonfun$withPCAndAdjustLsp$12(Compilers.scala:1628)
	at scala.Option.map(Option.scala:242)
	at scala.meta.internal.metals.Compilers.$anonfun$withPCAndAdjustLsp$10(Compilers.scala:1628)
	at scala.Option.flatMap(Option.scala:283)
	at scala.meta.internal.metals.Compilers.withPCAndAdjustLsp(Compilers.scala:1610)
	at scala.meta.internal.metals.Compilers.hover(Compilers.scala:1129)
	at scala.meta.internal.metals.MetalsLspService.$anonfun$hover$1(MetalsLspService.scala:985)
	at scala.meta.internal.metals.CancelTokens$.future(CancelTokens.scala:38)
	at scala.meta.internal.metals.MetalsLspService.hover(MetalsLspService.scala:983)
	at scala.meta.internal.metals.WorkspaceLspService.hover(WorkspaceLspService.scala:524)
	at scala.meta.metals.lsp.DelegatingScalaService.hover(DelegatingScalaService.scala:78)
	at java.base/jdk.internal.reflect.DirectMethodHandleAccessor.invoke(DirectMethodHandleAccessor.java:103)
	at java.base/java.lang.reflect.Method.invoke(Method.java:580)
	at org.eclipse.lsp4j.jsonrpc.services.GenericEndpoint.lambda$recursiveFindRpcMethods$0(GenericEndpoint.java:65)
	at org.eclipse.lsp4j.jsonrpc.services.GenericEndpoint.request(GenericEndpoint.java:128)
	at org.eclipse.lsp4j.jsonrpc.RemoteEndpoint.handleRequest(RemoteEndpoint.java:265)
	at org.eclipse.lsp4j.jsonrpc.RemoteEndpoint.consume(RemoteEndpoint.java:195)
	at org.eclipse.lsp4j.jsonrpc.json.StreamMessageProducer.handleMessage(StreamMessageProducer.java:189)
	at org.eclipse.lsp4j.jsonrpc.json.StreamMessageProducer.listen(StreamMessageProducer.java:97)
	at org.eclipse.lsp4j.jsonrpc.json.ConcurrentMessageProcessor.run(ConcurrentMessageProcessor.java:97)
	at java.base/java.util.concurrent.Executors$RunnableAdapter.call(Executors.java:572)
	at java.base/java.util.concurrent.FutureTask.run(FutureTask.java:317)
	at java.base/java.util.concurrent.ThreadPoolExecutor.runWorker(ThreadPoolExecutor.java:1144)
	at java.base/java.util.concurrent.ThreadPoolExecutor$Worker.run(ThreadPoolExecutor.java:642)
	at java.base/java.lang.Thread.run(Thread.java:1583)
Caused by: java.lang.IllegalAccessError: class lombok.javac.apt.LombokProcessor (in unnamed module @0x7120635e) cannot access class com.sun.tools.javac.processing.JavacProcessingEnvironment (in module jdk.compiler) because module jdk.compiler does not export com.sun.tools.javac.processing to unnamed module @0x7120635e
	at lombok.javac.apt.LombokProcessor.getJavacProcessingEnvironment(LombokProcessor.java:419)
	at lombok.javac.apt.LombokProcessor.init(LombokProcessor.java:90)
	at lombok.core.AnnotationProcessor$JavacDescriptor.want(AnnotationProcessor.java:124)
	at lombok.core.AnnotationProcessor.init(AnnotationProcessor.java:177)
	at lombok.launch.AnnotationProcessorHider$AnnotationProcessor.init(AnnotationProcessor.java:73)
	at jdk.compiler/com.sun.tools.javac.processing.JavacProcessingEnvironment$ProcessorState.<init>(JavacProcessingEnvironment.java:699)
	at jdk.compiler/com.sun.tools.javac.processing.JavacProcessingEnvironment$DiscoveredProcessors$ProcessorStateIterator.next(JavacProcessingEnvironment.java:826)
	at jdk.compiler/com.sun.tools.javac.processing.JavacProcessingEnvironment.discoverAndRunProcs(JavacProcessingEnvironment.java:922)
	at jdk.compiler/com.sun.tools.javac.processing.JavacProcessingEnvironment$Round.run(JavacProcessingEnvironment.java:1265)
	at jdk.compiler/com.sun.tools.javac.processing.JavacProcessingEnvironment.doProcessing(JavacProcessingEnvironment.java:1380)
	at jdk.compiler/com.sun.tools.javac.main.JavaCompiler.processAnnotations(JavaCompiler.java:1272)
	at jdk.compiler/com.sun.tools.javac.main.JavaCompiler.processAnnotations(JavaCompiler.java:1171)
	at jdk.compiler/com.sun.tools.javac.api.JavacTaskImpl.enter(JavacTaskImpl.java:348)
	at jdk.compiler/com.sun.tools.javac.api.JavacTaskImpl.analyze(JavacTaskImpl.java:399)
	at jdk.compiler/com.sun.tools.javac.api.JavacTaskImpl.lambda$analyze$1(JavacTaskImpl.java:379)
	at jdk.compiler/com.sun.tools.javac.api.JavacTaskImpl.invocationHelper(JavacTaskImpl.java:152)
	... 31 more

mars 09, 2026 8:52:41 PM org.eclipse.lsp4j.jsonrpc.RemoteEndpoint fallbackResponseError
GRAVE: Internal error: java.lang.IllegalAccessError: class lombok.javac.apt.LombokProcessor (in unnamed module @0x4bd39c12) cannot access class com.sun.tools.javac.processing.JavacProcessingEnvironment (in module jdk.compiler) because module jdk.compiler does not export com.sun.tools.javac.processing to unnamed module @0x4bd39c12
java.lang.RuntimeException: java.lang.IllegalAccessError: class lombok.javac.apt.LombokProcessor (in unnamed module @0x4bd39c12) cannot access class com.sun.tools.javac.processing.JavacProcessingEnvironment (in module jdk.compiler) because module jdk.compiler does not export com.sun.tools.javac.processing to unnamed module @0x4bd39c12
	at jdk.compiler/com.sun.tools.javac.api.JavacTaskImpl.invocationHelper(JavacTaskImpl.java:168)
	at jdk.compiler/com.sun.tools.javac.api.JavacTaskImpl.analyze(JavacTaskImpl.java:379)
	at scala.meta.internal.pc.JavaMetalsGlobal$.scanner(JavaMetalsGlobal.scala:340)
	at scala.meta.internal.pc.JavaHoverProvider.hoverOffset(JavaHoverProvider.scala:49)
	at scala.meta.internal.pc.JavaHoverProvider.hover(JavaHoverProvider.scala:37)
	at scala.meta.internal.pc.JavaPresentationCompiler.hover(JavaPresentationCompiler.scala:80)
	at scala.meta.internal.metals.Compilers.$anonfun$hover$1(Compilers.scala:1134)
	at scala.meta.internal.metals.Compilers.$anonfun$withPCAndAdjustLsp$12(Compilers.scala:1628)
	at scala.Option.map(Option.scala:242)
	at scala.meta.internal.metals.Compilers.$anonfun$withPCAndAdjustLsp$10(Compilers.scala:1628)
	at scala.Option.flatMap(Option.scala:283)
	at scala.meta.internal.metals.Compilers.withPCAndAdjustLsp(Compilers.scala:1610)
	at scala.meta.internal.metals.Compilers.hover(Compilers.scala:1129)
	at scala.meta.internal.metals.MetalsLspService.$anonfun$hover$1(MetalsLspService.scala:985)
	at scala.meta.internal.metals.CancelTokens$.future(CancelTokens.scala:38)
	at scala.meta.internal.metals.MetalsLspService.hover(MetalsLspService.scala:983)
	at scala.meta.internal.metals.WorkspaceLspService.hover(WorkspaceLspService.scala:524)
	at scala.meta.metals.lsp.DelegatingScalaService.hover(DelegatingScalaService.scala:78)
	at java.base/jdk.internal.reflect.DirectMethodHandleAccessor.invoke(DirectMethodHandleAccessor.java:103)
	at java.base/java.lang.reflect.Method.invoke(Method.java:580)
	at org.eclipse.lsp4j.jsonrpc.services.GenericEndpoint.lambda$recursiveFindRpcMethods$0(GenericEndpoint.java:65)
	at org.eclipse.lsp4j.jsonrpc.services.GenericEndpoint.request(GenericEndpoint.java:128)
	at org.eclipse.lsp4j.jsonrpc.RemoteEndpoint.handleRequest(RemoteEndpoint.java:265)
	at org.eclipse.lsp4j.jsonrpc.RemoteEndpoint.consume(RemoteEndpoint.java:195)
	at org.eclipse.lsp4j.jsonrpc.json.StreamMessageProducer.handleMessage(StreamMessageProducer.java:189)
	at org.eclipse.lsp4j.jsonrpc.json.StreamMessageProducer.listen(StreamMessageProducer.java:97)
	at org.eclipse.lsp4j.jsonrpc.json.ConcurrentMessageProcessor.run(ConcurrentMessageProcessor.java:97)
	at java.base/java.util.concurrent.Executors$RunnableAdapter.call(Executors.java:572)
	at java.base/java.util.concurrent.FutureTask.run(FutureTask.java:317)
	at java.base/java.util.concurrent.ThreadPoolExecutor.runWorker(ThreadPoolExecutor.java:1144)
	at java.base/java.util.concurrent.ThreadPoolExecutor$Worker.run(ThreadPoolExecutor.java:642)
	at java.base/java.lang.Thread.run(Thread.java:1583)
Caused by: java.lang.IllegalAccessError: class lombok.javac.apt.LombokProcessor (in unnamed module @0x4bd39c12) cannot access class com.sun.tools.javac.processing.JavacProcessingEnvironment (in module jdk.compiler) because module jdk.compiler does not export com.sun.tools.javac.processing to unnamed module @0x4bd39c12
	at lombok.javac.apt.LombokProcessor.getJavacProcessingEnvironment(LombokProcessor.java:419)
	at lombok.javac.apt.LombokProcessor.init(LombokProcessor.java:90)
	at lombok.core.AnnotationProcessor$JavacDescriptor.want(AnnotationProcessor.java:124)
	at lombok.core.AnnotationProcessor.init(AnnotationProcessor.java:177)
	at lombok.launch.AnnotationProcessorHider$AnnotationProcessor.init(AnnotationProcessor.java:73)
	at jdk.compiler/com.sun.tools.javac.processing.JavacProcessingEnvironment$ProcessorState.<init>(JavacProcessingEnvironment.java:699)
	at jdk.compiler/com.sun.tools.javac.processing.JavacProcessingEnvironment$DiscoveredProcessors$ProcessorStateIterator.next(JavacProcessingEnvironment.java:826)
	at jdk.compiler/com.sun.tools.javac.processing.JavacProcessingEnvironment.discoverAndRunProcs(JavacProcessingEnvironment.java:922)
	at jdk.compiler/com.sun.tools.javac.processing.JavacProcessingEnvironment$Round.run(JavacProcessingEnvironment.java:1265)
	at jdk.compiler/com.sun.tools.javac.processing.JavacProcessingEnvironment.doProcessing(JavacProcessingEnvironment.java:1380)
	at jdk.compiler/com.sun.tools.javac.main.JavaCompiler.processAnnotations(JavaCompiler.java:1272)
	at jdk.compiler/com.sun.tools.javac.main.JavaCompiler.processAnnotations(JavaCompiler.java:1171)
	at jdk.compiler/com.sun.tools.javac.api.JavacTaskImpl.enter(JavacTaskImpl.java:348)
	at jdk.compiler/com.sun.tools.javac.api.JavacTaskImpl.analyze(JavacTaskImpl.java:399)
	at jdk.compiler/com.sun.tools.javac.api.JavacTaskImpl.lambda$analyze$1(JavacTaskImpl.java:379)
	at jdk.compiler/com.sun.tools.javac.api.JavacTaskImpl.invocationHelper(JavacTaskImpl.java:152)
	... 31 more

mars 09, 2026 8:52:42 PM org.eclipse.lsp4j.jsonrpc.RemoteEndpoint fallbackResponseError
GRAVE: Internal error: java.lang.IllegalAccessError: class lombok.javac.apt.LombokProcessor (in unnamed module @0x5cb293a) cannot access class com.sun.tools.javac.processing.JavacProcessingEnvironment (in module jdk.compiler) because module jdk.compiler does not export com.sun.tools.javac.processing to unnamed module @0x5cb293a
java.lang.RuntimeException: java.lang.IllegalAccessError: class lombok.javac.apt.LombokProcessor (in unnamed module @0x5cb293a) cannot access class com.sun.tools.javac.processing.JavacProcessingEnvironment (in module jdk.compiler) because module jdk.compiler does not export com.sun.tools.javac.processing to unnamed module @0x5cb293a
	at jdk.compiler/com.sun.tools.javac.api.JavacTaskImpl.invocationHelper(JavacTaskImpl.java:168)
	at jdk.compiler/com.sun.tools.javac.api.JavacTaskImpl.analyze(JavacTaskImpl.java:379)
	at scala.meta.internal.pc.JavaMetalsGlobal$.scanner(JavaMetalsGlobal.scala:340)
	at scala.meta.internal.pc.JavaHoverProvider.hoverOffset(JavaHoverProvider.scala:49)
	at scala.meta.internal.pc.JavaHoverProvider.hover(JavaHoverProvider.scala:37)
	at scala.meta.internal.pc.JavaPresentationCompiler.hover(JavaPresentationCompiler.scala:80)
	at scala.meta.internal.metals.Compilers.$anonfun$hover$1(Compilers.scala:1134)
	at scala.meta.internal.metals.Compilers.$anonfun$withPCAndAdjustLsp$12(Compilers.scala:1628)
	at scala.Option.map(Option.scala:242)
	at scala.meta.internal.metals.Compilers.$anonfun$withPCAndAdjustLsp$10(Compilers.scala:1628)
	at scala.Option.flatMap(Option.scala:283)
	at scala.meta.internal.metals.Compilers.withPCAndAdjustLsp(Compilers.scala:1610)
	at scala.meta.internal.metals.Compilers.hover(Compilers.scala:1129)
	at scala.meta.internal.metals.MetalsLspService.$anonfun$hover$1(MetalsLspService.scala:985)
	at scala.meta.internal.metals.CancelTokens$.future(CancelTokens.scala:38)
	at scala.meta.internal.metals.MetalsLspService.hover(MetalsLspService.scala:983)
	at scala.meta.internal.metals.WorkspaceLspService.hover(WorkspaceLspService.scala:524)
	at scala.meta.metals.lsp.DelegatingScalaService.hover(DelegatingScalaService.scala:78)
	at java.base/jdk.internal.reflect.DirectMethodHandleAccessor.invoke(DirectMethodHandleAccessor.java:103)
	at java.base/java.lang.reflect.Method.invoke(Method.java:580)
	at org.eclipse.lsp4j.jsonrpc.services.GenericEndpoint.lambda$recursiveFindRpcMethods$0(GenericEndpoint.java:65)
	at org.eclipse.lsp4j.jsonrpc.services.GenericEndpoint.request(GenericEndpoint.java:128)
	at org.eclipse.lsp4j.jsonrpc.RemoteEndpoint.handleRequest(RemoteEndpoint.java:265)
	at org.eclipse.lsp4j.jsonrpc.RemoteEndpoint.consume(RemoteEndpoint.java:195)
	at org.eclipse.lsp4j.jsonrpc.json.StreamMessageProducer.handleMessage(StreamMessageProducer.java:189)
	at org.eclipse.lsp4j.jsonrpc.json.StreamMessageProducer.listen(StreamMessageProducer.java:97)
	at org.eclipse.lsp4j.jsonrpc.json.ConcurrentMessageProcessor.run(ConcurrentMessageProcessor.java:97)
	at java.base/java.util.concurrent.Executors$RunnableAdapter.call(Executors.java:572)
	at java.base/java.util.concurrent.FutureTask.run(FutureTask.java:317)
	at java.base/java.util.concurrent.ThreadPoolExecutor.runWorker(ThreadPoolExecutor.java:1144)
	at java.base/java.util.concurrent.ThreadPoolExecutor$Worker.run(ThreadPoolExecutor.java:642)
	at java.base/java.lang.Thread.run(Thread.java:1583)
Caused by: java.lang.IllegalAccessError: class lombok.javac.apt.LombokProcessor (in unnamed module @0x5cb293a) cannot access class com.sun.tools.javac.processing.JavacProcessingEnvironment (in module jdk.compiler) because module jdk.compiler does not export com.sun.tools.javac.processing to unnamed module @0x5cb293a
	at lombok.javac.apt.LombokProcessor.getJavacProcessingEnvironment(LombokProcessor.java:419)
	at lombok.javac.apt.LombokProcessor.init(LombokProcessor.java:90)
	at lombok.core.AnnotationProcessor$JavacDescriptor.want(AnnotationProcessor.java:124)
	at lombok.core.AnnotationProcessor.init(AnnotationProcessor.java:177)
	at lombok.launch.AnnotationProcessorHider$AnnotationProcessor.init(AnnotationProcessor.java:73)
	at jdk.compiler/com.sun.tools.javac.processing.JavacProcessingEnvironment$ProcessorState.<init>(JavacProcessingEnvironment.java:699)
	at jdk.compiler/com.sun.tools.javac.processing.JavacProcessingEnvironment$DiscoveredProcessors$ProcessorStateIterator.next(JavacProcessingEnvironment.java:826)
	at jdk.compiler/com.sun.tools.javac.processing.JavacProcessingEnvironment.discoverAndRunProcs(JavacProcessingEnvironment.java:922)
	at jdk.compiler/com.sun.tools.javac.processing.JavacProcessingEnvironment$Round.run(JavacProcessingEnvironment.java:1265)
	at jdk.compiler/com.sun.tools.javac.processing.JavacProcessingEnvironment.doProcessing(JavacProcessingEnvironment.java:1380)
	at jdk.compiler/com.sun.tools.javac.main.JavaCompiler.processAnnotations(JavaCompiler.java:1272)
	at jdk.compiler/com.sun.tools.javac.main.JavaCompiler.processAnnotations(JavaCompiler.java:1171)
	at jdk.compiler/com.sun.tools.javac.api.JavacTaskImpl.enter(JavacTaskImpl.java:348)
	at jdk.compiler/com.sun.tools.javac.api.JavacTaskImpl.analyze(JavacTaskImpl.java:399)
	at jdk.compiler/com.sun.tools.javac.api.JavacTaskImpl.lambda$analyze$1(JavacTaskImpl.java:379)
	at jdk.compiler/com.sun.tools.javac.api.JavacTaskImpl.invocationHelper(JavacTaskImpl.java:152)
	... 31 more

mars 09, 2026 8:52:42 PM org.eclipse.lsp4j.jsonrpc.RemoteEndpoint handleCancellation
AVERTISSEMENT: Unmatched cancel notification for request id 331
mars 09, 2026 8:53:10 PM org.eclipse.lsp4j.jsonrpc.RemoteEndpoint fallbackResponseError
GRAVE: Internal error: java.lang.IllegalAccessError: class lombok.javac.apt.LombokProcessor (in unnamed module @0x30f2e606) cannot access class com.sun.tools.javac.processing.JavacProcessingEnvironment (in module jdk.compiler) because module jdk.compiler does not export com.sun.tools.javac.processing to unnamed module @0x30f2e606
java.lang.RuntimeException: java.lang.IllegalAccessError: class lombok.javac.apt.LombokProcessor (in unnamed module @0x30f2e606) cannot access class com.sun.tools.javac.processing.JavacProcessingEnvironment (in module jdk.compiler) because module jdk.compiler does not export com.sun.tools.javac.processing to unnamed module @0x30f2e606
	at jdk.compiler/com.sun.tools.javac.api.JavacTaskImpl.invocationHelper(JavacTaskImpl.java:168)
	at jdk.compiler/com.sun.tools.javac.api.JavacTaskImpl.analyze(JavacTaskImpl.java:379)
	at scala.meta.internal.pc.JavaMetalsGlobal$.scanner(JavaMetalsGlobal.scala:340)
	at scala.meta.internal.pc.JavaHoverProvider.hoverOffset(JavaHoverProvider.scala:49)
	at scala.meta.internal.pc.JavaHoverProvider.hover(JavaHoverProvider.scala:37)
	at scala.meta.internal.pc.JavaPresentationCompiler.hover(JavaPresentationCompiler.scala:80)
	at scala.meta.internal.metals.Compilers.$anonfun$hover$1(Compilers.scala:1134)
	at scala.meta.internal.metals.Compilers.$anonfun$withPCAndAdjustLsp$12(Compilers.scala:1628)
	at scala.Option.map(Option.scala:242)
	at scala.meta.internal.metals.Compilers.$anonfun$withPCAndAdjustLsp$10(Compilers.scala:1628)
	at scala.Option.flatMap(Option.scala:283)
	at scala.meta.internal.metals.Compilers.withPCAndAdjustLsp(Compilers.scala:1610)
	at scala.meta.internal.metals.Compilers.hover(Compilers.scala:1129)
	at scala.meta.internal.metals.MetalsLspService.$anonfun$hover$1(MetalsLspService.scala:985)
	at scala.meta.internal.metals.CancelTokens$.future(CancelTokens.scala:38)
	at scala.meta.internal.metals.MetalsLspService.hover(MetalsLspService.scala:983)
	at scala.meta.internal.metals.WorkspaceLspService.hover(WorkspaceLspService.scala:524)
	at scala.meta.metals.lsp.DelegatingScalaService.hover(DelegatingScalaService.scala:78)
	at java.base/jdk.internal.reflect.DirectMethodHandleAccessor.invoke(DirectMethodHandleAccessor.java:103)
	at java.base/java.lang.reflect.Method.invoke(Method.java:580)
	at org.eclipse.lsp4j.jsonrpc.services.GenericEndpoint.lambda$recursiveFindRpcMethods$0(GenericEndpoint.java:65)
	at org.eclipse.lsp4j.jsonrpc.services.GenericEndpoint.request(GenericEndpoint.java:128)
	at org.eclipse.lsp4j.jsonrpc.RemoteEndpoint.handleRequest(RemoteEndpoint.java:265)
	at org.eclipse.lsp4j.jsonrpc.RemoteEndpoint.consume(RemoteEndpoint.java:195)
	at org.eclipse.lsp4j.jsonrpc.json.StreamMessageProducer.handleMessage(StreamMessageProducer.java:189)
	at org.eclipse.lsp4j.jsonrpc.json.StreamMessageProducer.listen(StreamMessageProducer.java:97)
	at org.eclipse.lsp4j.jsonrpc.json.ConcurrentMessageProcessor.run(ConcurrentMessageProcessor.java:97)
	at java.base/java.util.concurrent.Executors$RunnableAdapter.call(Executors.java:572)
	at java.base/java.util.concurrent.FutureTask.run(FutureTask.java:317)
	at java.base/java.util.concurrent.ThreadPoolExecutor.runWorker(ThreadPoolExecutor.java:1144)
	at java.base/java.util.concurrent.ThreadPoolExecutor$Worker.run(ThreadPoolExecutor.java:642)
	at java.base/java.lang.Thread.run(Thread.java:1583)
Caused by: java.lang.IllegalAccessError: class lombok.javac.apt.LombokProcessor (in unnamed module @0x30f2e606) cannot access class com.sun.tools.javac.processing.JavacProcessingEnvironment (in module jdk.compiler) because module jdk.compiler does not export com.sun.tools.javac.processing to unnamed module @0x30f2e606
	at lombok.javac.apt.LombokProcessor.getJavacProcessingEnvironment(LombokProcessor.java:419)
	at lombok.javac.apt.LombokProcessor.init(LombokProcessor.java:90)
	at lombok.core.AnnotationProcessor$JavacDescriptor.want(AnnotationProcessor.java:124)
	at lombok.core.AnnotationProcessor.init(AnnotationProcessor.java:177)
	at lombok.launch.AnnotationProcessorHider$AnnotationProcessor.init(AnnotationProcessor.java:73)
	at jdk.compiler/com.sun.tools.javac.processing.JavacProcessingEnvironment$ProcessorState.<init>(JavacProcessingEnvironment.java:699)
	at jdk.compiler/com.sun.tools.javac.processing.JavacProcessingEnvironment$DiscoveredProcessors$ProcessorStateIterator.next(JavacProcessingEnvironment.java:826)
	at jdk.compiler/com.sun.tools.javac.processing.JavacProcessingEnvironment.discoverAndRunProcs(JavacProcessingEnvironment.java:922)
	at jdk.compiler/com.sun.tools.javac.processing.JavacProcessingEnvironment$Round.run(JavacProcessingEnvironment.java:1265)
	at jdk.compiler/com.sun.tools.javac.processing.JavacProcessingEnvironment.doProcessing(JavacProcessingEnvironment.java:1380)
	at jdk.compiler/com.sun.tools.javac.main.JavaCompiler.processAnnotations(JavaCompiler.java:1272)
	at jdk.compiler/com.sun.tools.javac.main.JavaCompiler.processAnnotations(JavaCompiler.java:1171)
	at jdk.compiler/com.sun.tools.javac.api.JavacTaskImpl.enter(JavacTaskImpl.java:348)
	at jdk.compiler/com.sun.tools.javac.api.JavacTaskImpl.analyze(JavacTaskImpl.java:399)
	at jdk.compiler/com.sun.tools.javac.api.JavacTaskImpl.lambda$analyze$1(JavacTaskImpl.java:379)
	at jdk.compiler/com.sun.tools.javac.api.JavacTaskImpl.invocationHelper(JavacTaskImpl.java:152)
	... 31 more

mars 09, 2026 8:53:10 PM org.eclipse.lsp4j.jsonrpc.RemoteEndpoint handleCancellation
AVERTISSEMENT: Unmatched cancel notification for request id 340
mars 09, 2026 8:53:42 PM org.eclipse.lsp4j.jsonrpc.RemoteEndpoint fallbackResponseError
GRAVE: Internal error: java.lang.IllegalAccessError: class lombok.javac.apt.LombokProcessor (in unnamed module @0x56988cfd) cannot access class com.sun.tools.javac.processing.JavacProcessingEnvironment (in module jdk.compiler) because module jdk.compiler does not export com.sun.tools.javac.processing to unnamed module @0x56988cfd
java.lang.RuntimeException: java.lang.IllegalAccessError: class lombok.javac.apt.LombokProcessor (in unnamed module @0x56988cfd) cannot access class com.sun.tools.javac.processing.JavacProcessingEnvironment (in module jdk.compiler) because module jdk.compiler does not export com.sun.tools.javac.processing to unnamed module @0x56988cfd
	at jdk.compiler/com.sun.tools.javac.api.JavacTaskImpl.invocationHelper(JavacTaskImpl.java:168)
	at jdk.compiler/com.sun.tools.javac.api.JavacTaskImpl.analyze(JavacTaskImpl.java:379)
	at scala.meta.internal.pc.JavaMetalsGlobal$.scanner(JavaMetalsGlobal.scala:340)
	at scala.meta.internal.pc.JavaHoverProvider.hoverOffset(JavaHoverProvider.scala:49)
	at scala.meta.internal.pc.JavaHoverProvider.hover(JavaHoverProvider.scala:37)
	at scala.meta.internal.pc.JavaPresentationCompiler.hover(JavaPresentationCompiler.scala:80)
	at scala.meta.internal.metals.Compilers.$anonfun$hover$1(Compilers.scala:1134)
	at scala.meta.internal.metals.Compilers.$anonfun$withPCAndAdjustLsp$12(Compilers.scala:1628)
	at scala.Option.map(Option.scala:242)
	at scala.meta.internal.metals.Compilers.$anonfun$withPCAndAdjustLsp$10(Compilers.scala:1628)
	at scala.Option.flatMap(Option.scala:283)
	at scala.meta.internal.metals.Compilers.withPCAndAdjustLsp(Compilers.scala:1610)
	at scala.meta.internal.metals.Compilers.hover(Compilers.scala:1129)
	at scala.meta.internal.metals.MetalsLspService.$anonfun$hover$1(MetalsLspService.scala:985)
	at scala.meta.internal.metals.CancelTokens$.future(CancelTokens.scala:38)
	at scala.meta.internal.metals.MetalsLspService.hover(MetalsLspService.scala:983)
	at scala.meta.internal.metals.WorkspaceLspService.hover(WorkspaceLspService.scala:524)
	at scala.meta.metals.lsp.DelegatingScalaService.hover(DelegatingScalaService.scala:78)
	at java.base/jdk.internal.reflect.DirectMethodHandleAccessor.invoke(DirectMethodHandleAccessor.java:103)
	at java.base/java.lang.reflect.Method.invoke(Method.java:580)
	at org.eclipse.lsp4j.jsonrpc.services.GenericEndpoint.lambda$recursiveFindRpcMethods$0(GenericEndpoint.java:65)
	at org.eclipse.lsp4j.jsonrpc.services.GenericEndpoint.request(GenericEndpoint.java:128)
	at org.eclipse.lsp4j.jsonrpc.RemoteEndpoint.handleRequest(RemoteEndpoint.java:265)
	at org.eclipse.lsp4j.jsonrpc.RemoteEndpoint.consume(RemoteEndpoint.java:195)
	at org.eclipse.lsp4j.jsonrpc.json.StreamMessageProducer.handleMessage(StreamMessageProducer.java:189)
	at org.eclipse.lsp4j.jsonrpc.json.StreamMessageProducer.listen(StreamMessageProducer.java:97)
	at org.eclipse.lsp4j.jsonrpc.json.ConcurrentMessageProcessor.run(ConcurrentMessageProcessor.java:97)
	at java.base/java.util.concurrent.Executors$RunnableAdapter.call(Executors.java:572)
	at java.base/java.util.concurrent.FutureTask.run(FutureTask.java:317)
	at java.base/java.util.concurrent.ThreadPoolExecutor.runWorker(ThreadPoolExecutor.java:1144)
	at java.base/java.util.concurrent.ThreadPoolExecutor$Worker.run(ThreadPoolExecutor.java:642)
	at java.base/java.lang.Thread.run(Thread.java:1583)
Caused by: java.lang.IllegalAccessError: class lombok.javac.apt.LombokProcessor (in unnamed module @0x56988cfd) cannot access class com.sun.tools.javac.processing.JavacProcessingEnvironment (in module jdk.compiler) because module jdk.compiler does not export com.sun.tools.javac.processing to unnamed module @0x56988cfd
	at lombok.javac.apt.LombokProcessor.getJavacProcessingEnvironment(LombokProcessor.java:419)
	at lombok.javac.apt.LombokProcessor.init(LombokProcessor.java:90)
	at lombok.core.AnnotationProcessor$JavacDescriptor.want(AnnotationProcessor.java:124)
	at lombok.core.AnnotationProcessor.init(AnnotationProcessor.java:177)
	at lombok.launch.AnnotationProcessorHider$AnnotationProcessor.init(AnnotationProcessor.java:73)
	at jdk.compiler/com.sun.tools.javac.processing.JavacProcessingEnvironment$ProcessorState.<init>(JavacProcessingEnvironment.java:699)
	at jdk.compiler/com.sun.tools.javac.processing.JavacProcessingEnvironment$DiscoveredProcessors$ProcessorStateIterator.next(JavacProcessingEnvironment.java:826)
	at jdk.compiler/com.sun.tools.javac.processing.JavacProcessingEnvironment.discoverAndRunProcs(JavacProcessingEnvironment.java:922)
	at jdk.compiler/com.sun.tools.javac.processing.JavacProcessingEnvironment$Round.run(JavacProcessingEnvironment.java:1265)
	at jdk.compiler/com.sun.tools.javac.processing.JavacProcessingEnvironment.doProcessing(JavacProcessingEnvironment.java:1380)
	at jdk.compiler/com.sun.tools.javac.main.JavaCompiler.processAnnotations(JavaCompiler.java:1272)
	at jdk.compiler/com.sun.tools.javac.main.JavaCompiler.processAnnotations(JavaCompiler.java:1171)
	at jdk.compiler/com.sun.tools.javac.api.JavacTaskImpl.enter(JavacTaskImpl.java:348)
	at jdk.compiler/com.sun.tools.javac.api.JavacTaskImpl.analyze(JavacTaskImpl.java:399)
	at jdk.compiler/com.sun.tools.javac.api.JavacTaskImpl.lambda$analyze$1(JavacTaskImpl.java:379)
	at jdk.compiler/com.sun.tools.javac.api.JavacTaskImpl.invocationHelper(JavacTaskImpl.java:152)
	... 31 more

mars 09, 2026 8:54:18 PM org.eclipse.lsp4j.jsonrpc.RemoteEndpoint fallbackResponseError
GRAVE: Internal error: java.lang.IllegalAccessError: class lombok.javac.apt.LombokProcessor (in unnamed module @0x7902825d) cannot access class com.sun.tools.javac.processing.JavacProcessingEnvironment (in module jdk.compiler) because module jdk.compiler does not export com.sun.tools.javac.processing to unnamed module @0x7902825d
java.lang.RuntimeException: java.lang.IllegalAccessError: class lombok.javac.apt.LombokProcessor (in unnamed module @0x7902825d) cannot access class com.sun.tools.javac.processing.JavacProcessingEnvironment (in module jdk.compiler) because module jdk.compiler does not export com.sun.tools.javac.processing to unnamed module @0x7902825d
	at jdk.compiler/com.sun.tools.javac.api.JavacTaskImpl.invocationHelper(JavacTaskImpl.java:168)
	at jdk.compiler/com.sun.tools.javac.api.JavacTaskImpl.analyze(JavacTaskImpl.java:379)
	at scala.meta.internal.pc.JavaMetalsGlobal$.scanner(JavaMetalsGlobal.scala:340)
	at scala.meta.internal.pc.JavaHoverProvider.hoverOffset(JavaHoverProvider.scala:49)
	at scala.meta.internal.pc.JavaHoverProvider.hover(JavaHoverProvider.scala:37)
	at scala.meta.internal.pc.JavaPresentationCompiler.hover(JavaPresentationCompiler.scala:80)
	at scala.meta.internal.metals.Compilers.$anonfun$hover$1(Compilers.scala:1134)
	at scala.meta.internal.metals.Compilers.$anonfun$withPCAndAdjustLsp$12(Compilers.scala:1628)
	at scala.Option.map(Option.scala:242)
	at scala.meta.internal.metals.Compilers.$anonfun$withPCAndAdjustLsp$10(Compilers.scala:1628)
	at scala.Option.flatMap(Option.scala:283)
	at scala.meta.internal.metals.Compilers.withPCAndAdjustLsp(Compilers.scala:1610)
	at scala.meta.internal.metals.Compilers.hover(Compilers.scala:1129)
	at scala.meta.internal.metals.MetalsLspService.$anonfun$hover$1(MetalsLspService.scala:985)
	at scala.meta.internal.metals.CancelTokens$.future(CancelTokens.scala:38)
	at scala.meta.internal.metals.MetalsLspService.hover(MetalsLspService.scala:983)
	at scala.meta.internal.metals.WorkspaceLspService.hover(WorkspaceLspService.scala:524)
	at scala.meta.metals.lsp.DelegatingScalaService.hover(DelegatingScalaService.scala:78)
	at java.base/jdk.internal.reflect.DirectMethodHandleAccessor.invoke(DirectMethodHandleAccessor.java:103)
	at java.base/java.lang.reflect.Method.invoke(Method.java:580)
	at org.eclipse.lsp4j.jsonrpc.services.GenericEndpoint.lambda$recursiveFindRpcMethods$0(GenericEndpoint.java:65)
	at org.eclipse.lsp4j.jsonrpc.services.GenericEndpoint.request(GenericEndpoint.java:128)
	at org.eclipse.lsp4j.jsonrpc.RemoteEndpoint.handleRequest(RemoteEndpoint.java:265)
	at org.eclipse.lsp4j.jsonrpc.RemoteEndpoint.consume(RemoteEndpoint.java:195)
	at org.eclipse.lsp4j.jsonrpc.json.StreamMessageProducer.handleMessage(StreamMessageProducer.java:189)
	at org.eclipse.lsp4j.jsonrpc.json.StreamMessageProducer.listen(StreamMessageProducer.java:97)
	at org.eclipse.lsp4j.jsonrpc.json.ConcurrentMessageProcessor.run(ConcurrentMessageProcessor.java:97)
	at java.base/java.util.concurrent.Executors$RunnableAdapter.call(Executors.java:572)
	at java.base/java.util.concurrent.FutureTask.run(FutureTask.java:317)
	at java.base/java.util.concurrent.ThreadPoolExecutor.runWorker(ThreadPoolExecutor.java:1144)
	at java.base/java.util.concurrent.ThreadPoolExecutor$Worker.run(ThreadPoolExecutor.java:642)
	at java.base/java.lang.Thread.run(Thread.java:1583)
Caused by: java.lang.IllegalAccessError: class lombok.javac.apt.LombokProcessor (in unnamed module @0x7902825d) cannot access class com.sun.tools.javac.processing.JavacProcessingEnvironment (in module jdk.compiler) because module jdk.compiler does not export com.sun.tools.javac.processing to unnamed module @0x7902825d
	at lombok.javac.apt.LombokProcessor.getJavacProcessingEnvironment(LombokProcessor.java:419)
	at lombok.javac.apt.LombokProcessor.init(LombokProcessor.java:90)
	at lombok.core.AnnotationProcessor$JavacDescriptor.want(AnnotationProcessor.java:124)
	at lombok.core.AnnotationProcessor.init(AnnotationProcessor.java:177)
	at lombok.launch.AnnotationProcessorHider$AnnotationProcessor.init(AnnotationProcessor.java:73)
	at jdk.compiler/com.sun.tools.javac.processing.JavacProcessingEnvironment$ProcessorState.<init>(JavacProcessingEnvironment.java:699)
	at jdk.compiler/com.sun.tools.javac.processing.JavacProcessingEnvironment$DiscoveredProcessors$ProcessorStateIterator.next(JavacProcessingEnvironment.java:826)
	at jdk.compiler/com.sun.tools.javac.processing.JavacProcessingEnvironment.discoverAndRunProcs(JavacProcessingEnvironment.java:922)
	at jdk.compiler/com.sun.tools.javac.processing.JavacProcessingEnvironment$Round.run(JavacProcessingEnvironment.java:1265)
	at jdk.compiler/com.sun.tools.javac.processing.JavacProcessingEnvironment.doProcessing(JavacProcessingEnvironment.java:1380)
	at jdk.compiler/com.sun.tools.javac.main.JavaCompiler.processAnnotations(JavaCompiler.java:1272)
	at jdk.compiler/com.sun.tools.javac.main.JavaCompiler.processAnnotations(JavaCompiler.java:1171)
	at jdk.compiler/com.sun.tools.javac.api.JavacTaskImpl.enter(JavacTaskImpl.java:348)
	at jdk.compiler/com.sun.tools.javac.api.JavacTaskImpl.analyze(JavacTaskImpl.java:399)
	at jdk.compiler/com.sun.tools.javac.api.JavacTaskImpl.lambda$analyze$1(JavacTaskImpl.java:379)
	at jdk.compiler/com.sun.tools.javac.api.JavacTaskImpl.invocationHelper(JavacTaskImpl.java:152)
	... 31 more

2026.03.09 20:54:28 INFO  compiling movie-service (15 java sources)[0m
2026.03.09 20:54:31 WARN  Unexpected javac output: warning: [options] system modules path not set in conjunction with -source 13
Note: Annotation processing is enabled because one or more processors were found
  on the class path. A future release of javac may disable annotation processing
  unless at least one processor is specified by name (-processor), or a search
  path is specified (--processor-path, --processor-module-path), or annotation
  processing is enabled explicitly (-proc:only, -proc:full).
  Use -Xlint:-options to suppress this message.
  Use -proc:none to disable annotation processing.
1 warning


An annotation processor threw an uncaught exception.
Consult the following stack trace for details.
java.lang.IllegalAccessError: class lombok.javac.apt.LombokProcessor (in unnamed module @0x21ba0741) cannot access class com.sun.tools.javac.processing.JavacProcessingEnvironment (in module jdk.compiler) because module jdk.compiler does not export com.sun.tools.javac.processing to unnamed module @0x21ba0741
	at lombok.javac.apt.LombokProcessor.getJavacProcessingEnvironment(LombokProcessor.java:419)
	at lombok.javac.apt.LombokProcessor.init(LombokProcessor.java:90)
	at lombok.core.AnnotationProcessor$JavacDescriptor.want(AnnotationProcessor.java:124)
	at lombok.core.AnnotationProcessor.init(AnnotationProcessor.java:177)
	at lombok.launch.AnnotationProcessorHider$AnnotationProcessor.init(AnnotationProcessor.java:73)
	at jdk.compiler/com.sun.tools.javac.processing.JavacProcessingEnvironment$ProcessorState.<init>(JavacProcessingEnvironment.java:699)
	at jdk.compiler/com.sun.tools.javac.processing.JavacProcessingEnvironment$DiscoveredProcessors$ProcessorStateIterator.next(JavacProcessingEnvironment.java:826)
	at jdk.compiler/com.sun.tools.javac.processing.JavacProcessingEnvironment.discoverAndRunProcs(JavacProcessingEnvironment.java:922)
	at jdk.compiler/com.sun.tools.javac.processing.JavacProcessingEnvironment$Round.run(JavacProcessingEnvironment.java:1265)
	at jdk.compiler/com.sun.tools.javac.processing.JavacProcessingEnvironment.doProcessing(JavacProcessingEnvironment.java:1380)
	at jdk.compiler/com.sun.tools.javac.main.JavaCompiler.processAnnotations(JavaCompiler.java:1272)
	at jdk.compiler/com.sun.tools.javac.main.JavaCompiler.compile(JavaCompiler.java:946)
	at jdk.compiler/com.sun.tools.javac.main.Main.compile(Main.java:319)
	at jdk.compiler/com.sun.tools.javac.main.Main.compile(Main.java:178)
	at jdk.compiler/com.sun.tools.javac.Main.compile(Main.java:64)
	at jdk.compiler/com.sun.tools.javac.Main.main(Main.java:50).[0m
2026.03.09 20:54:31 WARN  javac: [options] system modules path not set in conjunction with -source 13[0m
2026.03.09 20:54:31 INFO  Note: Annotation processing is enabled because one or more processors were found[0m
2026.03.09 20:54:31 WARN  javac exited with exit code 3[0m
2026.03.09 20:54:31 INFO  time: compiled movie-service in 2.08s[0m
mars 09, 2026 8:54:37 PM org.eclipse.lsp4j.jsonrpc.RemoteEndpoint fallbackResponseError
GRAVE: Internal error: java.lang.IllegalAccessError: class lombok.javac.apt.LombokProcessor (in unnamed module @0x7c9f79c4) cannot access class com.sun.tools.javac.processing.JavacProcessingEnvironment (in module jdk.compiler) because module jdk.compiler does not export com.sun.tools.javac.processing to unnamed module @0x7c9f79c4
java.lang.RuntimeException: java.lang.IllegalAccessError: class lombok.javac.apt.LombokProcessor (in unnamed module @0x7c9f79c4) cannot access class com.sun.tools.javac.processing.JavacProcessingEnvironment (in module jdk.compiler) because module jdk.compiler does not export com.sun.tools.javac.processing to unnamed module @0x7c9f79c4
	at jdk.compiler/com.sun.tools.javac.api.JavacTaskImpl.invocationHelper(JavacTaskImpl.java:168)
	at jdk.compiler/com.sun.tools.javac.api.JavacTaskImpl.analyze(JavacTaskImpl.java:379)
	at scala.meta.internal.pc.JavaMetalsGlobal$.scanner(JavaMetalsGlobal.scala:340)
	at scala.meta.internal.pc.JavaHoverProvider.hoverOffset(JavaHoverProvider.scala:49)
	at scala.meta.internal.pc.JavaHoverProvider.hover(JavaHoverProvider.scala:37)
	at scala.meta.internal.pc.JavaPresentationCompiler.hover(JavaPresentationCompiler.scala:80)
	at scala.meta.internal.metals.Compilers.$anonfun$hover$1(Compilers.scala:1134)
	at scala.meta.internal.metals.Compilers.$anonfun$withPCAndAdjustLsp$12(Compilers.scala:1628)
	at scala.Option.map(Option.scala:242)
	at scala.meta.internal.metals.Compilers.$anonfun$withPCAndAdjustLsp$10(Compilers.scala:1628)
	at scala.Option.flatMap(Option.scala:283)
	at scala.meta.internal.metals.Compilers.withPCAndAdjustLsp(Compilers.scala:1610)
	at scala.meta.internal.metals.Compilers.hover(Compilers.scala:1129)
	at scala.meta.internal.metals.MetalsLspService.$anonfun$hover$1(MetalsLspService.scala:985)
	at scala.meta.internal.metals.CancelTokens$.future(CancelTokens.scala:38)
	at scala.meta.internal.metals.MetalsLspService.hover(MetalsLspService.scala:983)
	at scala.meta.internal.metals.WorkspaceLspService.hover(WorkspaceLspService.scala:524)
	at scala.meta.metals.lsp.DelegatingScalaService.hover(DelegatingScalaService.scala:78)
	at java.base/jdk.internal.reflect.DirectMethodHandleAccessor.invoke(DirectMethodHandleAccessor.java:103)
	at java.base/java.lang.reflect.Method.invoke(Method.java:580)
	at org.eclipse.lsp4j.jsonrpc.services.GenericEndpoint.lambda$recursiveFindRpcMethods$0(GenericEndpoint.java:65)
	at org.eclipse.lsp4j.jsonrpc.services.GenericEndpoint.request(GenericEndpoint.java:128)
	at org.eclipse.lsp4j.jsonrpc.RemoteEndpoint.handleRequest(RemoteEndpoint.java:265)
	at org.eclipse.lsp4j.jsonrpc.RemoteEndpoint.consume(RemoteEndpoint.java:195)
	at org.eclipse.lsp4j.jsonrpc.json.StreamMessageProducer.handleMessage(StreamMessageProducer.java:189)
	at org.eclipse.lsp4j.jsonrpc.json.StreamMessageProducer.listen(StreamMessageProducer.java:97)
	at org.eclipse.lsp4j.jsonrpc.json.ConcurrentMessageProcessor.run(ConcurrentMessageProcessor.java:97)
	at java.base/java.util.concurrent.Executors$RunnableAdapter.call(Executors.java:572)
	at java.base/java.util.concurrent.FutureTask.run(FutureTask.java:317)
	at java.base/java.util.concurrent.ThreadPoolExecutor.runWorker(ThreadPoolExecutor.java:1144)
	at java.base/java.util.concurrent.ThreadPoolExecutor$Worker.run(ThreadPoolExecutor.java:642)
	at java.base/java.lang.Thread.run(Thread.java:1583)
Caused by: java.lang.IllegalAccessError: class lombok.javac.apt.LombokProcessor (in unnamed module @0x7c9f79c4) cannot access class com.sun.tools.javac.processing.JavacProcessingEnvironment (in module jdk.compiler) because module jdk.compiler does not export com.sun.tools.javac.processing to unnamed module @0x7c9f79c4
	at lombok.javac.apt.LombokProcessor.getJavacProcessingEnvironment(LombokProcessor.java:419)
	at lombok.javac.apt.LombokProcessor.init(LombokProcessor.java:90)
	at lombok.core.AnnotationProcessor$JavacDescriptor.want(AnnotationProcessor.java:124)
	at lombok.core.AnnotationProcessor.init(AnnotationProcessor.java:177)
	at lombok.launch.AnnotationProcessorHider$AnnotationProcessor.init(AnnotationProcessor.java:73)
	at jdk.compiler/com.sun.tools.javac.processing.JavacProcessingEnvironment$ProcessorState.<init>(JavacProcessingEnvironment.java:699)
	at jdk.compiler/com.sun.tools.javac.processing.JavacProcessingEnvironment$DiscoveredProcessors$ProcessorStateIterator.next(JavacProcessingEnvironment.java:826)
	at jdk.compiler/com.sun.tools.javac.processing.JavacProcessingEnvironment.discoverAndRunProcs(JavacProcessingEnvironment.java:922)
	at jdk.compiler/com.sun.tools.javac.processing.JavacProcessingEnvironment$Round.run(JavacProcessingEnvironment.java:1265)
	at jdk.compiler/com.sun.tools.javac.processing.JavacProcessingEnvironment.doProcessing(JavacProcessingEnvironment.java:1380)
	at jdk.compiler/com.sun.tools.javac.main.JavaCompiler.processAnnotations(JavaCompiler.java:1272)
	at jdk.compiler/com.sun.tools.javac.main.JavaCompiler.processAnnotations(JavaCompiler.java:1171)
	at jdk.compiler/com.sun.tools.javac.api.JavacTaskImpl.enter(JavacTaskImpl.java:348)
	at jdk.compiler/com.sun.tools.javac.api.JavacTaskImpl.analyze(JavacTaskImpl.java:399)
	at jdk.compiler/com.sun.tools.javac.api.JavacTaskImpl.lambda$analyze$1(JavacTaskImpl.java:379)
	at jdk.compiler/com.sun.tools.javac.api.JavacTaskImpl.invocationHelper(JavacTaskImpl.java:152)
	... 31 more

mars 09, 2026 8:54:38 PM org.eclipse.lsp4j.jsonrpc.RemoteEndpoint fallbackResponseError
GRAVE: Internal error: java.lang.IllegalAccessError: class lombok.javac.apt.LombokProcessor (in unnamed module @0x24943ac2) cannot access class com.sun.tools.javac.processing.JavacProcessingEnvironment (in module jdk.compiler) because module jdk.compiler does not export com.sun.tools.javac.processing to unnamed module @0x24943ac2
java.lang.RuntimeException: java.lang.IllegalAccessError: class lombok.javac.apt.LombokProcessor (in unnamed module @0x24943ac2) cannot access class com.sun.tools.javac.processing.JavacProcessingEnvironment (in module jdk.compiler) because module jdk.compiler does not export com.sun.tools.javac.processing to unnamed module @0x24943ac2
	at jdk.compiler/com.sun.tools.javac.api.JavacTaskImpl.invocationHelper(JavacTaskImpl.java:168)
	at jdk.compiler/com.sun.tools.javac.api.JavacTaskImpl.analyze(JavacTaskImpl.java:379)
	at scala.meta.internal.pc.JavaMetalsGlobal$.scanner(JavaMetalsGlobal.scala:340)
	at scala.meta.internal.pc.JavaDocumentHighlightProvider.documentHighlight(JavaDocumentHighlightProvider.scala:39)
	at scala.meta.internal.pc.JavaDocumentHighlightProvider.documentHighlight(JavaDocumentHighlightProvider.scala:25)
	at scala.meta.internal.pc.JavaPresentationCompiler.documentHighlight(JavaPresentationCompiler.scala:112)
	at scala.meta.internal.metals.Compilers.$anonfun$documentHighlight$1(Compilers.scala:908)
	at scala.meta.internal.metals.Compilers.$anonfun$withPCAndAdjustLsp$4(Compilers.scala:1543)
	at scala.Option.map(Option.scala:242)
	at scala.meta.internal.metals.Compilers.$anonfun$withPCAndAdjustLsp$3(Compilers.scala:1543)
	at scala.Option.flatMap(Option.scala:283)
	at scala.meta.internal.metals.Compilers.withPCAndAdjustLsp(Compilers.scala:1535)
	at scala.meta.internal.metals.Compilers.documentHighlight(Compilers.scala:903)
	at scala.meta.internal.metals.MetalsLspService.$anonfun$documentHighlights$1(MetalsLspService.scala:1019)
	at scala.meta.internal.metals.CancelTokens$.future(CancelTokens.scala:38)
	at scala.meta.internal.metals.MetalsLspService.documentHighlights(MetalsLspService.scala:1018)
	at scala.meta.internal.metals.WorkspaceLspService.documentHighlights(WorkspaceLspService.scala:541)
	at scala.meta.metals.lsp.DelegatingScalaService.documentHighlights(DelegatingScalaService.scala:83)
	at java.base/jdk.internal.reflect.DirectMethodHandleAccessor.invoke(DirectMethodHandleAccessor.java:103)
	at java.base/java.lang.reflect.Method.invoke(Method.java:580)
	at org.eclipse.lsp4j.jsonrpc.services.GenericEndpoint.lambda$recursiveFindRpcMethods$0(GenericEndpoint.java:65)
	at org.eclipse.lsp4j.jsonrpc.services.GenericEndpoint.request(GenericEndpoint.java:128)
	at org.eclipse.lsp4j.jsonrpc.RemoteEndpoint.handleRequest(RemoteEndpoint.java:265)
	at org.eclipse.lsp4j.jsonrpc.RemoteEndpoint.consume(RemoteEndpoint.java:195)
	at org.eclipse.lsp4j.jsonrpc.json.StreamMessageProducer.handleMessage(StreamMessageProducer.java:189)
	at org.eclipse.lsp4j.jsonrpc.json.StreamMessageProducer.listen(StreamMessageProducer.java:97)
	at org.eclipse.lsp4j.jsonrpc.json.ConcurrentMessageProcessor.run(ConcurrentMessageProcessor.java:97)
	at java.base/java.util.concurrent.Executors$RunnableAdapter.call(Executors.java:572)
	at java.base/java.util.concurrent.FutureTask.run(FutureTask.java:317)
	at java.base/java.util.concurrent.ThreadPoolExecutor.runWorker(ThreadPoolExecutor.java:1144)
	at java.base/java.util.concurrent.ThreadPoolExecutor$Worker.run(ThreadPoolExecutor.java:642)
	at java.base/java.lang.Thread.run(Thread.java:1583)
Caused by: java.lang.IllegalAccessError: class lombok.javac.apt.LombokProcessor (in unnamed module @0x24943ac2) cannot access class com.sun.tools.javac.processing.JavacProcessingEnvironment (in module jdk.compiler) because module jdk.compiler does not export com.sun.tools.javac.processing to unnamed module @0x24943ac2
	at lombok.javac.apt.LombokProcessor.getJavacProcessingEnvironment(LombokProcessor.java:419)
	at lombok.javac.apt.LombokProcessor.init(LombokProcessor.java:90)
	at lombok.core.AnnotationProcessor$JavacDescriptor.want(AnnotationProcessor.java:124)
	at lombok.core.AnnotationProcessor.init(AnnotationProcessor.java:177)
	at lombok.launch.AnnotationProcessorHider$AnnotationProcessor.init(AnnotationProcessor.java:73)
	at jdk.compiler/com.sun.tools.javac.processing.JavacProcessingEnvironment$ProcessorState.<init>(JavacProcessingEnvironment.java:699)
	at jdk.compiler/com.sun.tools.javac.processing.JavacProcessingEnvironment$DiscoveredProcessors$ProcessorStateIterator.next(JavacProcessingEnvironment.java:826)
	at jdk.compiler/com.sun.tools.javac.processing.JavacProcessingEnvironment.discoverAndRunProcs(JavacProcessingEnvironment.java:922)
	at jdk.compiler/com.sun.tools.javac.processing.JavacProcessingEnvironment$Round.run(JavacProcessingEnvironment.java:1265)
	at jdk.compiler/com.sun.tools.javac.processing.JavacProcessingEnvironment.doProcessing(JavacProcessingEnvironment.java:1380)
	at jdk.compiler/com.sun.tools.javac.main.JavaCompiler.processAnnotations(JavaCompiler.java:1272)
	at jdk.compiler/com.sun.tools.javac.main.JavaCompiler.processAnnotations(JavaCompiler.java:1171)
	at jdk.compiler/com.sun.tools.javac.api.JavacTaskImpl.enter(JavacTaskImpl.java:348)
	at jdk.compiler/com.sun.tools.javac.api.JavacTaskImpl.analyze(JavacTaskImpl.java:399)
	at jdk.compiler/com.sun.tools.javac.api.JavacTaskImpl.lambda$analyze$1(JavacTaskImpl.java:379)
	at jdk.compiler/com.sun.tools.javac.api.JavacTaskImpl.invocationHelper(JavacTaskImpl.java:152)
	... 31 more

mars 09, 2026 8:54:38 PM org.eclipse.lsp4j.jsonrpc.RemoteEndpoint handleCancellation
AVERTISSEMENT: Unmatched cancel notification for request id 379
mars 09, 2026 8:54:38 PM org.eclipse.lsp4j.jsonrpc.RemoteEndpoint fallbackResponseError
GRAVE: Internal error: java.lang.IllegalAccessError: class lombok.javac.apt.LombokProcessor (in unnamed module @0xee30ac5) cannot access class com.sun.tools.javac.processing.JavacProcessingEnvironment (in module jdk.compiler) because module jdk.compiler does not export com.sun.tools.javac.processing to unnamed module @0xee30ac5
java.lang.RuntimeException: java.lang.IllegalAccessError: class lombok.javac.apt.LombokProcessor (in unnamed module @0xee30ac5) cannot access class com.sun.tools.javac.processing.JavacProcessingEnvironment (in module jdk.compiler) because module jdk.compiler does not export com.sun.tools.javac.processing to unnamed module @0xee30ac5
	at jdk.compiler/com.sun.tools.javac.api.JavacTaskImpl.invocationHelper(JavacTaskImpl.java:168)
	at jdk.compiler/com.sun.tools.javac.api.JavacTaskImpl.analyze(JavacTaskImpl.java:379)
	at scala.meta.internal.pc.JavaMetalsGlobal$.scanner(JavaMetalsGlobal.scala:340)
	at scala.meta.internal.pc.JavaDocumentHighlightProvider.documentHighlight(JavaDocumentHighlightProvider.scala:39)
	at scala.meta.internal.pc.JavaDocumentHighlightProvider.documentHighlight(JavaDocumentHighlightProvider.scala:25)
	at scala.meta.internal.pc.JavaPresentationCompiler.documentHighlight(JavaPresentationCompiler.scala:112)
	at scala.meta.internal.metals.Compilers.$anonfun$documentHighlight$1(Compilers.scala:908)
	at scala.meta.internal.metals.Compilers.$anonfun$withPCAndAdjustLsp$4(Compilers.scala:1543)
	at scala.Option.map(Option.scala:242)
	at scala.meta.internal.metals.Compilers.$anonfun$withPCAndAdjustLsp$3(Compilers.scala:1543)
	at scala.Option.flatMap(Option.scala:283)
	at scala.meta.internal.metals.Compilers.withPCAndAdjustLsp(Compilers.scala:1535)
	at scala.meta.internal.metals.Compilers.documentHighlight(Compilers.scala:903)
	at scala.meta.internal.metals.MetalsLspService.$anonfun$documentHighlights$1(MetalsLspService.scala:1019)
	at scala.meta.internal.metals.CancelTokens$.future(CancelTokens.scala:38)
	at scala.meta.internal.metals.MetalsLspService.documentHighlights(MetalsLspService.scala:1018)
	at scala.meta.internal.metals.WorkspaceLspService.documentHighlights(WorkspaceLspService.scala:541)
	at scala.meta.metals.lsp.DelegatingScalaService.documentHighlights(DelegatingScalaService.scala:83)
	at java.base/jdk.internal.reflect.DirectMethodHandleAccessor.invoke(DirectMethodHandleAccessor.java:103)
	at java.base/java.lang.reflect.Method.invoke(Method.java:580)
	at org.eclipse.lsp4j.jsonrpc.services.GenericEndpoint.lambda$recursiveFindRpcMethods$0(GenericEndpoint.java:65)
	at org.eclipse.lsp4j.jsonrpc.services.GenericEndpoint.request(GenericEndpoint.java:128)
	at org.eclipse.lsp4j.jsonrpc.RemoteEndpoint.handleRequest(RemoteEndpoint.java:265)
	at org.eclipse.lsp4j.jsonrpc.RemoteEndpoint.consume(RemoteEndpoint.java:195)
	at org.eclipse.lsp4j.jsonrpc.json.StreamMessageProducer.handleMessage(StreamMessageProducer.java:189)
	at org.eclipse.lsp4j.jsonrpc.json.StreamMessageProducer.listen(StreamMessageProducer.java:97)
	at org.eclipse.lsp4j.jsonrpc.json.ConcurrentMessageProcessor.run(ConcurrentMessageProcessor.java:97)
	at java.base/java.util.concurrent.Executors$RunnableAdapter.call(Executors.java:572)
	at java.base/java.util.concurrent.FutureTask.run(FutureTask.java:317)
	at java.base/java.util.concurrent.ThreadPoolExecutor.runWorker(ThreadPoolExecutor.java:1144)
	at java.base/java.util.concurrent.ThreadPoolExecutor$Worker.run(ThreadPoolExecutor.java:642)
	at java.base/java.lang.Thread.run(Thread.java:1583)
Caused by: java.lang.IllegalAccessError: class lombok.javac.apt.LombokProcessor (in unnamed module @0xee30ac5) cannot access class com.sun.tools.javac.processing.JavacProcessingEnvironment (in module jdk.compiler) because module jdk.compiler does not export com.sun.tools.javac.processing to unnamed module @0xee30ac5
	at lombok.javac.apt.LombokProcessor.getJavacProcessingEnvironment(LombokProcessor.java:419)
	at lombok.javac.apt.LombokProcessor.init(LombokProcessor.java:90)
	at lombok.core.AnnotationProcessor$JavacDescriptor.want(AnnotationProcessor.java:124)
	at lombok.core.AnnotationProcessor.init(AnnotationProcessor.java:177)
	at lombok.launch.AnnotationProcessorHider$AnnotationProcessor.init(AnnotationProcessor.java:73)
	at jdk.compiler/com.sun.tools.javac.processing.JavacProcessingEnvironment$ProcessorState.<init>(JavacProcessingEnvironment.java:699)
	at jdk.compiler/com.sun.tools.javac.processing.JavacProcessingEnvironment$DiscoveredProcessors$ProcessorStateIterator.next(JavacProcessingEnvironment.java:826)
	at jdk.compiler/com.sun.tools.javac.processing.JavacProcessingEnvironment.discoverAndRunProcs(JavacProcessingEnvironment.java:922)
	at jdk.compiler/com.sun.tools.javac.processing.JavacProcessingEnvironment$Round.run(JavacProcessingEnvironment.java:1265)
	at jdk.compiler/com.sun.tools.javac.processing.JavacProcessingEnvironment.doProcessing(JavacProcessingEnvironment.java:1380)
	at jdk.compiler/com.sun.tools.javac.main.JavaCompiler.processAnnotations(JavaCompiler.java:1272)
	at jdk.compiler/com.sun.tools.javac.main.JavaCompiler.processAnnotations(JavaCompiler.java:1171)
	at jdk.compiler/com.sun.tools.javac.api.JavacTaskImpl.enter(JavacTaskImpl.java:348)
	at jdk.compiler/com.sun.tools.javac.api.JavacTaskImpl.analyze(JavacTaskImpl.java:399)
	at jdk.compiler/com.sun.tools.javac.api.JavacTaskImpl.lambda$analyze$1(JavacTaskImpl.java:379)
	at jdk.compiler/com.sun.tools.javac.api.JavacTaskImpl.invocationHelper(JavacTaskImpl.java:152)
	... 31 more

2026.03.09 20:54:44 INFO  compiling movie-service (15 java sources)[0m
mars 09, 2026 8:54:45 PM org.eclipse.lsp4j.jsonrpc.RemoteEndpoint fallbackResponseError
GRAVE: Internal error: java.lang.IllegalAccessError: class lombok.javac.apt.LombokProcessor (in unnamed module @0x4399483d) cannot access class com.sun.tools.javac.processing.JavacProcessingEnvironment (in module jdk.compiler) because module jdk.compiler does not export com.sun.tools.javac.processing to unnamed module @0x4399483d
java.lang.RuntimeException: java.lang.IllegalAccessError: class lombok.javac.apt.LombokProcessor (in unnamed module @0x4399483d) cannot access class com.sun.tools.javac.processing.JavacProcessingEnvironment (in module jdk.compiler) because module jdk.compiler does not export com.sun.tools.javac.processing to unnamed module @0x4399483d
	at jdk.compiler/com.sun.tools.javac.api.JavacTaskImpl.invocationHelper(JavacTaskImpl.java:168)
	at jdk.compiler/com.sun.tools.javac.api.JavacTaskImpl.analyze(JavacTaskImpl.java:379)
	at scala.meta.internal.pc.JavaMetalsGlobal$.scanner(JavaMetalsGlobal.scala:340)
	at scala.meta.internal.pc.JavaDocumentHighlightProvider.documentHighlight(JavaDocumentHighlightProvider.scala:39)
	at scala.meta.internal.pc.JavaDocumentHighlightProvider.documentHighlight(JavaDocumentHighlightProvider.scala:25)
	at scala.meta.internal.pc.JavaPresentationCompiler.documentHighlight(JavaPresentationCompiler.scala:112)
	at scala.meta.internal.metals.Compilers.$anonfun$documentHighlight$1(Compilers.scala:908)
	at scala.meta.internal.metals.Compilers.$anonfun$withPCAndAdjustLsp$4(Compilers.scala:1543)
	at scala.Option.map(Option.scala:242)
	at scala.meta.internal.metals.Compilers.$anonfun$withPCAndAdjustLsp$3(Compilers.scala:1543)
	at scala.Option.flatMap(Option.scala:283)
	at scala.meta.internal.metals.Compilers.withPCAndAdjustLsp(Compilers.scala:1535)
	at scala.meta.internal.metals.Compilers.documentHighlight(Compilers.scala:903)
	at scala.meta.internal.metals.MetalsLspService.$anonfun$documentHighlights$1(MetalsLspService.scala:1019)
	at scala.meta.internal.metals.CancelTokens$.future(CancelTokens.scala:38)
	at scala.meta.internal.metals.MetalsLspService.documentHighlights(MetalsLspService.scala:1018)
	at scala.meta.internal.metals.WorkspaceLspService.documentHighlights(WorkspaceLspService.scala:541)
	at scala.meta.metals.lsp.DelegatingScalaService.documentHighlights(DelegatingScalaService.scala:83)
	at java.base/jdk.internal.reflect.DirectMethodHandleAccessor.invoke(DirectMethodHandleAccessor.java:103)
	at java.base/java.lang.reflect.Method.invoke(Method.java:580)
	at org.eclipse.lsp4j.jsonrpc.services.GenericEndpoint.lambda$recursiveFindRpcMethods$0(GenericEndpoint.java:65)
	at org.eclipse.lsp4j.jsonrpc.services.GenericEndpoint.request(GenericEndpoint.java:128)
	at org.eclipse.lsp4j.jsonrpc.RemoteEndpoint.handleRequest(RemoteEndpoint.java:265)
	at org.eclipse.lsp4j.jsonrpc.RemoteEndpoint.consume(RemoteEndpoint.java:195)
	at org.eclipse.lsp4j.jsonrpc.json.StreamMessageProducer.handleMessage(StreamMessageProducer.java:189)
	at org.eclipse.lsp4j.jsonrpc.json.StreamMessageProducer.listen(StreamMessageProducer.java:97)
	at org.eclipse.lsp4j.jsonrpc.json.ConcurrentMessageProcessor.run(ConcurrentMessageProcessor.java:97)
	at java.base/java.util.concurrent.Executors$RunnableAdapter.call(Executors.java:572)
	at java.base/java.util.concurrent.FutureTask.run(FutureTask.java:317)
	at java.base/java.util.concurrent.ThreadPoolExecutor.runWorker(ThreadPoolExecutor.java:1144)
	at java.base/java.util.concurrent.ThreadPoolExecutor$Worker.run(ThreadPoolExecutor.java:642)
	at java.base/java.lang.Thread.run(Thread.java:1583)
Caused by: java.lang.IllegalAccessError: class lombok.javac.apt.LombokProcessor (in unnamed module @0x4399483d) cannot access class com.sun.tools.javac.processing.JavacProcessingEnvironment (in module jdk.compiler) because module jdk.compiler does not export com.sun.tools.javac.processing to unnamed module @0x4399483d
	at lombok.javac.apt.LombokProcessor.getJavacProcessingEnvironment(LombokProcessor.java:419)
	at lombok.javac.apt.LombokProcessor.init(LombokProcessor.java:90)
	at lombok.core.AnnotationProcessor$JavacDescriptor.want(AnnotationProcessor.java:124)
	at lombok.core.AnnotationProcessor.init(AnnotationProcessor.java:177)
	at lombok.launch.AnnotationProcessorHider$AnnotationProcessor.init(AnnotationProcessor.java:73)
	at jdk.compiler/com.sun.tools.javac.processing.JavacProcessingEnvironment$ProcessorState.<init>(JavacProcessingEnvironment.java:699)
	at jdk.compiler/com.sun.tools.javac.processing.JavacProcessingEnvironment$DiscoveredProcessors$ProcessorStateIterator.next(JavacProcessingEnvironment.java:826)
	at jdk.compiler/com.sun.tools.javac.processing.JavacProcessingEnvironment.discoverAndRunProcs(JavacProcessingEnvironment.java:922)
	at jdk.compiler/com.sun.tools.javac.processing.JavacProcessingEnvironment$Round.run(JavacProcessingEnvironment.java:1265)
	at jdk.compiler/com.sun.tools.javac.processing.JavacProcessingEnvironment.doProcessing(JavacProcessingEnvironment.java:1380)
	at jdk.compiler/com.sun.tools.javac.main.JavaCompiler.processAnnotations(JavaCompiler.java:1272)
	at jdk.compiler/com.sun.tools.javac.main.JavaCompiler.processAnnotations(JavaCompiler.java:1171)
	at jdk.compiler/com.sun.tools.javac.api.JavacTaskImpl.enter(JavacTaskImpl.java:348)
	at jdk.compiler/com.sun.tools.javac.api.JavacTaskImpl.analyze(JavacTaskImpl.java:399)
	at jdk.compiler/com.sun.tools.javac.api.JavacTaskImpl.lambda$analyze$1(JavacTaskImpl.java:379)
	at jdk.compiler/com.sun.tools.javac.api.JavacTaskImpl.invocationHelper(JavacTaskImpl.java:152)
	... 31 more

2026.03.09 20:54:46 WARN  Unexpected javac output: warning: [options] system modules path not set in conjunction with -source 13
Note: Annotation processing is enabled because one or more processors were found
  on the class path. A future release of javac may disable annotation processing
  unless at least one processor is specified by name (-processor), or a search
  path is specified (--processor-path, --processor-module-path), or annotation
  processing is enabled explicitly (-proc:only, -proc:full).
  Use -Xlint:-options to suppress this message.
  Use -proc:none to disable annotation processing.
1 warning


An annotation processor threw an uncaught exception.
Consult the following stack trace for details.
java.lang.IllegalAccessError: class lombok.javac.apt.LombokProcessor (in unnamed module @0x21ba0741) cannot access class com.sun.tools.javac.processing.JavacProcessingEnvironment (in module jdk.compiler) because module jdk.compiler does not export com.sun.tools.javac.processing to unnamed module @0x21ba0741
	at lombok.javac.apt.LombokProcessor.getJavacProcessingEnvironment(LombokProcessor.java:419)
	at lombok.javac.apt.LombokProcessor.init(LombokProcessor.java:90)
	at lombok.core.AnnotationProcessor$JavacDescriptor.want(AnnotationProcessor.java:124)
	at lombok.core.AnnotationProcessor.init(AnnotationProcessor.java:177)
	at lombok.launch.AnnotationProcessorHider$AnnotationProcessor.init(AnnotationProcessor.java:73)
	at jdk.compiler/com.sun.tools.javac.processing.JavacProcessingEnvironment$ProcessorState.<init>(JavacProcessingEnvironment.java:699)
	at jdk.compiler/com.sun.tools.javac.processing.JavacProcessingEnvironment$DiscoveredProcessors$ProcessorStateIterator.next(JavacProcessingEnvironment.java:826)
	at jdk.compiler/com.sun.tools.javac.processing.JavacProcessingEnvironment.discoverAndRunProcs(JavacProcessingEnvironment.java:922)
	at jdk.compiler/com.sun.tools.javac.processing.JavacProcessingEnvironment$Round.run(JavacProcessingEnvironment.java:1265)
	at jdk.compiler/com.sun.tools.javac.processing.JavacProcessingEnvironment.doProcessing(JavacProcessingEnvironment.java:1380)
	at jdk.compiler/com.sun.tools.javac.main.JavaCompiler.processAnnotations(JavaCompiler.java:1272)
	at jdk.compiler/com.sun.tools.javac.main.JavaCompiler.compile(JavaCompiler.java:946)
	at jdk.compiler/com.sun.tools.javac.main.Main.compile(Main.java:319)
	at jdk.compiler/com.sun.tools.javac.main.Main.compile(Main.java:178)
	at jdk.compiler/com.sun.tools.javac.Main.compile(Main.java:64)
	at jdk.compiler/com.sun.tools.javac.Main.main(Main.java:50).[0m
2026.03.09 20:54:46 WARN  javac: [options] system modules path not set in conjunction with -source 13[0m
2026.03.09 20:54:46 INFO  Note: Annotation processing is enabled because one or more processors were found[0m
2026.03.09 20:54:46 WARN  javac exited with exit code 3[0m
2026.03.09 20:54:46 INFO  time: compiled movie-service in 2.51s[0m
mars 09, 2026 8:55:01 PM org.eclipse.lsp4j.jsonrpc.RemoteEndpoint fallbackResponseError
GRAVE: Internal error: java.lang.IllegalAccessError: class lombok.javac.apt.LombokProcessor (in unnamed module @0x352e6f1e) cannot access class com.sun.tools.javac.processing.JavacProcessingEnvironment (in module jdk.compiler) because module jdk.compiler does not export com.sun.tools.javac.processing to unnamed module @0x352e6f1e
java.lang.RuntimeException: java.lang.IllegalAccessError: class lombok.javac.apt.LombokProcessor (in unnamed module @0x352e6f1e) cannot access class com.sun.tools.javac.processing.JavacProcessingEnvironment (in module jdk.compiler) because module jdk.compiler does not export com.sun.tools.javac.processing to unnamed module @0x352e6f1e
	at jdk.compiler/com.sun.tools.javac.api.JavacTaskImpl.invocationHelper(JavacTaskImpl.java:168)
	at jdk.compiler/com.sun.tools.javac.api.JavacTaskImpl.analyze(JavacTaskImpl.java:379)
	at scala.meta.internal.pc.JavaMetalsGlobal$.scanner(JavaMetalsGlobal.scala:340)
	at scala.meta.internal.pc.JavaHoverProvider.hoverOffset(JavaHoverProvider.scala:49)
	at scala.meta.internal.pc.JavaHoverProvider.hover(JavaHoverProvider.scala:37)
	at scala.meta.internal.pc.JavaPresentationCompiler.hover(JavaPresentationCompiler.scala:80)
	at scala.meta.internal.metals.Compilers.$anonfun$hover$1(Compilers.scala:1134)
	at scala.meta.internal.metals.Compilers.$anonfun$withPCAndAdjustLsp$12(Compilers.scala:1628)
	at scala.Option.map(Option.scala:242)
	at scala.meta.internal.metals.Compilers.$anonfun$withPCAndAdjustLsp$10(Compilers.scala:1628)
	at scala.Option.flatMap(Option.scala:283)
	at scala.meta.internal.metals.Compilers.withPCAndAdjustLsp(Compilers.scala:1610)
	at scala.meta.internal.metals.Compilers.hover(Compilers.scala:1129)
	at scala.meta.internal.metals.MetalsLspService.$anonfun$hover$1(MetalsLspService.scala:985)
	at scala.meta.internal.metals.CancelTokens$.future(CancelTokens.scala:38)
	at scala.meta.internal.metals.MetalsLspService.hover(MetalsLspService.scala:983)
	at scala.meta.internal.metals.WorkspaceLspService.hover(WorkspaceLspService.scala:524)
	at scala.meta.metals.lsp.DelegatingScalaService.hover(DelegatingScalaService.scala:78)
	at java.base/jdk.internal.reflect.DirectMethodHandleAccessor.invoke(DirectMethodHandleAccessor.java:103)
	at java.base/java.lang.reflect.Method.invoke(Method.java:580)
	at org.eclipse.lsp4j.jsonrpc.services.GenericEndpoint.lambda$recursiveFindRpcMethods$0(GenericEndpoint.java:65)
	at org.eclipse.lsp4j.jsonrpc.services.GenericEndpoint.request(GenericEndpoint.java:128)
	at org.eclipse.lsp4j.jsonrpc.RemoteEndpoint.handleRequest(RemoteEndpoint.java:265)
	at org.eclipse.lsp4j.jsonrpc.RemoteEndpoint.consume(RemoteEndpoint.java:195)
	at org.eclipse.lsp4j.jsonrpc.json.StreamMessageProducer.handleMessage(StreamMessageProducer.java:189)
	at org.eclipse.lsp4j.jsonrpc.json.StreamMessageProducer.listen(StreamMessageProducer.java:97)
	at org.eclipse.lsp4j.jsonrpc.json.ConcurrentMessageProcessor.run(ConcurrentMessageProcessor.java:97)
	at java.base/java.util.concurrent.Executors$RunnableAdapter.call(Executors.java:572)
	at java.base/java.util.concurrent.FutureTask.run(FutureTask.java:317)
	at java.base/java.util.concurrent.ThreadPoolExecutor.runWorker(ThreadPoolExecutor.java:1144)
	at java.base/java.util.concurrent.ThreadPoolExecutor$Worker.run(ThreadPoolExecutor.java:642)
	at java.base/java.lang.Thread.run(Thread.java:1583)
Caused by: java.lang.IllegalAccessError: class lombok.javac.apt.LombokProcessor (in unnamed module @0x352e6f1e) cannot access class com.sun.tools.javac.processing.JavacProcessingEnvironment (in module jdk.compiler) because module jdk.compiler does not export com.sun.tools.javac.processing to unnamed module @0x352e6f1e
	at lombok.javac.apt.LombokProcessor.getJavacProcessingEnvironment(LombokProcessor.java:419)
	at lombok.javac.apt.LombokProcessor.init(LombokProcessor.java:90)
	at lombok.core.AnnotationProcessor$JavacDescriptor.want(AnnotationProcessor.java:124)
	at lombok.core.AnnotationProcessor.init(AnnotationProcessor.java:177)
	at lombok.launch.AnnotationProcessorHider$AnnotationProcessor.init(AnnotationProcessor.java:73)
	at jdk.compiler/com.sun.tools.javac.processing.JavacProcessingEnvironment$ProcessorState.<init>(JavacProcessingEnvironment.java:699)
	at jdk.compiler/com.sun.tools.javac.processing.JavacProcessingEnvironment$DiscoveredProcessors$ProcessorStateIterator.next(JavacProcessingEnvironment.java:826)
	at jdk.compiler/com.sun.tools.javac.processing.JavacProcessingEnvironment.discoverAndRunProcs(JavacProcessingEnvironment.java:922)
	at jdk.compiler/com.sun.tools.javac.processing.JavacProcessingEnvironment$Round.run(JavacProcessingEnvironment.java:1265)
	at jdk.compiler/com.sun.tools.javac.processing.JavacProcessingEnvironment.doProcessing(JavacProcessingEnvironment.java:1380)
	at jdk.compiler/com.sun.tools.javac.main.JavaCompiler.processAnnotations(JavaCompiler.java:1272)
	at jdk.compiler/com.sun.tools.javac.main.JavaCompiler.processAnnotations(JavaCompiler.java:1171)
	at jdk.compiler/com.sun.tools.javac.api.JavacTaskImpl.enter(JavacTaskImpl.java:348)
	at jdk.compiler/com.sun.tools.javac.api.JavacTaskImpl.analyze(JavacTaskImpl.java:399)
	at jdk.compiler/com.sun.tools.javac.api.JavacTaskImpl.lambda$analyze$1(JavacTaskImpl.java:379)
	at jdk.compiler/com.sun.tools.javac.api.JavacTaskImpl.invocationHelper(JavacTaskImpl.java:152)
	... 31 more

mars 09, 2026 8:55:01 PM org.eclipse.lsp4j.jsonrpc.RemoteEndpoint handleCancellation
AVERTISSEMENT: Unmatched cancel notification for request id 393
mars 09, 2026 8:55:01 PM org.eclipse.lsp4j.jsonrpc.RemoteEndpoint fallbackResponseError
GRAVE: Internal error: java.lang.IllegalAccessError: class lombok.javac.apt.LombokProcessor (in unnamed module @0x6ec1bbe7) cannot access class com.sun.tools.javac.processing.JavacProcessingEnvironment (in module jdk.compiler) because module jdk.compiler does not export com.sun.tools.javac.processing to unnamed module @0x6ec1bbe7
java.lang.RuntimeException: java.lang.IllegalAccessError: class lombok.javac.apt.LombokProcessor (in unnamed module @0x6ec1bbe7) cannot access class com.sun.tools.javac.processing.JavacProcessingEnvironment (in module jdk.compiler) because module jdk.compiler does not export com.sun.tools.javac.processing to unnamed module @0x6ec1bbe7
	at jdk.compiler/com.sun.tools.javac.api.JavacTaskImpl.invocationHelper(JavacTaskImpl.java:168)
	at jdk.compiler/com.sun.tools.javac.api.JavacTaskImpl.analyze(JavacTaskImpl.java:379)
	at scala.meta.internal.pc.JavaMetalsGlobal$.scanner(JavaMetalsGlobal.scala:340)
	at scala.meta.internal.pc.JavaDocumentHighlightProvider.documentHighlight(JavaDocumentHighlightProvider.scala:39)
	at scala.meta.internal.pc.JavaDocumentHighlightProvider.documentHighlight(JavaDocumentHighlightProvider.scala:25)
	at scala.meta.internal.pc.JavaPresentationCompiler.documentHighlight(JavaPresentationCompiler.scala:112)
	at scala.meta.internal.metals.Compilers.$anonfun$documentHighlight$1(Compilers.scala:908)
	at scala.meta.internal.metals.Compilers.$anonfun$withPCAndAdjustLsp$4(Compilers.scala:1543)
	at scala.Option.map(Option.scala:242)
	at scala.meta.internal.metals.Compilers.$anonfun$withPCAndAdjustLsp$3(Compilers.scala:1543)
	at scala.Option.flatMap(Option.scala:283)
	at scala.meta.internal.metals.Compilers.withPCAndAdjustLsp(Compilers.scala:1535)
	at scala.meta.internal.metals.Compilers.documentHighlight(Compilers.scala:903)
	at scala.meta.internal.metals.MetalsLspService.$anonfun$documentHighlights$1(MetalsLspService.scala:1019)
	at scala.meta.internal.metals.CancelTokens$.future(CancelTokens.scala:38)
	at scala.meta.internal.metals.MetalsLspService.documentHighlights(MetalsLspService.scala:1018)
	at scala.meta.internal.metals.WorkspaceLspService.documentHighlights(WorkspaceLspService.scala:541)
	at scala.meta.metals.lsp.DelegatingScalaService.documentHighlights(DelegatingScalaService.scala:83)
	at java.base/jdk.internal.reflect.DirectMethodHandleAccessor.invoke(DirectMethodHandleAccessor.java:103)
	at java.base/java.lang.reflect.Method.invoke(Method.java:580)
	at org.eclipse.lsp4j.jsonrpc.services.GenericEndpoint.lambda$recursiveFindRpcMethods$0(GenericEndpoint.java:65)
	at org.eclipse.lsp4j.jsonrpc.services.GenericEndpoint.request(GenericEndpoint.java:128)
	at org.eclipse.lsp4j.jsonrpc.RemoteEndpoint.handleRequest(RemoteEndpoint.java:265)
	at org.eclipse.lsp4j.jsonrpc.RemoteEndpoint.consume(RemoteEndpoint.java:195)
	at org.eclipse.lsp4j.jsonrpc.json.StreamMessageProducer.handleMessage(StreamMessageProducer.java:189)
	at org.eclipse.lsp4j.jsonrpc.json.StreamMessageProducer.listen(StreamMessageProducer.java:97)
	at org.eclipse.lsp4j.jsonrpc.json.ConcurrentMessageProcessor.run(ConcurrentMessageProcessor.java:97)
	at java.base/java.util.concurrent.Executors$RunnableAdapter.call(Executors.java:572)
	at java.base/java.util.concurrent.FutureTask.run(FutureTask.java:317)
	at java.base/java.util.concurrent.ThreadPoolExecutor.runWorker(ThreadPoolExecutor.java:1144)
	at java.base/java.util.concurrent.ThreadPoolExecutor$Worker.run(ThreadPoolExecutor.java:642)
	at java.base/java.lang.Thread.run(Thread.java:1583)
Caused by: java.lang.IllegalAccessError: class lombok.javac.apt.LombokProcessor (in unnamed module @0x6ec1bbe7) cannot access class com.sun.tools.javac.processing.JavacProcessingEnvironment (in module jdk.compiler) because module jdk.compiler does not export com.sun.tools.javac.processing to unnamed module @0x6ec1bbe7
	at lombok.javac.apt.LombokProcessor.getJavacProcessingEnvironment(LombokProcessor.java:419)
	at lombok.javac.apt.LombokProcessor.init(LombokProcessor.java:90)
	at lombok.core.AnnotationProcessor$JavacDescriptor.want(AnnotationProcessor.java:124)
	at lombok.core.AnnotationProcessor.init(AnnotationProcessor.java:177)
	at lombok.launch.AnnotationProcessorHider$AnnotationProcessor.init(AnnotationProcessor.java:73)
	at jdk.compiler/com.sun.tools.javac.processing.JavacProcessingEnvironment$ProcessorState.<init>(JavacProcessingEnvironment.java:699)
	at jdk.compiler/com.sun.tools.javac.processing.JavacProcessingEnvironment$DiscoveredProcessors$ProcessorStateIterator.next(JavacProcessingEnvironment.java:826)
	at jdk.compiler/com.sun.tools.javac.processing.JavacProcessingEnvironment.discoverAndRunProcs(JavacProcessingEnvironment.java:922)
	at jdk.compiler/com.sun.tools.javac.processing.JavacProcessingEnvironment$Round.run(JavacProcessingEnvironment.java:1265)
	at jdk.compiler/com.sun.tools.javac.processing.JavacProcessingEnvironment.doProcessing(JavacProcessingEnvironment.java:1380)
	at jdk.compiler/com.sun.tools.javac.main.JavaCompiler.processAnnotations(JavaCompiler.java:1272)
	at jdk.compiler/com.sun.tools.javac.main.JavaCompiler.processAnnotations(JavaCompiler.java:1171)
	at jdk.compiler/com.sun.tools.javac.api.JavacTaskImpl.enter(JavacTaskImpl.java:348)
	at jdk.compiler/com.sun.tools.javac.api.JavacTaskImpl.analyze(JavacTaskImpl.java:399)
	at jdk.compiler/com.sun.tools.javac.api.JavacTaskImpl.lambda$analyze$1(JavacTaskImpl.java:379)
	at jdk.compiler/com.sun.tools.javac.api.JavacTaskImpl.invocationHelper(JavacTaskImpl.java:152)
	... 31 more

mars 09, 2026 8:55:05 PM org.eclipse.lsp4j.jsonrpc.RemoteEndpoint fallbackResponseError
GRAVE: Internal error: java.lang.IllegalAccessError: class lombok.javac.apt.LombokProcessor (in unnamed module @0x4fb54531) cannot access class com.sun.tools.javac.processing.JavacProcessingEnvironment (in module jdk.compiler) because module jdk.compiler does not export com.sun.tools.javac.processing to unnamed module @0x4fb54531
java.lang.RuntimeException: java.lang.IllegalAccessError: class lombok.javac.apt.LombokProcessor (in unnamed module @0x4fb54531) cannot access class com.sun.tools.javac.processing.JavacProcessingEnvironment (in module jdk.compiler) because module jdk.compiler does not export com.sun.tools.javac.processing to unnamed module @0x4fb54531
	at jdk.compiler/com.sun.tools.javac.api.JavacTaskImpl.invocationHelper(JavacTaskImpl.java:168)
	at jdk.compiler/com.sun.tools.javac.api.JavacTaskImpl.analyze(JavacTaskImpl.java:379)
	at scala.meta.internal.pc.JavaMetalsGlobal$.scanner(JavaMetalsGlobal.scala:340)
	at scala.meta.internal.pc.JavaHoverProvider.hoverOffset(JavaHoverProvider.scala:49)
	at scala.meta.internal.pc.JavaHoverProvider.hover(JavaHoverProvider.scala:37)
	at scala.meta.internal.pc.JavaPresentationCompiler.hover(JavaPresentationCompiler.scala:80)
	at scala.meta.internal.metals.Compilers.$anonfun$hover$1(Compilers.scala:1134)
	at scala.meta.internal.metals.Compilers.$anonfun$withPCAndAdjustLsp$12(Compilers.scala:1628)
	at scala.Option.map(Option.scala:242)
	at scala.meta.internal.metals.Compilers.$anonfun$withPCAndAdjustLsp$10(Compilers.scala:1628)
	at scala.Option.flatMap(Option.scala:283)
	at scala.meta.internal.metals.Compilers.withPCAndAdjustLsp(Compilers.scala:1610)
	at scala.meta.internal.metals.Compilers.hover(Compilers.scala:1129)
	at scala.meta.internal.metals.MetalsLspService.$anonfun$hover$1(MetalsLspService.scala:985)
	at scala.meta.internal.metals.CancelTokens$.future(CancelTokens.scala:38)
	at scala.meta.internal.metals.MetalsLspService.hover(MetalsLspService.scala:983)
	at scala.meta.internal.metals.WorkspaceLspService.hover(WorkspaceLspService.scala:524)
	at scala.meta.metals.lsp.DelegatingScalaService.hover(DelegatingScalaService.scala:78)
	at java.base/jdk.internal.reflect.DirectMethodHandleAccessor.invoke(DirectMethodHandleAccessor.java:103)
	at java.base/java.lang.reflect.Method.invoke(Method.java:580)
	at org.eclipse.lsp4j.jsonrpc.services.GenericEndpoint.lambda$recursiveFindRpcMethods$0(GenericEndpoint.java:65)
	at org.eclipse.lsp4j.jsonrpc.services.GenericEndpoint.request(GenericEndpoint.java:128)
	at org.eclipse.lsp4j.jsonrpc.RemoteEndpoint.handleRequest(RemoteEndpoint.java:265)
	at org.eclipse.lsp4j.jsonrpc.RemoteEndpoint.consume(RemoteEndpoint.java:195)
	at org.eclipse.lsp4j.jsonrpc.json.StreamMessageProducer.handleMessage(StreamMessageProducer.java:189)
	at org.eclipse.lsp4j.jsonrpc.json.StreamMessageProducer.listen(StreamMessageProducer.java:97)
	at org.eclipse.lsp4j.jsonrpc.json.ConcurrentMessageProcessor.run(ConcurrentMessageProcessor.java:97)
	at java.base/java.util.concurrent.Executors$RunnableAdapter.call(Executors.java:572)
	at java.base/java.util.concurrent.FutureTask.run(FutureTask.java:317)
	at java.base/java.util.concurrent.ThreadPoolExecutor.runWorker(ThreadPoolExecutor.java:1144)
	at java.base/java.util.concurrent.ThreadPoolExecutor$Worker.run(ThreadPoolExecutor.java:642)
	at java.base/java.lang.Thread.run(Thread.java:1583)
Caused by: java.lang.IllegalAccessError: class lombok.javac.apt.LombokProcessor (in unnamed module @0x4fb54531) cannot access class com.sun.tools.javac.processing.JavacProcessingEnvironment (in module jdk.compiler) because module jdk.compiler does not export com.sun.tools.javac.processing to unnamed module @0x4fb54531
	at lombok.javac.apt.LombokProcessor.getJavacProcessingEnvironment(LombokProcessor.java:419)
	at lombok.javac.apt.LombokProcessor.init(LombokProcessor.java:90)
	at lombok.core.AnnotationProcessor$JavacDescriptor.want(AnnotationProcessor.java:124)
	at lombok.core.AnnotationProcessor.init(AnnotationProcessor.java:177)
	at lombok.launch.AnnotationProcessorHider$AnnotationProcessor.init(AnnotationProcessor.java:73)
	at jdk.compiler/com.sun.tools.javac.processing.JavacProcessingEnvironment$ProcessorState.<init>(JavacProcessingEnvironment.java:699)
	at jdk.compiler/com.sun.tools.javac.processing.JavacProcessingEnvironment$DiscoveredProcessors$ProcessorStateIterator.next(JavacProcessingEnvironment.java:826)
	at jdk.compiler/com.sun.tools.javac.processing.JavacProcessingEnvironment.discoverAndRunProcs(JavacProcessingEnvironment.java:922)
	at jdk.compiler/com.sun.tools.javac.processing.JavacProcessingEnvironment$Round.run(JavacProcessingEnvironment.java:1265)
	at jdk.compiler/com.sun.tools.javac.processing.JavacProcessingEnvironment.doProcessing(JavacProcessingEnvironment.java:1380)
	at jdk.compiler/com.sun.tools.javac.main.JavaCompiler.processAnnotations(JavaCompiler.java:1272)
	at jdk.compiler/com.sun.tools.javac.main.JavaCompiler.processAnnotations(JavaCompiler.java:1171)
	at jdk.compiler/com.sun.tools.javac.api.JavacTaskImpl.enter(JavacTaskImpl.java:348)
	at jdk.compiler/com.sun.tools.javac.api.JavacTaskImpl.analyze(JavacTaskImpl.java:399)
	at jdk.compiler/com.sun.tools.javac.api.JavacTaskImpl.lambda$analyze$1(JavacTaskImpl.java:379)
	at jdk.compiler/com.sun.tools.javac.api.JavacTaskImpl.invocationHelper(JavacTaskImpl.java:152)
	... 31 more

mars 09, 2026 8:55:05 PM org.eclipse.lsp4j.jsonrpc.RemoteEndpoint handleCancellation
AVERTISSEMENT: Unmatched cancel notification for request id 398
mars 09, 2026 8:55:06 PM org.eclipse.lsp4j.jsonrpc.RemoteEndpoint fallbackResponseError
GRAVE: Internal error: java.lang.IllegalAccessError: class lombok.javac.apt.LombokProcessor (in unnamed module @0x4aaec07c) cannot access class com.sun.tools.javac.processing.JavacProcessingEnvironment (in module jdk.compiler) because module jdk.compiler does not export com.sun.tools.javac.processing to unnamed module @0x4aaec07c
java.lang.RuntimeException: java.lang.IllegalAccessError: class lombok.javac.apt.LombokProcessor (in unnamed module @0x4aaec07c) cannot access class com.sun.tools.javac.processing.JavacProcessingEnvironment (in module jdk.compiler) because module jdk.compiler does not export com.sun.tools.javac.processing to unnamed module @0x4aaec07c
	at jdk.compiler/com.sun.tools.javac.api.JavacTaskImpl.invocationHelper(JavacTaskImpl.java:168)
	at jdk.compiler/com.sun.tools.javac.api.JavacTaskImpl.analyze(JavacTaskImpl.java:379)
	at scala.meta.internal.pc.JavaMetalsGlobal$.scanner(JavaMetalsGlobal.scala:340)
	at scala.meta.internal.pc.JavaHoverProvider.hoverOffset(JavaHoverProvider.scala:49)
	at scala.meta.internal.pc.JavaHoverProvider.hover(JavaHoverProvider.scala:37)
	at scala.meta.internal.pc.JavaPresentationCompiler.hover(JavaPresentationCompiler.scala:80)
	at scala.meta.internal.metals.Compilers.$anonfun$hover$1(Compilers.scala:1134)
	at scala.meta.internal.metals.Compilers.$anonfun$withPCAndAdjustLsp$12(Compilers.scala:1628)
	at scala.Option.map(Option.scala:242)
	at scala.meta.internal.metals.Compilers.$anonfun$withPCAndAdjustLsp$10(Compilers.scala:1628)
	at scala.Option.flatMap(Option.scala:283)
	at scala.meta.internal.metals.Compilers.withPCAndAdjustLsp(Compilers.scala:1610)
	at scala.meta.internal.metals.Compilers.hover(Compilers.scala:1129)
	at scala.meta.internal.metals.MetalsLspService.$anonfun$hover$1(MetalsLspService.scala:985)
	at scala.meta.internal.metals.CancelTokens$.future(CancelTokens.scala:38)
	at scala.meta.internal.metals.MetalsLspService.hover(MetalsLspService.scala:983)
	at scala.meta.internal.metals.WorkspaceLspService.hover(WorkspaceLspService.scala:524)
	at scala.meta.metals.lsp.DelegatingScalaService.hover(DelegatingScalaService.scala:78)
	at java.base/jdk.internal.reflect.DirectMethodHandleAccessor.invoke(DirectMethodHandleAccessor.java:103)
	at java.base/java.lang.reflect.Method.invoke(Method.java:580)
	at org.eclipse.lsp4j.jsonrpc.services.GenericEndpoint.lambda$recursiveFindRpcMethods$0(GenericEndpoint.java:65)
	at org.eclipse.lsp4j.jsonrpc.services.GenericEndpoint.request(GenericEndpoint.java:128)
	at org.eclipse.lsp4j.jsonrpc.RemoteEndpoint.handleRequest(RemoteEndpoint.java:265)
	at org.eclipse.lsp4j.jsonrpc.RemoteEndpoint.consume(RemoteEndpoint.java:195)
	at org.eclipse.lsp4j.jsonrpc.json.StreamMessageProducer.handleMessage(StreamMessageProducer.java:189)
	at org.eclipse.lsp4j.jsonrpc.json.StreamMessageProducer.listen(StreamMessageProducer.java:97)
	at org.eclipse.lsp4j.jsonrpc.json.ConcurrentMessageProcessor.run(ConcurrentMessageProcessor.java:97)
	at java.base/java.util.concurrent.Executors$RunnableAdapter.call(Executors.java:572)
	at java.base/java.util.concurrent.FutureTask.run(FutureTask.java:317)
	at java.base/java.util.concurrent.ThreadPoolExecutor.runWorker(ThreadPoolExecutor.java:1144)
	at java.base/java.util.concurrent.ThreadPoolExecutor$Worker.run(ThreadPoolExecutor.java:642)
	at java.base/java.lang.Thread.run(Thread.java:1583)
Caused by: java.lang.IllegalAccessError: class lombok.javac.apt.LombokProcessor (in unnamed module @0x4aaec07c) cannot access class com.sun.tools.javac.processing.JavacProcessingEnvironment (in module jdk.compiler) because module jdk.compiler does not export com.sun.tools.javac.processing to unnamed module @0x4aaec07c
	at lombok.javac.apt.LombokProcessor.getJavacProcessingEnvironment(LombokProcessor.java:419)
	at lombok.javac.apt.LombokProcessor.init(LombokProcessor.java:90)
	at lombok.core.AnnotationProcessor$JavacDescriptor.want(AnnotationProcessor.java:124)
	at lombok.core.AnnotationProcessor.init(AnnotationProcessor.java:177)
	at lombok.launch.AnnotationProcessorHider$AnnotationProcessor.init(AnnotationProcessor.java:73)
	at jdk.compiler/com.sun.tools.javac.processing.JavacProcessingEnvironment$ProcessorState.<init>(JavacProcessingEnvironment.java:699)
	at jdk.compiler/com.sun.tools.javac.processing.JavacProcessingEnvironment$DiscoveredProcessors$ProcessorStateIterator.next(JavacProcessingEnvironment.java:826)
	at jdk.compiler/com.sun.tools.javac.processing.JavacProcessingEnvironment.discoverAndRunProcs(JavacProcessingEnvironment.java:922)
	at jdk.compiler/com.sun.tools.javac.processing.JavacProcessingEnvironment$Round.run(JavacProcessingEnvironment.java:1265)
	at jdk.compiler/com.sun.tools.javac.processing.JavacProcessingEnvironment.doProcessing(JavacProcessingEnvironment.java:1380)
	at jdk.compiler/com.sun.tools.javac.main.JavaCompiler.processAnnotations(JavaCompiler.java:1272)
	at jdk.compiler/com.sun.tools.javac.main.JavaCompiler.processAnnotations(JavaCompiler.java:1171)
	at jdk.compiler/com.sun.tools.javac.api.JavacTaskImpl.enter(JavacTaskImpl.java:348)
	at jdk.compiler/com.sun.tools.javac.api.JavacTaskImpl.analyze(JavacTaskImpl.java:399)
	at jdk.compiler/com.sun.tools.javac.api.JavacTaskImpl.lambda$analyze$1(JavacTaskImpl.java:379)
	at jdk.compiler/com.sun.tools.javac.api.JavacTaskImpl.invocationHelper(JavacTaskImpl.java:152)
	... 31 more

mars 09, 2026 8:55:06 PM org.eclipse.lsp4j.jsonrpc.RemoteEndpoint handleCancellation
AVERTISSEMENT: Unmatched cancel notification for request id 399
mars 09, 2026 8:55:34 PM org.eclipse.lsp4j.jsonrpc.RemoteEndpoint fallbackResponseError
GRAVE: Internal error: java.lang.IllegalAccessError: class lombok.javac.apt.LombokProcessor (in unnamed module @0xc535241) cannot access class com.sun.tools.javac.processing.JavacProcessingEnvironment (in module jdk.compiler) because module jdk.compiler does not export com.sun.tools.javac.processing to unnamed module @0xc535241
java.lang.RuntimeException: java.lang.IllegalAccessError: class lombok.javac.apt.LombokProcessor (in unnamed module @0xc535241) cannot access class com.sun.tools.javac.processing.JavacProcessingEnvironment (in module jdk.compiler) because module jdk.compiler does not export com.sun.tools.javac.processing to unnamed module @0xc535241
	at jdk.compiler/com.sun.tools.javac.api.JavacTaskImpl.invocationHelper(JavacTaskImpl.java:168)
	at jdk.compiler/com.sun.tools.javac.api.JavacTaskImpl.analyze(JavacTaskImpl.java:379)
	at scala.meta.internal.pc.JavaMetalsGlobal$.scanner(JavaMetalsGlobal.scala:340)
	at scala.meta.internal.pc.JavaHoverProvider.hoverOffset(JavaHoverProvider.scala:49)
	at scala.meta.internal.pc.JavaHoverProvider.$anonfun$hover$1(JavaHoverProvider.scala:35)
	at scala.Option.flatMap(Option.scala:283)
	at scala.meta.internal.pc.JavaHoverProvider.hover(JavaHoverProvider.scala:35)
	at scala.meta.internal.pc.JavaPresentationCompiler.hover(JavaPresentationCompiler.scala:80)
	at scala.meta.internal.metals.Compilers.$anonfun$hover$1(Compilers.scala:1134)
	at scala.meta.internal.metals.Compilers.$anonfun$withPCAndAdjustLsp$11(Compilers.scala:1616)
	at scala.Option.map(Option.scala:242)
	at scala.meta.internal.metals.Compilers.$anonfun$withPCAndAdjustLsp$10(Compilers.scala:1616)
	at scala.Option.flatMap(Option.scala:283)
	at scala.meta.internal.metals.Compilers.withPCAndAdjustLsp(Compilers.scala:1610)
	at scala.meta.internal.metals.Compilers.hover(Compilers.scala:1129)
	at scala.meta.internal.metals.MetalsLspService.$anonfun$hover$1(MetalsLspService.scala:985)
	at scala.meta.internal.metals.CancelTokens$.future(CancelTokens.scala:38)
	at scala.meta.internal.metals.MetalsLspService.hover(MetalsLspService.scala:983)
	at scala.meta.internal.metals.WorkspaceLspService.hover(WorkspaceLspService.scala:524)
	at scala.meta.metals.lsp.DelegatingScalaService.hover(DelegatingScalaService.scala:78)
	at java.base/jdk.internal.reflect.DirectMethodHandleAccessor.invoke(DirectMethodHandleAccessor.java:103)
	at java.base/java.lang.reflect.Method.invoke(Method.java:580)
	at org.eclipse.lsp4j.jsonrpc.services.GenericEndpoint.lambda$recursiveFindRpcMethods$0(GenericEndpoint.java:65)
	at org.eclipse.lsp4j.jsonrpc.services.GenericEndpoint.request(GenericEndpoint.java:128)
	at org.eclipse.lsp4j.jsonrpc.RemoteEndpoint.handleRequest(RemoteEndpoint.java:265)
	at org.eclipse.lsp4j.jsonrpc.RemoteEndpoint.consume(RemoteEndpoint.java:195)
	at org.eclipse.lsp4j.jsonrpc.json.StreamMessageProducer.handleMessage(StreamMessageProducer.java:189)
	at org.eclipse.lsp4j.jsonrpc.json.StreamMessageProducer.listen(StreamMessageProducer.java:97)
	at org.eclipse.lsp4j.jsonrpc.json.ConcurrentMessageProcessor.run(ConcurrentMessageProcessor.java:97)
	at java.base/java.util.concurrent.Executors$RunnableAdapter.call(Executors.java:572)
	at java.base/java.util.concurrent.FutureTask.run(FutureTask.java:317)
	at java.base/java.util.concurrent.ThreadPoolExecutor.runWorker(ThreadPoolExecutor.java:1144)
	at java.base/java.util.concurrent.ThreadPoolExecutor$Worker.run(ThreadPoolExecutor.java:642)
	at java.base/java.lang.Thread.run(Thread.java:1583)
Caused by: java.lang.IllegalAccessError: class lombok.javac.apt.LombokProcessor (in unnamed module @0xc535241) cannot access class com.sun.tools.javac.processing.JavacProcessingEnvironment (in module jdk.compiler) because module jdk.compiler does not export com.sun.tools.javac.processing to unnamed module @0xc535241
	at lombok.javac.apt.LombokProcessor.getJavacProcessingEnvironment(LombokProcessor.java:419)
	at lombok.javac.apt.LombokProcessor.init(LombokProcessor.java:90)
	at lombok.core.AnnotationProcessor$JavacDescriptor.want(AnnotationProcessor.java:124)
	at lombok.core.AnnotationProcessor.init(AnnotationProcessor.java:177)
	at lombok.launch.AnnotationProcessorHider$AnnotationProcessor.init(AnnotationProcessor.java:73)
	at jdk.compiler/com.sun.tools.javac.processing.JavacProcessingEnvironment$ProcessorState.<init>(JavacProcessingEnvironment.java:699)
	at jdk.compiler/com.sun.tools.javac.processing.JavacProcessingEnvironment$DiscoveredProcessors$ProcessorStateIterator.next(JavacProcessingEnvironment.java:826)
	at jdk.compiler/com.sun.tools.javac.processing.JavacProcessingEnvironment.discoverAndRunProcs(JavacProcessingEnvironment.java:922)
	at jdk.compiler/com.sun.tools.javac.processing.JavacProcessingEnvironment$Round.run(JavacProcessingEnvironment.java:1265)
	at jdk.compiler/com.sun.tools.javac.processing.JavacProcessingEnvironment.doProcessing(JavacProcessingEnvironment.java:1380)
	at jdk.compiler/com.sun.tools.javac.main.JavaCompiler.processAnnotations(JavaCompiler.java:1272)
	at jdk.compiler/com.sun.tools.javac.main.JavaCompiler.processAnnotations(JavaCompiler.java:1171)
	at jdk.compiler/com.sun.tools.javac.api.JavacTaskImpl.enter(JavacTaskImpl.java:348)
	at jdk.compiler/com.sun.tools.javac.api.JavacTaskImpl.analyze(JavacTaskImpl.java:399)
	at jdk.compiler/com.sun.tools.javac.api.JavacTaskImpl.lambda$analyze$1(JavacTaskImpl.java:379)
	at jdk.compiler/com.sun.tools.javac.api.JavacTaskImpl.invocationHelper(JavacTaskImpl.java:152)
	... 33 more

mars 09, 2026 8:55:34 PM org.eclipse.lsp4j.jsonrpc.RemoteEndpoint handleCancellation
AVERTISSEMENT: Unmatched cancel notification for request id 428
mars 09, 2026 8:55:36 PM org.eclipse.lsp4j.jsonrpc.RemoteEndpoint fallbackResponseError
GRAVE: Internal error: java.lang.IllegalAccessError: class lombok.javac.apt.LombokProcessor (in unnamed module @0x7c6a20a7) cannot access class com.sun.tools.javac.processing.JavacProcessingEnvironment (in module jdk.compiler) because module jdk.compiler does not export com.sun.tools.javac.processing to unnamed module @0x7c6a20a7
java.lang.RuntimeException: java.lang.IllegalAccessError: class lombok.javac.apt.LombokProcessor (in unnamed module @0x7c6a20a7) cannot access class com.sun.tools.javac.processing.JavacProcessingEnvironment (in module jdk.compiler) because module jdk.compiler does not export com.sun.tools.javac.processing to unnamed module @0x7c6a20a7
	at jdk.compiler/com.sun.tools.javac.api.JavacTaskImpl.invocationHelper(JavacTaskImpl.java:168)
	at jdk.compiler/com.sun.tools.javac.api.JavacTaskImpl.analyze(JavacTaskImpl.java:379)
	at scala.meta.internal.pc.JavaMetalsGlobal$.scanner(JavaMetalsGlobal.scala:340)
	at scala.meta.internal.pc.JavaHoverProvider.hoverOffset(JavaHoverProvider.scala:49)
	at scala.meta.internal.pc.JavaHoverProvider.$anonfun$hover$1(JavaHoverProvider.scala:35)
	at scala.Option.flatMap(Option.scala:283)
	at scala.meta.internal.pc.JavaHoverProvider.hover(JavaHoverProvider.scala:35)
	at scala.meta.internal.pc.JavaPresentationCompiler.hover(JavaPresentationCompiler.scala:80)
	at scala.meta.internal.metals.Compilers.$anonfun$hover$1(Compilers.scala:1134)
	at scala.meta.internal.metals.Compilers.$anonfun$withPCAndAdjustLsp$11(Compilers.scala:1616)
	at scala.Option.map(Option.scala:242)
	at scala.meta.internal.metals.Compilers.$anonfun$withPCAndAdjustLsp$10(Compilers.scala:1616)
	at scala.Option.flatMap(Option.scala:283)
	at scala.meta.internal.metals.Compilers.withPCAndAdjustLsp(Compilers.scala:1610)
	at scala.meta.internal.metals.Compilers.hover(Compilers.scala:1129)
	at scala.meta.internal.metals.MetalsLspService.$anonfun$hover$1(MetalsLspService.scala:985)
	at scala.meta.internal.metals.CancelTokens$.future(CancelTokens.scala:38)
	at scala.meta.internal.metals.MetalsLspService.hover(MetalsLspService.scala:983)
	at scala.meta.internal.metals.WorkspaceLspService.hover(WorkspaceLspService.scala:524)
	at scala.meta.metals.lsp.DelegatingScalaService.hover(DelegatingScalaService.scala:78)
	at java.base/jdk.internal.reflect.DirectMethodHandleAccessor.invoke(DirectMethodHandleAccessor.java:103)
	at java.base/java.lang.reflect.Method.invoke(Method.java:580)
	at org.eclipse.lsp4j.jsonrpc.services.GenericEndpoint.lambda$recursiveFindRpcMethods$0(GenericEndpoint.java:65)
	at org.eclipse.lsp4j.jsonrpc.services.GenericEndpoint.request(GenericEndpoint.java:128)
	at org.eclipse.lsp4j.jsonrpc.RemoteEndpoint.handleRequest(RemoteEndpoint.java:265)
	at org.eclipse.lsp4j.jsonrpc.RemoteEndpoint.consume(RemoteEndpoint.java:195)
	at org.eclipse.lsp4j.jsonrpc.json.StreamMessageProducer.handleMessage(StreamMessageProducer.java:189)
	at org.eclipse.lsp4j.jsonrpc.json.StreamMessageProducer.listen(StreamMessageProducer.java:97)
	at org.eclipse.lsp4j.jsonrpc.json.ConcurrentMessageProcessor.run(ConcurrentMessageProcessor.java:97)
	at java.base/java.util.concurrent.Executors$RunnableAdapter.call(Executors.java:572)
	at java.base/java.util.concurrent.FutureTask.run(FutureTask.java:317)
	at java.base/java.util.concurrent.ThreadPoolExecutor.runWorker(ThreadPoolExecutor.java:1144)
	at java.base/java.util.concurrent.ThreadPoolExecutor$Worker.run(ThreadPoolExecutor.java:642)
	at java.base/java.lang.Thread.run(Thread.java:1583)
Caused by: java.lang.IllegalAccessError: class lombok.javac.apt.LombokProcessor (in unnamed module @0x7c6a20a7) cannot access class com.sun.tools.javac.processing.JavacProcessingEnvironment (in module jdk.compiler) because module jdk.compiler does not export com.sun.tools.javac.processing to unnamed module @0x7c6a20a7
	at lombok.javac.apt.LombokProcessor.getJavacProcessingEnvironment(LombokProcessor.java:419)
	at lombok.javac.apt.LombokProcessor.init(LombokProcessor.java:90)
	at lombok.core.AnnotationProcessor$JavacDescriptor.want(AnnotationProcessor.java:124)
	at lombok.core.AnnotationProcessor.init(AnnotationProcessor.java:177)
	at lombok.launch.AnnotationProcessorHider$AnnotationProcessor.init(AnnotationProcessor.java:73)
	at jdk.compiler/com.sun.tools.javac.processing.JavacProcessingEnvironment$ProcessorState.<init>(JavacProcessingEnvironment.java:699)
	at jdk.compiler/com.sun.tools.javac.processing.JavacProcessingEnvironment$DiscoveredProcessors$ProcessorStateIterator.next(JavacProcessingEnvironment.java:826)
	at jdk.compiler/com.sun.tools.javac.processing.JavacProcessingEnvironment.discoverAndRunProcs(JavacProcessingEnvironment.java:922)
	at jdk.compiler/com.sun.tools.javac.processing.JavacProcessingEnvironment$Round.run(JavacProcessingEnvironment.java:1265)
	at jdk.compiler/com.sun.tools.javac.processing.JavacProcessingEnvironment.doProcessing(JavacProcessingEnvironment.java:1380)
	at jdk.compiler/com.sun.tools.javac.main.JavaCompiler.processAnnotations(JavaCompiler.java:1272)
	at jdk.compiler/com.sun.tools.javac.main.JavaCompiler.processAnnotations(JavaCompiler.java:1171)
	at jdk.compiler/com.sun.tools.javac.api.JavacTaskImpl.enter(JavacTaskImpl.java:348)
	at jdk.compiler/com.sun.tools.javac.api.JavacTaskImpl.analyze(JavacTaskImpl.java:399)
	at jdk.compiler/com.sun.tools.javac.api.JavacTaskImpl.lambda$analyze$1(JavacTaskImpl.java:379)
	at jdk.compiler/com.sun.tools.javac.api.JavacTaskImpl.invocationHelper(JavacTaskImpl.java:152)
	... 33 more

2026.03.09 20:56:38 INFO  compiling movie-service (15 java sources)[0m
